adult,backdrop_path,belongs_to_collection,budget,genres,homepage,id,imdb_id,origin_country,original_language,original_title,overview,popularity,poster_path,production_companies,production_countries,release_date,revenue,runtime,spoken_languages,status,tagline,title,video,vote_average,vote_count
False,/2ssWTSVklAEc98frZUQhgtGHx7s.jpg,,165000000,"[{'id': 12, 'name': 'Adventure'}, {'id': 18, 'name': 'Drama'}, {'id': 878, 'name': 'Science Fiction'}]",http://www.interstellarmovie.net/,157336,tt0816692,['US'],en,Interstellar,The adventures of a group of explorers who make use of a newly discovered wormhole to surpass the limitations on human space travel and conquer the vast distances involved in an interstellar voyage.,59.6559,/yQvGrMoipbRoddT0ZR8tPoR7NfX.jpg,"[{'id': 923, 'logo_path': '/5UQsZrfbfG2dYJbx8DxfoTr2Bvu.png', 'name': 'Legendary Pictures', 'origin_country': 'US'}, {'id': 9996, 'logo_path': '/3tvBqYsBhxWeHlu62SIJ1el93O7.png', 'name': 'Syncopy', 'origin_country': 'GB'}, {'id': 13769, 'logo_path': None, 'name': 'Lynda Obst Productions', 'origin_country': 'US'}]","[{'iso_3166_1': 'GB', 'name': 'United Kingdom'}, {'iso_3166_1': 'US', 'name': 'United States of America'}]",2014-11-05,746606706,169,"[{'english_name': 'English', 'iso_639_1': 'en', 'name': 'English'}]",Released,Mankind was born on Earth. It was never meant to die here.,Interstellar,False,8.47,39440
False,/8ZTVqvKDQ8emSGUEMjsS4yHAwrp.jpg,,160000000,"[{'id': 28, 'name': 'Action'}, {'id': 878, 'name': 'Science Fiction'}, {'id': 12, 'name': 'Adventure'}]",https://www.warnerbros.com/movies/inception,27205,tt1375666,"['US', 'GB']",en,Inception,"Cobb, a skilled thief who commits corporate espionage by infiltrating the subconscious of his targets is offered a chance to regain his old life as payment for a task considered to be impossible: ""inception"", the implantation of another person's idea into a target's subconscious.",37.7947,/xlaY2zyzMfkhk0HSC5VUwzoZPU1.jpg,"[{'id': 923, 'logo_path': '/5UQsZrfbfG2dYJbx8DxfoTr2Bvu.png', 'name': 'Legendary Pictures', 'origin_country': 'US'}, {'id': 9996, 'logo_path': '/3tvBqYsBhxWeHlu62SIJ1el93O7.png', 'name': 'Syncopy', 'origin_country': 'GB'}, {'id': 174, 'logo_path': '/zhD3hhtKB5qyv7ZeL4uLpNxgMVU.png', 'name': 'Warner Bros. Pictures', 'origin_country': 'US'}]","[{'iso_3166_1': 'GB', 'name': 'United Kingdom'}, {'iso_3166_1': 'US', 'name': 'United States of America'}]",2010-07-15,839030630,148,"[{'english_name': 'English', 'iso_639_1': 'en', 'name': 'English'}, {'english_name': 'French', 'iso_639_1': 'fr', 'name': 'Français'}, {'english_name': 'Japanese', 'iso_639_1': 'ja', 'name': '日本語'}, {'english_name': 'Swahili', 'iso_639_1': 'sw', 'name': 'Kiswahili'}]",Released,Your mind is the scene of the crime.,Inception,False,8.4,39047
False,/9BBTo63ANSmhC4e6r62OJFuK2GL.jpg,"{'id': 86311, 'name': 'The Avengers Collection', 'poster_path': '/yFSIUVTCvgYrpalUktulvk3Gi5Y.jpg', 'backdrop_path': '/2UNUv4NJdC36E5myDHACBJ99EwL.jpg'}",220000000,"[{'id': 878, 'name': 'Science Fiction'}, {'id': 28, 'name': 'Action'}, {'id': 12, 'name': 'Adventure'}]",https://www.marvel.com/movies/the-avengers,24428,tt0848228,['US'],en,The Avengers,"When an unexpected enemy emerges and threatens global safety and security, Nick Fury, director of the international peacekeeping agency known as S.H.I.E.L.D., finds himself in need of a team to pull the world back from the brink of disaster. Spanning the globe, a daring recruitment effort begins!",56.9481,/RYMX2wcKCBAr24UyPD7xwmjaTn.jpg,"[{'id': 420, 'logo_path': '/hUzeosd33nzE5MCNsZxCGEKTXaQ.png', 'name': 'Marvel Studios', 'origin_country': 'US'}]","[{'iso_3166_1': 'US', 'name': 'United States of America'}]",2012-04-25,1518815515,143,"[{'english_name': 'English', 'iso_639_1': 'en', 'name': 'English'}, {'english_name': 'Hindi', 'iso_639_1': 'hi', 'name': 'हिन्दी'}, {'english_name': 'Russian', 'iso_639_1': 'ru', 'name': 'Pусский'}]",Released,Some assembly required.,The Avengers,False,8.004,37341
False,/cfT29Im5VDvjE0RpyKOSdCKZal7.jpg,"{'id': 263, 'name': 'The Dark Knight Collection', 'poster_path': '/ogyw5LTmL53dVxsppcy8Dlm30Fu.jpg', 'backdrop_path': '/xyhrCEdB4XRkelfVsqXeUZ6rLHi.jpg'}",185000000,"[{'id': 28, 'name': 'Action'}, {'id': 80, 'name': 'Crime'}, {'id': 53, 'name': 'Thriller'}]",https://www.warnerbros.com/movies/dark-knight/,155,tt0468569,['US'],en,The Dark Knight,"Batman raises the stakes in his war on crime. With the help of Lt. Jim Gordon and District Attorney Harvey Dent, Batman sets out to dismantle the remaining criminal organizations that plague the streets. The partnership proves to be effective, but they soon find themselves prey to a reign of chaos unleashed by a rising criminal mastermind known to the terrified citizens of Gotham as the Joker.",33.2276,/qJ2tW6WMUDux911r6m7haRef0WH.jpg,"[{'id': 174, 'logo_path': '/zhD3hhtKB5qyv7ZeL4uLpNxgMVU.png', 'name': 'Warner Bros. Pictures', 'origin_country': 'US'}, {'id': 923, 'logo_path': '/5UQsZrfbfG2dYJbx8DxfoTr2Bvu.png', 'name': 'Legendary Pictures', 'origin_country': 'US'}, {'id': 9996, 'logo_path': '/3tvBqYsBhxWeHlu62SIJ1el93O7.png', 'name': 'Syncopy', 'origin_country': 'GB'}, {'id': 429, 'logo_path': '/4Y00XuSMuP1gimd0jP6JT57QbCI.png', 'name': 'DC', 'origin_country': 'US'}]","[{'iso_3166_1': 'GB', 'name': 'United Kingdom'}, {'iso_3166_1': 'US', 'name': 'United States of America'}]",2008-07-16,1004558444,152,"[{'english_name': 'English', 'iso_639_1': 'en', 'name': 'English'}, {'english_name': 'Mandarin', 'iso_639_1': 'zh', 'name': '普通话'}]",Released,Welcome to a world without rules.,The Dark Knight,False,8.528,35529
False,/vL5LR6WdxWPjLPFRLe133jXWsh5.jpg,"{'id': 87096, 'name': 'Avatar Collection', 'poster_path': '/3C5brXxnBxfkeKWwA1Fh4xvy4wr.jpg', 'backdrop_path': '/6qkJLRCZp9Y3ovXti5tSuhH0DpO.jpg'}",237000000,"[{'id': 878, 'name': 'Science Fiction'}, {'id': 28, 'name': 'Action'}, {'id': 12, 'name': 'Adventure'}]",https://www.avatar.com/movies/avatar,19995,tt0499549,['US'],en,Avatar,"In the 22nd century, a paraplegic Marine is dispatched to the moon Pandora on a unique mission, but becomes torn between following orders and protecting an alien civilization.",35.388,/gKY6q7SjCkAU6FqvqWybDYgUKIF.jpg,"[{'id': 444, 'logo_path': None, 'name': 'Dune Entertainment', 'origin_country': 'US'}, {'id': 574, 'logo_path': '/8wdmrfGcDx3TJxYiiDksLzAW4pB.png', 'name': 'Lightstorm Entertainment', 'origin_country': 'US'}, {'id': 25, 'logo_path': '/qZCc1lty5FzX30aOCVRBLzaVmcp.png', 'name': '20th Century Fox', 'origin_country': 'US'}, {'id': 133789, 'logo_path': '/bJdeIb1ET3BkyodAASVDq1x3mls.png', 'name': 'Ingenious Film Partners', 'origin_country': 'GB'}]","[{'iso_3166_1': 'US', 'name': 'United States of America'}, {'iso_3166_1': 'GB', 'name': 'United Kingdom'}]",2009-12-16,2923706026,162,"[{'english_name': 'English', 'iso_639_1': 'en', 'name': 'English'}, {'english_name': 'Spanish', 'iso_639_1': 'es', 'name': 'Español'}]",Released,Enter the world of Pandora.,Avatar,False,7.602,33812
False,/en971MEXui9diirXlogOrPKmsEn.jpg,"{'id': 448150, 'name': 'Deadpool Collection', 'poster_path': '/30c5jO7YEXuF8KiWXLg9m28GWDA.jpg', 'backdrop_path': '/dTq7mGyAR5eAydR532feWfjJjzm.jpg'}",58000000,"[{'id': 28, 'name': 'Action'}, {'id': 12, 'name': 'Adventure'}, {'id': 35, 'name': 'Comedy'}]",https://www.20thcenturystudios.com/movies/deadpool,293660,tt1431045,['US'],en,Deadpool,"The origin story of former Special Forces operative turned mercenary Wade Wilson, who, after being subjected to a rogue experiment that leaves him with accelerated healing powers, adopts the alter ego Deadpool. Armed with his new abilities and a dark, twisted sense of humor, Deadpool hunts down the man who nearly destroyed his life.",19.0081,/3E53WEZJqP6aM84D8CckXx4pIHw.jpg,"[{'id': 25, 'logo_path': '/qZCc1lty5FzX30aOCVRBLzaVmcp.png', 'name': '20th Century Fox', 'origin_country': 'US'}, {'id': 431, 'logo_path': '/6dcR1MbRqYgt3jUVYxkHe68GFnZ.png', 'name': ""The Donners' Company"", 'origin_country': 'US'}, {'id': 28788, 'logo_path': '/Aqomtf9oh5dKtxBNEagkdlp3aGv.png', 'name': 'Genre Films', 'origin_country': 'US'}, {'id': 7505, 'logo_path': '/837VMM4wOkODc1idNxGT0KQJlej.png', 'name': 'Marvel Entertainment', 'origin_country': 'US'}]","[{'iso_3166_1': 'US', 'name': 'United States of America'}]",2016-02-09,782837347,108,"[{'english_name': 'English', 'iso_639_1': 'en', 'name': 'English'}]",Released,Feel the love.,Deadpool,False,7.623,32588
False,/c6OLXfKAk5BKeR6broC8pYiCquX.jpg,,63000000,"[{'id': 18, 'name': 'Drama'}, {'id': 53, 'name': 'Thriller'}]",https://www.20thcenturystudios.com/movies/fight-club,550,tt0137523,['US'],en,Fight Club,"A ticking-time-bomb insomniac and a slippery soap salesman channel primal male aggression into a shocking new form of therapy. Their concept catches on, with underground ""fight clubs"" forming in every town, until an eccentric gets in the way and ignites an out-of-control spiral toward oblivion.",26.518,/jSziioSwPVrOy9Yow3XhWIBDjq1.jpg,"[{'id': 711, 'logo_path': '/tEiIH5QesdheJmDAqQwvtN60727.png', 'name': 'Fox 2000 Pictures', 'origin_country': 'US'}, {'id': 508, 'logo_path': '/4sGWXoboEkWPphI6es6rTmqkCBh.png', 'name': 'Regency Enterprises', 'origin_country': 'US'}, {'id': 4700, 'logo_path': '/A32wmjrs9Psf4zw0uaixF0GXfxq.png', 'name': 'Linson Entertainment', 'origin_country': 'US'}, {'id': 25, 'logo_path': '/qZCc1lty5FzX30aOCVRBLzaVmcp.png', 'name': '20th Century Fox', 'origin_country': 'US'}, {'id': 20555, 'logo_path': '/hD8yEGUBlHOcfHYbujp71vD8gZp.png', 'name': 'Taurus Film', 'origin_country': 'DE'}]","[{'iso_3166_1': 'DE', 'name': 'Germany'}, {'iso_3166_1': 'US', 'name': 'United States of America'}]",1999-10-15,100853753,139,"[{'english_name': 'English', 'iso_639_1': 'en', 'name': 'English'}]",Released,Mischief. Mayhem. Soap.,Fight Club,False,8.438,31826
False,/mDfJG3LC3Dqb67AZ52x3Z0jU0uB.jpg,"{'id': 86311, 'name': 'The Avengers Collection', 'poster_path': '/yFSIUVTCvgYrpalUktulvk3Gi5Y.jpg', 'backdrop_path': '/2UNUv4NJdC36E5myDHACBJ99EwL.jpg'}",300000000,"[{'id': 12, 'name': 'Adventure'}, {'id': 28, 'name': 'Action'}, {'id': 878, 'name': 'Science Fiction'}]",https://www.marvel.com/movies/avengers-infinity-war,299536,tt4154756,['US'],en,Avengers: Infinity War,"As the Avengers and their allies have continued to protect the world from threats too large for any one hero to handle, a new danger has emerged from the cosmic shadows: Thanos. A despot of intergalactic infamy, his goal is to collect all six Infinity Stones, artifacts of unimaginable power, and use them to inflict his twisted will on all of reality. Everything the Avengers have fought for has led up to this moment - the fate of Earth and existence itself has never been more uncertain.",48.4983,/7WsyChQLEftFiDOVTGkv3hFpyyt.jpg,"[{'id': 420, 'logo_path': '/hUzeosd33nzE5MCNsZxCGEKTXaQ.png', 'name': 'Marvel Studios', 'origin_country': 'US'}]","[{'iso_3166_1': 'US', 'name': 'United States of America'}]",2018-04-25,2052415039,149,"[{'english_name': 'English', 'iso_639_1': 'en', 'name': 'English'}, {'english_name': 'Xhosa', 'iso_639_1': 'xh', 'name': ''}]",Released,Destiny arrives all the same.,Avengers: Infinity War,False,8.233,31765
False,/zfbjgQE1uSd9wiPTX4VzsLi0rGG.jpg,,25000000,"[{'id': 18, 'name': 'Drama'}, {'id': 80, 'name': 'Crime'}]",,278,tt0111161,['US'],en,The Shawshank Redemption,"Imprisoned in the 1940s for the double murder of his wife and her lover, upstanding banker Andy Dufresne begins a new life at the Shawshank prison, where he puts his accounting skills to work for an amoral warden. During his long stretch in prison, Dufresne comes to be admired by the other inmates -- including an older prisoner named Red -- for his integrity and unquenchable sense of hope.",45.1803,/9cqNxx0GxF0bflZmeSMuL5tnGzr.jpg,"[{'id': 97, 'logo_path': '/smyTD67uNsdaySnnjVDmh0kyotp.png', 'name': 'Castle Rock Entertainment', 'origin_country': 'US'}]","[{'iso_3166_1': 'US', 'name': 'United States of America'}]",1994-09-23,28341469,142,"[{'english_name': 'English', 'iso_639_1': 'en', 'name': 'English'}]",Released,Fear can hold you prisoner. Hope can set you free.,The Shawshank Redemption,False,8.718,30149
False,/suaEOtk1N1sgg2MTM7oZd2cfVp3.jpg,,8000000,"[{'id': 53, 'name': 'Thriller'}, {'id': 80, 'name': 'Crime'}, {'id': 35, 'name': 'Comedy'}]",https://www.miramax.com/movie/pulp-fiction/,680,tt0110912,['US'],en,Pulp Fiction,"A burger-loving hit man, his philosophical partner, a drug-addled gangster's moll and a washed-up boxer converge in this sprawling, comedic crime caper. Their adventures unfurl in three stories that ingeniously trip back and forth in time.",34.1155,/vQWk5YBFWF4bZaofAbv0tShwBvQ.jpg,"[{'id': 14, 'logo_path': '/m6AHu84oZQxvq7n1rsvMNJIAsMu.png', 'name': 'Miramax', 'origin_country': 'US'}, {'id': 59, 'logo_path': '/b1tj5EWcFQLYaQrw1D9V4s8kUgN.png', 'name': 'A Band Apart', 'origin_country': 'US'}, {'id': 216, 'logo_path': '/iKPzC6YxqNAk6fMoTtFhIF5p6yw.png', 'name': 'Jersey Films', 'origin_country': 'US'}]","[{'iso_3166_1': 'US', 'name': 'United States of America'}]",1994-09-10,213928762,154,"[{'english_name': 'English', 'iso_639_1': 'en', 'name': 'English'}, {'english_name': 'Spanish', 'iso_639_1': 'es', 'name': 'Español'}, {'english_name': 'French', 'iso_639_1': 'fr', 'name': 'Français'}]",Released,You won’t know the facts until you’ve seen the fiction.,Pulp Fiction,False,8.485,30023
False,/67HggiWaP9ZLv5sPYmyRV37yAJM.jpg,,55000000,"[{'id': 35, 'name': 'Comedy'}, {'id': 18, 'name': 'Drama'}, {'id': 10749, 'name': 'Romance'}]",https://www.paramountmovies.com/movies/forrest-gump,13,tt0109830,['US'],en,Forrest Gump,"A man with a low IQ has accomplished great things in his life and been present during significant historic events—in each case, far exceeding what anyone imagined he could do. But despite all he has achieved, his one true love eludes him.",27.6812,/saHP97rTPS5eLmrLQEcANmKrsFl.jpg,"[{'id': 4, 'logo_path': '/jay6WcMgagAklUt7i9Euwj1pzTF.png', 'name': 'Paramount Pictures', 'origin_country': 'US'}, {'id': 21920, 'logo_path': None, 'name': 'The Steve Tisch Company', 'origin_country': 'US'}, {'id': 412, 'logo_path': None, 'name': 'Wendy Finerman Productions', 'origin_country': 'US'}]","[{'iso_3166_1': 'US', 'name': 'United States of America'}]",1994-06-23,677387716,142,"[{'english_name': 'English', 'iso_639_1': 'en', 'name': 'English'}]",Released,The world will never be the same once you've seen it through the eyes of Forrest Gump.,Forrest Gump,False,8.464,29561
False,/uLtVbjvS1O7gXL8lUOwsFOH4man.jpg,"{'id': 284433, 'name': 'Guardians of the Galaxy Collection', 'poster_path': '/kFWLxUwcSpiLzszZbxUIZT9g6WR.jpg', 'backdrop_path': '/sxyF4lVkEvOLVzr8jOF5K5nrMh3.jpg'}",170000000,"[{'id': 28, 'name': 'Action'}, {'id': 878, 'name': 'Science Fiction'}, {'id': 12, 'name': 'Adventure'}]",https://www.marvel.com/movies/guardians-of-the-galaxy,118340,tt2015381,['US'],en,Guardians of the Galaxy,"Light years from Earth, 26 years after being abducted, Peter Quill finds himself the prime target of a manhunt after discovering an orb wanted by Ronan the Accuser.",9.1048,/r7vmZjiyZw9rpJMQJdXpjgiCOk9.jpg,"[{'id': 420, 'logo_path': '/hUzeosd33nzE5MCNsZxCGEKTXaQ.png', 'name': 'Marvel Studios', 'origin_country': 'US'}]","[{'iso_3166_1': 'US', 'name': 'United States of America'}]",2014-07-30,772776600,121,"[{'english_name': 'English', 'iso_639_1': 'en', 'name': 'English'}]",Released,"When things get bad, they'll do their worst.",Guardians of the Galaxy,False,7.905,29557
False,/1XAC6RPT01UX9EQGy2JVn5c8pgy.jpg,"{'id': 1241, 'name': 'Harry Potter Collection', 'poster_path': '/eVPs2Y0LyvTLZn6AP5Z6O2rtiGB.jpg', 'backdrop_path': '/kmEsQL2vOTA0jnM28fXS45Ky8kX.jpg'}",125000000,"[{'id': 12, 'name': 'Adventure'}, {'id': 14, 'name': 'Fantasy'}]",https://www.warnerbros.com/movies/harry-potter-and-sorcerers-stone,671,tt0241527,['GB'],en,Harry Potter and the Philosopher's Stone,"Harry Potter has lived under the stairs at his aunt and uncle's house his whole life. But on his 11th birthday, he learns he's a powerful wizard—with a place waiting for him at the Hogwarts School of Witchcraft and Wizardry. As he learns to harness his newfound powers with the help of the school's kindly headmaster, Harry uncovers the truth about his parents' deaths—and about the villain who's to blame.",29.9579,/wuMc08IPKEatf9rnMNXvIDxqP4W.jpg,"[{'id': 174, 'logo_path': '/zhD3hhtKB5qyv7ZeL4uLpNxgMVU.png', 'name': 'Warner Bros. Pictures', 'origin_country': 'US'}, {'id': 437, 'logo_path': '/nu20mtwbEIhUNnQ5NXVhHsNknZj.png', 'name': 'Heyday Films', 'origin_country': 'GB'}, {'id': 436, 'logo_path': '/A7WCkG3F0NFvjGCwUnclpGdIu9E.png', 'name': '1492 Pictures', 'origin_country': 'US'}]","[{'iso_3166_1': 'GB', 'name': 'United Kingdom'}, {'iso_3166_1': 'US', 'name': 'United States of America'}]",2001-11-16,976475550,152,"[{'english_name': 'English', 'iso_639_1': 'en', 'name': 'English'}]",Released,Let the magic begin.,Harry Potter and the Philosopher's Stone,False,7.898,29414
False,/cKvDv2LpwVEqbdXWoQl4XgGN6le.jpg,"{'id': 131292, 'name': 'Iron Man Collection', 'poster_path': '/fbeJ7f0aD4A112Bc1tnpzyn82xO.jpg', 'backdrop_path': '/rI8zOWkRQJdlAyQ6WJOSlYK6JxZ.jpg'}",140000000,"[{'id': 28, 'name': 'Action'}, {'id': 878, 'name': 'Science Fiction'}, {'id': 12, 'name': 'Adventure'}]",https://www.marvel.com/movies/iron-man,1726,tt0371746,['US'],en,Iron Man,"After being held captive in an Afghan cave, billionaire engineer Tony Stark creates a unique weaponized suit of armor to fight evil.",25.8018,/78lPtwv72eTNqFW9COBYI0dWDJa.jpg,"[{'id': 420, 'logo_path': '/hUzeosd33nzE5MCNsZxCGEKTXaQ.png', 'name': 'Marvel Studios', 'origin_country': 'US'}, {'id': 7505, 'logo_path': '/837VMM4wOkODc1idNxGT0KQJlej.png', 'name': 'Marvel Entertainment', 'origin_country': 'US'}, {'id': 7297, 'logo_path': '/l29JYQVZbTcjZXoz4CUYFpKRmM3.png', 'name': 'Fairview Entertainment', 'origin_country': 'US'}]","[{'iso_3166_1': 'US', 'name': 'United States of America'}]",2008-04-30,585174222,126,"[{'english_name': 'English', 'iso_639_1': 'en', 'name': 'English'}, {'english_name': 'Persian', 'iso_639_1': 'fa', 'name': 'فارسی'}, {'english_name': 'Urdu', 'iso_639_1': 'ur', 'name': 'اردو'}, {'english_name': 'Arabic', 'iso_639_1': 'ar', 'name': 'العربية'}]",Released,Heroes aren't born. They're built.,Iron Man,False,7.657,27979
False,/2oZklIzUbvZXXzIFzv7Hi68d6xf.jpg,,100000000,"[{'id': 18, 'name': 'Drama'}, {'id': 37, 'name': 'Western'}]",http://www.unchainedmovie.com,68718,tt1853728,['US'],en,Django Unchained,"With the help of a German bounty hunter, a freed slave sets out to rescue his wife from a brutal Mississippi plantation owner.",15.2165,/7oWY8VDWW7thTzWh3OKYRkWUlD5.jpg,"[{'id': 308, 'logo_path': '/e8F3mQM7DkJ5SfYYDp8FYzPBOGX.png', 'name': 'The Weinstein Company', 'origin_country': 'US'}, {'id': 5, 'logo_path': '/71BqEFAF4V3qjjMPCpLuyJFB9A.png', 'name': 'Columbia Pictures', 'origin_country': 'US'}]","[{'iso_3166_1': 'US', 'name': 'United States of America'}]",2012-12-25,425368238,165,"[{'english_name': 'English', 'iso_639_1': 'en', 'name': 'English'}, {'english_name': 'French', 'iso_639_1': 'fr', 'name': 'Français'}, {'english_name': 'German', 'iso_639_1': 'de', 'name': 'Deutsch'}]",Released,"Life, liberty, and the pursuit of vengeance.",Django Unchained,False,8.19,27865
False,/tlm8UkiQsitc8rSuIAscQDCnP8d.jpg,"{'id': 2344, 'name': 'The Matrix Collection', 'poster_path': '/bV9qTVHTVf0gkW0j7p7M0ILD4pG.jpg', 'backdrop_path': '/bRm2DEgUiYciDw3myHuYFInD7la.jpg'}",63000000,"[{'id': 28, 'name': 'Action'}, {'id': 878, 'name': 'Science Fiction'}]",http://www.warnerbros.com/matrix,603,tt0133093,['US'],en,The Matrix,"Set in the 22nd century, The Matrix tells the story of a computer hacker who joins a group of underground insurgents fighting the vast and powerful computers who now rule the earth.",27.461,/aOIuZAjPaRIE6CMzbazvcHuHXDc.jpg,"[{'id': 79, 'logo_path': '/at4uYdwAAgNRKhZuuFX8ShKSybw.png', 'name': 'Village Roadshow Pictures', 'origin_country': 'US'}, {'id': 372, 'logo_path': None, 'name': 'Groucho II Film Partnership', 'origin_country': ''}, {'id': 1885, 'logo_path': '/xlvoOZr4s1PygosrwZyolIFe5xs.png', 'name': 'Silver Pictures', 'origin_country': 'US'}, {'id': 174, 'logo_path': '/zhD3hhtKB5qyv7ZeL4uLpNxgMVU.png', 'name': 'Warner Bros. Pictures', 'origin_country': 'US'}]","[{'iso_3166_1': 'US', 'name': 'United States of America'}]",1999-03-31,463517383,136,"[{'english_name': 'English', 'iso_639_1': 'en', 'name': 'English'}]",Released,Believe the unbelievable.,The Matrix,False,8.242,27696
False,/hO7KbdvGOtDdeg0W4Y5nKEHeDDh.jpg,"{'id': 987044, 'name': 'Joker Collection', 'poster_path': '/cI4Ng3oX0CEJiY3wMxcfszQZbcI.jpg', 'backdrop_path': '/k1YC7mFLvxX4bbD7P8lkcML0Jek.jpg'}",55000000,"[{'id': 80, 'name': 'Crime'}, {'id': 53, 'name': 'Thriller'}, {'id': 18, 'name': 'Drama'}]",http://www.jokermovie.net/,475557,tt7286456,['US'],en,Joker,"During the 1980s, a failed stand-up comedian is driven insane and turns to a life of crime and chaos in Gotham City while becoming an infamous psychopathic crime figure.",19.8781,/udDclJoHjfjb8Ekgsd4FDteOkCU.jpg,"[{'id': 174, 'logo_path': '/zhD3hhtKB5qyv7ZeL4uLpNxgMVU.png', 'name': 'Warner Bros. Pictures', 'origin_country': 'US'}, {'id': 83036, 'logo_path': None, 'name': 'Joint Effort', 'origin_country': 'US'}, {'id': 79, 'logo_path': '/at4uYdwAAgNRKhZuuFX8ShKSybw.png', 'name': 'Village Roadshow Pictures', 'origin_country': 'US'}, {'id': 13240, 'logo_path': '/aTc07YaNHo8WNgkQSnvLmG6w4nW.png', 'name': 'Bron Studios', 'origin_country': 'CA'}, {'id': 128064, 'logo_path': '/13F3Jf7EFAcREU0xzZqJnVnyGXu.png', 'name': 'DC Films', 'origin_country': 'US'}]","[{'iso_3166_1': 'CA', 'name': 'Canada'}, {'iso_3166_1': 'US', 'name': 'United States of America'}]",2019-10-01,1078958629,122,"[{'english_name': 'English', 'iso_639_1': 'en', 'name': 'English'}]",Released,Put on a happy face.,Joker,False,8.126,27560
False,/7RyHsO4yDXtBv1zUU3mTpHeQ0d5.jpg,"{'id': 86311, 'name': 'The Avengers Collection', 'poster_path': '/yFSIUVTCvgYrpalUktulvk3Gi5Y.jpg', 'backdrop_path': '/2UNUv4NJdC36E5myDHACBJ99EwL.jpg'}",356000000,"[{'id': 12, 'name': 'Adventure'}, {'id': 878, 'name': 'Science Fiction'}, {'id': 28, 'name': 'Action'}]",https://www.marvel.com/movies/avengers-endgame,299534,tt4154796,['US'],en,Avengers: Endgame,"After the devastating events of Avengers: Infinity War, the universe is in ruins due to the efforts of the Mad Titan, Thanos. With the help of remaining allies, the Avengers must assemble once more in order to undo Thanos' actions and restore order to the universe once and for all, no matter what consequences may be in store.",42.2819,/ulzhLuWrPK07P1YkdWQLZnQh1JL.jpg,"[{'id': 420, 'logo_path': '/hUzeosd33nzE5MCNsZxCGEKTXaQ.png', 'name': 'Marvel Studios', 'origin_country': 'US'}]","[{'iso_3166_1': 'US', 'name': 'United States of America'}]",2019-04-24,2799439100,181,"[{'english_name': 'English', 'iso_639_1': 'en', 'name': 'English'}, {'english_name': 'Japanese', 'iso_639_1': 'ja', 'name': '日本語'}, {'english_name': 'Xhosa', 'iso_639_1': 'xh', 'name': ''}]",Released,Avenge the fallen.,Avengers: Endgame,False,8.234,27530
False,/a0lfia8tk8ifkrve0Tn8wkISUvs.jpg,"{'id': 119, 'name': 'The Lord of the Rings Collection', 'poster_path': '/oENY593nKRVL2PnxXsMtlh8izb4.jpg', 'backdrop_path': '/bccR2CGTWVVSZAG0yqmy3DIvhTX.jpg'}",93000000,"[{'id': 12, 'name': 'Adventure'}, {'id': 14, 'name': 'Fantasy'}, {'id': 28, 'name': 'Action'}]",http://www.lordoftherings.net/,120,tt0120737,['US'],en,The Lord of the Rings: The Fellowship of the Ring,"Young hobbit Frodo Baggins, after inheriting a mysterious ring from his uncle Bilbo, must leave his home in order to keep it from falling into the hands of its evil creator. Along the way, a fellowship is formed to protect the ringbearer and make sure that the ring arrives at its final destination: Mt. Doom, the only place where it can be destroyed.",29.8704,/6oom5QYQ2yQTMJIbnvbkBL9cHo6.jpg,"[{'id': 12, 'logo_path': '/2ycs64eqV5rqKYHyQK0GVoKGvfX.png', 'name': 'New Line Cinema', 'origin_country': 'US'}, {'id': 11, 'logo_path': '/6FAuASQHybRkZUk08p9PzSs9ezM.png', 'name': 'WingNut Films', 'origin_country': 'NZ'}, {'id': 5237, 'logo_path': '/mlnr7vsBHvLye8oEb5A76C0t8x9.png', 'name': 'The Saul Zaentz Company', 'origin_country': 'US'}]","[{'iso_3166_1': 'NZ', 'name': 'New Zealand'}, {'iso_3166_1': 'US', 'name': 'United States of America'}]",2001-12-18,871368364,179,"[{'english_name': 'English', 'iso_639_1': 'en', 'name': 'English'}]",Released,One ring to rule them all.,The Lord of the Rings: The Fellowship of the Ring,False,8.431,27352
False,/qBChUbS8ksbJoPTfZpogsnxG5tY.jpg,,200000000,"[{'id': 18, 'name': 'Drama'}, {'id': 10749, 'name': 'Romance'}]",https://www.paramountmovies.com/movies/titanic,597,tt0120338,['US'],en,Titanic,"101-year-old Rose DeWitt Bukater tells the story of her life aboard the Titanic, 84 years later. A young Rose boards the ship with her mother and fiancé. Meanwhile, Jack Dawson and Fabrizio De Rossi win third-class tickets aboard the ship. Rose tells the whole story from Titanic's departure through to its death—on its first and last voyage—on April 15, 1912.",34.0193,/9xjZS2rlVxm8SFx8kPC3aIGCOYQ.jpg,"[{'id': 4, 'logo_path': '/jay6WcMgagAklUt7i9Euwj1pzTF.png', 'name': 'Paramount Pictures', 'origin_country': 'US'}, {'id': 25, 'logo_path': '/qZCc1lty5FzX30aOCVRBLzaVmcp.png', 'name': '20th Century Fox', 'origin_country': 'US'}, {'id': 574, 'logo_path': '/8wdmrfGcDx3TJxYiiDksLzAW4pB.png', 'name': 'Lightstorm Entertainment', 'origin_country': 'US'}]","[{'iso_3166_1': 'US', 'name': 'United States of America'}]",1997-12-18,2264162353,194,"[{'english_name': 'English', 'iso_639_1': 'en', 'name': 'English'}, {'english_name': 'French', 'iso_639_1': 'fr', 'name': 'Français'}, {'english_name': 'German', 'iso_639_1': 'de', 'name': 'Deutsch'}, {'english_name': 'Swedish', 'iso_639_1': 'sv', 'name': 'svenska'}, {'english_name': 'Italian', 'iso_639_1': 'it', 'name': 'Italiano'}, {'english_name': 'Russian', 'iso_639_1': 'ru', 'name': 'Pусский'}]",Released,Nothing on earth could come between them.,Titanic,False,7.902,27015
False,/2u7zbn8EudG6kLlBzUYqP8RyFU4.jpg,"{'id': 119, 'name': 'The Lord of the Rings Collection', 'poster_path': '/oENY593nKRVL2PnxXsMtlh8izb4.jpg', 'backdrop_path': '/bccR2CGTWVVSZAG0yqmy3DIvhTX.jpg'}",94000000,"[{'id': 12, 'name': 'Adventure'}, {'id': 14, 'name': 'Fantasy'}, {'id': 28, 'name': 'Action'}]",http://www.lordoftherings.net,122,tt0167260,['US'],en,The Lord of the Rings: The Return of the King,"As armies mass for a final battle that will decide the fate of the world--and powerful, ancient forces of Light and Dark compete to determine the outcome--one member of the Fellowship of the Ring is revealed as the noble heir to the throne of the Kings of Men. Yet, the sole hope for triumph over evil lies with a brave hobbit, Frodo, who, accompanied by his loyal friend Sam and the hideous, wretched Gollum, ventures deep into the very dark heart of Mordor on his seemingly impossible quest to destroy the Ring of Power.​",31.1857,/rCzpDGLbOoPwLjy3OAm5NUPOTrC.jpg,"[{'id': 12, 'logo_path': '/2ycs64eqV5rqKYHyQK0GVoKGvfX.png', 'name': 'New Line Cinema', 'origin_country': 'US'}, {'id': 11, 'logo_path': '/6FAuASQHybRkZUk08p9PzSs9ezM.png', 'name': 'WingNut Films', 'origin_country': 'NZ'}, {'id': 5237, 'logo_path': '/mlnr7vsBHvLye8oEb5A76C0t8x9.png', 'name': 'The Saul Zaentz Company', 'origin_country': 'US'}]","[{'iso_3166_1': 'NZ', 'name': 'New Zealand'}, {'iso_3166_1': 'US', 'name': 'United States of America'}]",2003-12-17,1118888979,201,"[{'english_name': 'English', 'iso_639_1': 'en', 'name': 'English'}]",Released,The eye of the enemy is moving.,The Lord of the Rings: The Return of the King,False,8.496,26353
False,/7Nwnmyzrtd0FkcRyPqmdzTPppQa.jpg,,100000000,"[{'id': 80, 'name': 'Crime'}, {'id': 18, 'name': 'Drama'}, {'id': 35, 'name': 'Comedy'}]",http://www.thewolfofwallstreet.com/,106646,tt0993846,['US'],en,The Wolf of Wall Street,"A New York stockbroker refuses to cooperate in a large securities fraud case involving corruption on Wall Street, corporate banking world and mob infiltration. Based on Jordan Belfort's autobiography.",23.0711,/kW9LmvYHAaS9iA0tHmZVq8hQYoq.jpg,"[{'id': 19177, 'logo_path': None, 'name': 'Red Granite Pictures', 'origin_country': 'US'}, {'id': 562, 'logo_path': '/azANEzu3H3Kztzt63sdjvlzxhuB.png', 'name': 'Appian Way', 'origin_country': 'US'}, {'id': 23243, 'logo_path': '/cBPyrhXhGKzxUdL4Fkg801HZ4W.png', 'name': 'Sikelia Productions', 'origin_country': 'US'}, {'id': 14654, 'logo_path': None, 'name': 'EMJAG Productions', 'origin_country': 'US'}]","[{'iso_3166_1': 'US', 'name': 'United States of America'}]",2013-12-25,407038432,180,"[{'english_name': 'English', 'iso_639_1': 'en', 'name': 'English'}, {'english_name': 'French', 'iso_639_1': 'fr', 'name': 'Français'}]",Released,Earn. Spend. Party.,The Wolf of Wall Street,False,8.027,25761
False,/rbZvGN1A1QyZuoKzhCw8QPmf2q0.jpg,,80000000,"[{'id': 18, 'name': 'Drama'}, {'id': 53, 'name': 'Thriller'}, {'id': 9648, 'name': 'Mystery'}]",http://www.shutterisland.com/,11324,tt1130884,['US'],en,Shutter Island,"World War II soldier-turned-U.S. Marshal Teddy Daniels investigates the disappearance of a patient from a hospital for the criminally insane, but his efforts are compromised by troubling visions and a mysterious doctor.",21.332,/nrmXQ0zcZUL8jFLrakWc90IR8z9.jpg,"[{'id': 4, 'logo_path': '/jay6WcMgagAklUt7i9Euwj1pzTF.png', 'name': 'Paramount Pictures', 'origin_country': 'US'}, {'id': 11317, 'logo_path': '/hMboqqmeILXFeOJjuCsn3FvCIT3.png', 'name': 'Phoenix Pictures', 'origin_country': 'US'}, {'id': 23243, 'logo_path': '/cBPyrhXhGKzxUdL4Fkg801HZ4W.png', 'name': 'Sikelia Productions', 'origin_country': 'US'}, {'id': 562, 'logo_path': '/azANEzu3H3Kztzt63sdjvlzxhuB.png', 'name': 'Appian Way', 'origin_country': 'US'}]","[{'iso_3166_1': 'US', 'name': 'United States of America'}]",2010-02-14,294804195,138,"[{'english_name': 'English', 'iso_639_1': 'en', 'name': 'English'}, {'english_name': 'German', 'iso_639_1': 'de', 'name': 'Deutsch'}]",Released,Someone is missing.,Shutter Island,False,8.2,25682
False,/kIBK5SKwgqIIuRKhhWrJn3XkbPq.jpg,"{'id': 86311, 'name': 'The Avengers Collection', 'poster_path': '/yFSIUVTCvgYrpalUktulvk3Gi5Y.jpg', 'backdrop_path': '/2UNUv4NJdC36E5myDHACBJ99EwL.jpg'}",235000000,"[{'id': 28, 'name': 'Action'}, {'id': 12, 'name': 'Adventure'}, {'id': 878, 'name': 'Science Fiction'}]",https://www.marvel.com/movies/avengers-age-of-ultron,99861,tt2395427,['US'],en,Avengers: Age of Ultron,"When Tony Stark tries to jumpstart a dormant peacekeeping program, things go awry and Earth’s Mightiest Heroes are put to the ultimate test as the fate of the planet hangs in the balance. As the villainous Ultron emerges, it is up to The Avengers to stop him from enacting his terrible plans, and soon uneasy alliances and unexpected action pave the way for an epic and unique global adventure.",19.9204,/4ssDuvEDkSArWEdyBl2X5EHvYKU.jpg,"[{'id': 420, 'logo_path': '/hUzeosd33nzE5MCNsZxCGEKTXaQ.png', 'name': 'Marvel Studios', 'origin_country': 'US'}]","[{'iso_3166_1': 'US', 'name': 'United States of America'}]",2015-04-22,1405403694,141,"[{'english_name': 'English', 'iso_639_1': 'en', 'name': 'English'}]",Released,A new age has come.,Avengers: Age of Ultron,False,7.27,24294
False,/y2DB71C4nyIdMrANijz8mzvQtk6.jpg,"{'id': 263, 'name': 'The Dark Knight Collection', 'poster_path': '/ogyw5LTmL53dVxsppcy8Dlm30Fu.jpg', 'backdrop_path': '/xyhrCEdB4XRkelfVsqXeUZ6rLHi.jpg'}",250000000,"[{'id': 28, 'name': 'Action'}, {'id': 80, 'name': 'Crime'}, {'id': 18, 'name': 'Drama'}, {'id': 53, 'name': 'Thriller'}]",http://www.thedarkknightrises.com/,49026,tt1345836,"['GB', 'US']",en,The Dark Knight Rises,"Following the death of District Attorney Harvey Dent, Batman assumes responsibility for Dent's crimes to protect the late attorney's reputation and is subsequently hunted by the Gotham City Police Department. Eight years later, Batman encounters the mysterious Selina Kyle and the villainous Bane, a new terrorist leader who overwhelms Gotham's finest. The Dark Knight resurfaces to protect a city that has branded him an enemy.",15.1138,/hr0L2aueqlP2BYUblTTjmtn0hw4.jpg,"[{'id': 9996, 'logo_path': '/3tvBqYsBhxWeHlu62SIJ1el93O7.png', 'name': 'Syncopy', 'origin_country': 'GB'}, {'id': 923, 'logo_path': '/5UQsZrfbfG2dYJbx8DxfoTr2Bvu.png', 'name': 'Legendary Pictures', 'origin_country': 'US'}, {'id': 174, 'logo_path': '/zhD3hhtKB5qyv7ZeL4uLpNxgMVU.png', 'name': 'Warner Bros. Pictures', 'origin_country': 'US'}, {'id': 429, 'logo_path': '/4Y00XuSMuP1gimd0jP6JT57QbCI.png', 'name': 'DC', 'origin_country': 'US'}]","[{'iso_3166_1': 'GB', 'name': 'United Kingdom'}, {'iso_3166_1': 'US', 'name': 'United States of America'}]",2012-07-17,1081041287,165,"[{'english_name': 'English', 'iso_639_1': 'en', 'name': 'English'}]",Released,The legend ends.,The Dark Knight Rises,False,7.8,24213
False,/hwNtEmmugU5Yd7hpfprNWI0DGIn.jpg,,70000000,"[{'id': 18, 'name': 'Drama'}, {'id': 53, 'name': 'Thriller'}, {'id': 10752, 'name': 'War'}]",,16869,tt0361748,['US'],en,Inglourious Basterds,"In Nazi-occupied France during World War II, a group of Jewish-American soldiers known as ""The Basterds"" are chosen specifically to spread fear throughout the Third Reich by scalping and brutally killing Nazis. The Basterds, lead by Lt. Aldo Raine soon cross paths with a French-Jewish teenage girl who runs a movie theater in Paris which is targeted by the soldiers.",18.0867,/7sfbEnaARXDDhKm0CZ7D7uc2sbo.jpg,"[{'id': 33, 'logo_path': '/8lvHyhjr8oUKOOy2dKXoALWKdp0.png', 'name': 'Universal Pictures', 'origin_country': 'US'}, {'id': 308, 'logo_path': '/e8F3mQM7DkJ5SfYYDp8FYzPBOGX.png', 'name': 'The Weinstein Company', 'origin_country': 'US'}, {'id': 59, 'logo_path': '/b1tj5EWcFQLYaQrw1D9V4s8kUgN.png', 'name': 'A Band Apart', 'origin_country': 'US'}, {'id': 6817, 'logo_path': None, 'name': 'Zehnte Babelsberg Film', 'origin_country': 'DE'}, {'id': 6818, 'logo_path': None, 'name': 'Visiona Romantica', 'origin_country': 'US'}]","[{'iso_3166_1': 'DE', 'name': 'Germany'}, {'iso_3166_1': 'US', 'name': 'United States of America'}]",2009-08-02,321457747,153,"[{'english_name': 'German', 'iso_639_1': 'de', 'name': 'Deutsch'}, {'english_name': 'English', 'iso_639_1': 'en', 'name': 'English'}, {'english_name': 'French', 'iso_639_1': 'fr', 'name': 'Français'}, {'english_name': 'Italian', 'iso_639_1': 'it', 'name': 'Italiano'}]",Released,Once upon a time in Nazi occupied France...,Inglourious Basterds,False,8.217,24021
False,/uT895WNwm0aIJRtGizcQhrejWUo.jpg,"{'id': 8945, 'name': 'Mad Max Collection', 'poster_path': '/tRxkZboyyXnFgCthoViWBwISZ0r.jpg', 'backdrop_path': '/zI0q2ENcQOLECbe0gAEGlncVh2j.jpg'}",150000000,"[{'id': 28, 'name': 'Action'}, {'id': 12, 'name': 'Adventure'}, {'id': 878, 'name': 'Science Fiction'}]",https://www.warnerbros.com/movies/mad-max-fury-road,76341,tt1392190,"['AU', 'US']",en,Mad Max: Fury Road,"An apocalyptic story set in the furthest reaches of our planet, in a stark desert landscape where humanity is broken, and most everyone is crazed fighting for the necessities of life. Within this world exist two rebels on the run who just might be able to restore order.",19.1763,/hA2ple9q4qnwxp3hKVNhroipsir.jpg,"[{'id': 174, 'logo_path': '/zhD3hhtKB5qyv7ZeL4uLpNxgMVU.png', 'name': 'Warner Bros. Pictures', 'origin_country': 'US'}, {'id': 79, 'logo_path': '/at4uYdwAAgNRKhZuuFX8ShKSybw.png', 'name': 'Village Roadshow Pictures', 'origin_country': 'US'}, {'id': 28382, 'logo_path': '/eaQ9IuuaSNBeSdocdtGLvhXAHfg.png', 'name': 'Kennedy Miller Mitchell', 'origin_country': 'AU'}, {'id': 41624, 'logo_path': '/wzKxIeQKlMP0y5CaAw25MD6EQmf.png', 'name': 'RatPac Entertainment', 'origin_country': 'US'}]","[{'iso_3166_1': 'AU', 'name': 'Australia'}, {'iso_3166_1': 'US', 'name': 'United States of America'}]",2015-05-13,378858340,121,"[{'english_name': 'English', 'iso_639_1': 'en', 'name': 'English'}]",Released,The future belongs to the mad.,Mad Max: Fury Road,False,7.632,23953
False,/wdwcOBMkt3zmPQuEMxB3FUtMio2.jpg,"{'id': 131295, 'name': 'Captain America Collection', 'poster_path': '/2tOgiY533JSFp7OrVlkeRJvsZpI.jpg', 'backdrop_path': '/7kVucUYqz8fZkOmFtA8opDwJFXM.jpg'}",250000000,"[{'id': 12, 'name': 'Adventure'}, {'id': 28, 'name': 'Action'}, {'id': 878, 'name': 'Science Fiction'}]",https://www.marvel.com/movies/captain-america-civil-war,271110,tt3498820,['US'],en,Captain America: Civil War,"Following the events of Age of Ultron, the collective governments of the world pass an act designed to regulate all superhuman activity. This polarizes opinion amongst the Avengers, causing two factions to side with Iron Man or Captain America, which causes an epic battle between former allies.",19.1802,/rAGiXaUfPzY7CDEyNKUofk3Kw2e.jpg,"[{'id': 420, 'logo_path': '/hUzeosd33nzE5MCNsZxCGEKTXaQ.png', 'name': 'Marvel Studios', 'origin_country': 'US'}]","[{'iso_3166_1': 'US', 'name': 'United States of America'}]",2016-04-27,1155046416,147,"[{'english_name': 'Romanian', 'iso_639_1': 'ro', 'name': 'Română'}, {'english_name': 'English', 'iso_639_1': 'en', 'name': 'English'}, {'english_name': 'German', 'iso_639_1': 'de', 'name': 'Deutsch'}, {'english_name': 'Russian', 'iso_639_1': 'ru', 'name': 'Pусский'}]",Released,United we stand. Divided we fall.,Captain America: Civil War,False,7.447,23915
False,/kWYfW2Re0rUDE6IHhy4CRuKWeFr.jpg,"{'id': 119, 'name': 'The Lord of the Rings Collection', 'poster_path': '/oENY593nKRVL2PnxXsMtlh8izb4.jpg', 'backdrop_path': '/bccR2CGTWVVSZAG0yqmy3DIvhTX.jpg'}",79000000,"[{'id': 12, 'name': 'Adventure'}, {'id': 14, 'name': 'Fantasy'}, {'id': 28, 'name': 'Action'}]",http://www.lordoftherings.net/,121,tt0167261,['US'],en,The Lord of the Rings: The Two Towers,"Frodo Baggins and the other members of the Fellowship continue on their sacred quest to destroy the One Ring--but on separate paths. Their destinies lie at two towers--Orthanc Tower in Isengard, where the corrupt wizard Saruman awaits, and Sauron's fortress at Barad-dur, deep within the dark lands of Mordor. Frodo and Sam are trekking to Mordor to destroy the One Ring of Power while Gimli, Legolas and Aragorn search for the orc-captured Merry and Pippin. All along, nefarious wizard Saruman awaits the Fellowship members at the Orthanc Tower in Isengard.",22.6458,/5VTN0pR8gcqV3EPUHHfMGnJYN9L.jpg,"[{'id': 12, 'logo_path': '/2ycs64eqV5rqKYHyQK0GVoKGvfX.png', 'name': 'New Line Cinema', 'origin_country': 'US'}, {'id': 11, 'logo_path': '/6FAuASQHybRkZUk08p9PzSs9ezM.png', 'name': 'WingNut Films', 'origin_country': 'NZ'}, {'id': 5237, 'logo_path': '/mlnr7vsBHvLye8oEb5A76C0t8x9.png', 'name': 'The Saul Zaentz Company', 'origin_country': 'US'}]","[{'iso_3166_1': 'NZ', 'name': 'New Zealand'}, {'iso_3166_1': 'US', 'name': 'United States of America'}]",2002-12-18,926287400,179,"[{'english_name': 'English', 'iso_639_1': 'en', 'name': 'English'}]",Released,The journey continues.,The Lord of the Rings: The Two Towers,False,8.415,23725
False,/1stUIsjawROZxjiCMtqqXqgfZWC.jpg,"{'id': 1241, 'name': 'Harry Potter Collection', 'poster_path': '/eVPs2Y0LyvTLZn6AP5Z6O2rtiGB.jpg', 'backdrop_path': '/kmEsQL2vOTA0jnM28fXS45Ky8kX.jpg'}",100000000,"[{'id': 12, 'name': 'Adventure'}, {'id': 14, 'name': 'Fantasy'}]",https://www.warnerbros.com/movies/harry-potter-and-chamber-secrets,672,tt0295297,['GB'],en,Harry Potter and the Chamber of Secrets,"Cars fly, trees fight back, and a mysterious house-elf comes to warn Harry Potter at the start of his second year at Hogwarts. Adventure and danger await when bloody writing on a wall announces: The Chamber Of Secrets Has Been Opened. To save Hogwarts will require all of Harry, Ron and Hermione's magical abilities and courage.",20.8137,/sdEOH0992YZ0QSxgXNIGLq1ToUi.jpg,"[{'id': 174, 'logo_path': '/zhD3hhtKB5qyv7ZeL4uLpNxgMVU.png', 'name': 'Warner Bros. Pictures', 'origin_country': 'US'}, {'id': 437, 'logo_path': '/nu20mtwbEIhUNnQ5NXVhHsNknZj.png', 'name': 'Heyday Films', 'origin_country': 'GB'}, {'id': 436, 'logo_path': '/A7WCkG3F0NFvjGCwUnclpGdIu9E.png', 'name': '1492 Pictures', 'origin_country': 'US'}, {'id': 19094, 'logo_path': None, 'name': 'MIRACLE Productions', 'origin_country': 'DE'}]","[{'iso_3166_1': 'GB', 'name': 'United Kingdom'}, {'iso_3166_1': 'US', 'name': 'United States of America'}, {'iso_3166_1': 'DE', 'name': 'Germany'}]",2002-11-13,876688482,161,"[{'english_name': 'English', 'iso_639_1': 'en', 'name': 'English'}]",Released,Something evil has returned to Hogwarts!,Harry Potter and the Chamber of Secrets,False,7.702,23454
False,/19Ed4XgjahPm4U8JT7SnntERIlt.jpg,"{'id': 529892, 'name': 'Black Panther Collection', 'poster_path': '/VtMkk2s92SnDUt8eYyUyYaSJQK.jpg', 'backdrop_path': '/nsiBzWsmmerBMuD8TKHpYBTnfhD.jpg'}",200000000,"[{'id': 28, 'name': 'Action'}, {'id': 12, 'name': 'Adventure'}, {'id': 878, 'name': 'Science Fiction'}]",https://www.marvel.com/movies/black-panther,284054,tt1825683,['US'],en,Black Panther,"King T'Challa returns home to the reclusive, technologically advanced African nation of Wakanda to serve as his country's new leader. However, T'Challa soon finds that he is challenged for the throne by factions within his own country as well as without. Using powers reserved to Wakandan kings, T'Challa assumes the Black Panther mantle to join with ex-girlfriend Nakia, the queen-mother, his princess-kid sister, members of the Dora Milaje (the Wakandan 'special forces') and an American secret agent, to prevent Wakanda from being dragged into a world war.",13.6277,/uxzzxijgPIY7slzFvMotPv8wjKA.jpg,"[{'id': 420, 'logo_path': '/hUzeosd33nzE5MCNsZxCGEKTXaQ.png', 'name': 'Marvel Studios', 'origin_country': 'US'}]","[{'iso_3166_1': 'US', 'name': 'United States of America'}]",2018-02-13,1349926083,135,"[{'english_name': 'English', 'iso_639_1': 'en', 'name': 'English'}, {'english_name': 'Korean', 'iso_639_1': 'ko', 'name': '한국어/조선말'}, {'english_name': 'Swahili', 'iso_639_1': 'sw', 'name': 'Kiswahili'}, {'english_name': 'Xhosa', 'iso_639_1': 'xh', 'name': ''}]",Released,Long live the king.,Black Panther,False,7.361,23372
False,/o3i6AfTcWAuNvzAUV3q5lOmi6Gx.jpg,"{'id': 1022790, 'name': 'Inside Out Collection', 'poster_path': '/kvJqs0vm29U0xJa373wlzHb3FRh.jpg', 'backdrop_path': '/7hYG0v6BEErqqwnU7vWJjWgYJJp.jpg'}",175000000,"[{'id': 16, 'name': 'Animation'}, {'id': 10751, 'name': 'Family'}, {'id': 12, 'name': 'Adventure'}, {'id': 18, 'name': 'Drama'}, {'id': 35, 'name': 'Comedy'}]",http://movies.disney.com/inside-out,150540,tt2096673,['US'],en,Inside Out,"When 11-year-old Riley moves to a new city, her Emotions team up to help her through the transition. Joy, Fear, Anger, Disgust and Sadness work together, but when Joy and Sadness get lost, they must journey through unfamiliar places to get back home.",20.2973,/2H1TmgdfNtsKlU9jKdeNyYL5y8T.jpg,"[{'id': 3, 'logo_path': '/1TjvGVDMYsj6JBxOAkUHpPEwLf7.png', 'name': 'Pixar', 'origin_country': 'US'}]","[{'iso_3166_1': 'US', 'name': 'United States of America'}]",2015-06-17,857611174,95,"[{'english_name': 'English', 'iso_639_1': 'en', 'name': 'English'}]",Released,Meet the little voices inside your head.,Inside Out,False,7.909,23350
False,/3zvZ699gMW2RhWc0GisIukzq0Ls.jpg,"{'id': 618529, 'name': 'Doctor Strange Collection', 'poster_path': '/bm7UlW3ctMJAvD6NNXrCDdRyyKn.jpg', 'backdrop_path': '/t7Xl8fNVuETzrbpmf6dGosjIHPN.jpg'}",180000000,"[{'id': 14, 'name': 'Fantasy'}, {'id': 12, 'name': 'Adventure'}, {'id': 28, 'name': 'Action'}]",https://www.marvel.com/movies/doctor-strange,284052,tt1211837,['US'],en,Doctor Strange,"After his career is destroyed, a brilliant but arrogant surgeon gets a new lease on life when a sorcerer takes him under her wing and trains him to defend the world against evil.",11.939,/xf8PbyQcR5ucXErmZNzdKR0s8ya.jpg,"[{'id': 420, 'logo_path': '/hUzeosd33nzE5MCNsZxCGEKTXaQ.png', 'name': 'Marvel Studios', 'origin_country': 'US'}]","[{'iso_3166_1': 'US', 'name': 'United States of America'}]",2016-10-25,676343174,115,"[{'english_name': 'English', 'iso_639_1': 'en', 'name': 'English'}]",Released,The impossibilities are endless.,Doctor Strange,False,7.418,23321
False,/iVped1djsF0tvGkvnHbzsE3ZPTF.jpg,"{'id': 131292, 'name': 'Iron Man Collection', 'poster_path': '/fbeJ7f0aD4A112Bc1tnpzyn82xO.jpg', 'backdrop_path': '/rI8zOWkRQJdlAyQ6WJOSlYK6JxZ.jpg'}",200000000,"[{'id': 28, 'name': 'Action'}, {'id': 12, 'name': 'Adventure'}, {'id': 878, 'name': 'Science Fiction'}]",https://www.marvel.com/movies/iron-man-3,68721,tt1300854,['US'],en,Iron Man 3,"When Tony Stark's world is torn apart by a formidable terrorist called the Mandarin, he starts an odyssey of rebuilding and retribution.",20.944,/qhPtAc1TKbMPqNvcdXSOn9Bn7hZ.jpg,"[{'id': 420, 'logo_path': '/hUzeosd33nzE5MCNsZxCGEKTXaQ.png', 'name': 'Marvel Studios', 'origin_country': 'US'}]","[{'iso_3166_1': 'US', 'name': 'United States of America'}]",2013-04-18,1215577205,130,"[{'english_name': 'English', 'iso_639_1': 'en', 'name': 'English'}]",Released,Unleash the power behind the armor.,Iron Man 3,False,6.931,23320
False,/3sndNmvdF0R8AeyCmVoNv8LKtNy.jpg,"{'id': 131635, 'name': 'The Hunger Games Collection', 'poster_path': '/cEBNDEMGqvSvU0knEv9Wl3dk5kv.jpg', 'backdrop_path': '/Ipp7cegtub4t0mu7xaKLQkYoGc.jpg'}",75000000,"[{'id': 878, 'name': 'Science Fiction'}, {'id': 12, 'name': 'Adventure'}, {'id': 28, 'name': 'Action'}, {'id': 53, 'name': 'Thriller'}]",https://hungergames.movie/,70160,tt1392170,['US'],en,The Hunger Games,"In a dystopian society where the Capitol forces each district to send two young tributes to fight to the death in a televised spectacle, a girl volunteers to take her sister’s place, setting the stage for a struggle of survival and defiance.",11.1585,/yXCbOiVDCxO71zI7cuwBRXdftq8.jpg,"[{'id': 1632, 'logo_path': '/cisLn1YAUuptXVBa0xjq7ST9cH0.png', 'name': 'Lionsgate', 'origin_country': 'US'}, {'id': 5420, 'logo_path': '/dlW4Kh5dNieKNURnymsu57y6fMf.png', 'name': 'Color Force', 'origin_country': 'US'}]","[{'iso_3166_1': 'US', 'name': 'United States of America'}]",2012-03-12,694000000,142,"[{'english_name': 'English', 'iso_639_1': 'en', 'name': 'English'}]",Released,The world will be watching.,The Hunger Games,False,7.2,23183
False,/tPpYGm2mVecue7Bk3gNVoSPA5qn.jpg,"{'id': 531241, 'name': 'Spider-Man (MCU) Collection', 'poster_path': '/yeba3Y820OjApZO9aJevDsNeMEd.jpg', 'backdrop_path': '/AvnqpRwlEaYNVL6wzC4RN94EdSd.jpg'}",175000000,"[{'id': 28, 'name': 'Action'}, {'id': 12, 'name': 'Adventure'}, {'id': 878, 'name': 'Science Fiction'}]",https://www.sonypictures.com/movies/spidermanhomecoming,315635,tt2250912,['US'],en,Spider-Man: Homecoming,"Following the events of Captain America: Civil War, Peter Parker, with the help of his mentor Tony Stark, tries to balance his life as an ordinary high school student in Queens, New York City, with fighting crime as his superhero alter ego Spider-Man as a new threat, the Vulture, emerges.",27.031,/c24sv2weTHPsmDa7jEMN0m2P3RT.jpg,"[{'id': 420, 'logo_path': '/hUzeosd33nzE5MCNsZxCGEKTXaQ.png', 'name': 'Marvel Studios', 'origin_country': 'US'}, {'id': 84041, 'logo_path': '/nw4kyc29QRpNtFbdsBHkRSFavvt.png', 'name': 'Pascal Pictures', 'origin_country': 'US'}, {'id': 34034, 'logo_path': None, 'name': 'LStar Capital', 'origin_country': 'US'}, {'id': 5, 'logo_path': '/71BqEFAF4V3qjjMPCpLuyJFB9A.png', 'name': 'Columbia Pictures', 'origin_country': 'US'}]","[{'iso_3166_1': 'US', 'name': 'United States of America'}]",2017-07-05,880978185,133,"[{'english_name': 'English', 'iso_639_1': 'en', 'name': 'English'}]",Released,Homework can wait. The city can't.,Spider-Man: Homecoming,False,7.33,23041
False,/vbk5CfaAHOjQPSAcYm6AoRRz2Af.jpg,"{'id': 1241, 'name': 'Harry Potter Collection', 'poster_path': '/eVPs2Y0LyvTLZn6AP5Z6O2rtiGB.jpg', 'backdrop_path': '/kmEsQL2vOTA0jnM28fXS45Ky8kX.jpg'}",130000000,"[{'id': 12, 'name': 'Adventure'}, {'id': 14, 'name': 'Fantasy'}]",https://www.warnerbros.com/movies/harry-potter-and-prisoner-azkaban,673,tt0304141,['GB'],en,Harry Potter and the Prisoner of Azkaban,"Year three at Hogwarts means new fun and challenges as Harry learns the delicate art of approaching a Hippogriff, transforming shape-shifting Boggarts into hilarity and even turning back time. But the term also brings danger: soul-sucking Dementors hover over the school, an ally of the accursed He-Who-Cannot-Be-Named lurks within the castle walls, and fearsome wizard Sirius Black escapes Azkaban. And Harry will confront them all.",21.356,/aWxwnYoe8p2d2fcxOqtvAtJ72Rw.jpg,"[{'id': 174, 'logo_path': '/zhD3hhtKB5qyv7ZeL4uLpNxgMVU.png', 'name': 'Warner Bros. Pictures', 'origin_country': 'US'}, {'id': 436, 'logo_path': '/A7WCkG3F0NFvjGCwUnclpGdIu9E.png', 'name': '1492 Pictures', 'origin_country': 'US'}, {'id': 437, 'logo_path': '/nu20mtwbEIhUNnQ5NXVhHsNknZj.png', 'name': 'Heyday Films', 'origin_country': 'GB'}, {'id': 19092, 'logo_path': None, 'name': 'P of A Productions', 'origin_country': 'GB'}]","[{'iso_3166_1': 'GB', 'name': 'United Kingdom'}, {'iso_3166_1': 'US', 'name': 'United States of America'}]",2004-05-31,789804554,141,"[{'english_name': 'English', 'iso_639_1': 'en', 'name': 'English'}]",Released,Something wicked this way comes.,Harry Potter and the Prisoner of Azkaban,False,8.008,23020
False,/i5H7zusQGsysGQ8i6P361Vnr0n2.jpg,,33000000,"[{'id': 80, 'name': 'Crime'}, {'id': 9648, 'name': 'Mystery'}, {'id': 53, 'name': 'Thriller'}]",https://www.warnerbros.com/movies/seven,807,tt0114369,['US'],en,Se7en,"Two homicide detectives are on a desperate hunt for a serial killer whose crimes are based on the ""seven deadly sins"" in this dark and haunting film that takes viewers from the tortured remains of one victim to the next. The seasoned Det. Somerset researches each sin in an effort to get inside the killer's mind, while his novice partner, Mills, scoffs at his efforts to unravel the case.",28.6536,/191nKfP0ehp3uIvWqgPbFmI4lv9.jpg,"[{'id': 12, 'logo_path': '/2ycs64eqV5rqKYHyQK0GVoKGvfX.png', 'name': 'New Line Cinema', 'origin_country': 'US'}, {'id': 4286, 'logo_path': None, 'name': 'Juno Pix', 'origin_country': 'US'}, {'id': 16775, 'logo_path': None, 'name': 'Arnold Kopelson Productions', 'origin_country': 'US'}]","[{'iso_3166_1': 'US', 'name': 'United States of America'}]",1995-09-22,327311859,127,"[{'english_name': 'English', 'iso_639_1': 'en', 'name': 'English'}]",Released,Gluttony. Greed. Sloth. Envy. Wrath. Pride. Lust.,Se7en,False,8.4,22922
False,/aJn9XeesqsrSLKcHfHP4u5985hn.jpg,"{'id': 284433, 'name': 'Guardians of the Galaxy Collection', 'poster_path': '/kFWLxUwcSpiLzszZbxUIZT9g6WR.jpg', 'backdrop_path': '/sxyF4lVkEvOLVzr8jOF5K5nrMh3.jpg'}",200000000,"[{'id': 878, 'name': 'Science Fiction'}, {'id': 12, 'name': 'Adventure'}, {'id': 28, 'name': 'Action'}]",https://www.marvel.com/movies/guardians-of-the-galaxy-vol-2,283995,tt3896198,['US'],en,Guardians of the Galaxy Vol. 2,The Guardians must fight to keep their newfound family together as they unravel the mysteries of Peter Quill's true parentage.,16.2698,/y4MBh0EjBlMuOzv9axM4qJlmhzz.jpg,"[{'id': 420, 'logo_path': '/hUzeosd33nzE5MCNsZxCGEKTXaQ.png', 'name': 'Marvel Studios', 'origin_country': 'US'}]","[{'iso_3166_1': 'US', 'name': 'United States of America'}]",2017-04-19,863756051,137,"[{'english_name': 'English', 'iso_639_1': 'en', 'name': 'English'}]",Released,Anyone can save the galaxy once.,Guardians of the Galaxy Vol. 2,False,7.609,22812
False,/tSPT36ZKlP2WVHJLM4cQPLSzv3b.jpg,"{'id': 230, 'name': 'The Godfather Collection', 'poster_path': '/kKjIYmvpBUIxcYJ0LL9YZwv4nrZ.jpg', 'backdrop_path': '/28eqCQ51SuLfkbzhQE7jCmTfYfy.jpg'}",6000000,"[{'id': 18, 'name': 'Drama'}, {'id': 80, 'name': 'Crime'}]",http://www.thegodfather.com/,238,tt0068646,['US'],en,The Godfather,"Spanning the years 1945 to 1955, a chronicle of the fictional Italian-American Corleone crime family. When organized crime family patriarch, Vito Corleone barely survives an attempt on his life, his youngest son, Michael steps in to take care of the would-be killers, launching a campaign of bloody revenge.",43.2161,/3bhkrj58Vtu7enYsRolD1fZdja1.jpg,"[{'id': 4, 'logo_path': '/jay6WcMgagAklUt7i9Euwj1pzTF.png', 'name': 'Paramount Pictures', 'origin_country': 'US'}, {'id': 10211, 'logo_path': None, 'name': 'Alfran Productions', 'origin_country': 'US'}, {'id': 16311, 'logo_path': None, 'name': 'ASR Productions', 'origin_country': 'US'}]","[{'iso_3166_1': 'US', 'name': 'United States of America'}]",1972-03-14,245066411,175,"[{'english_name': 'English', 'iso_639_1': 'en', 'name': 'English'}, {'english_name': 'Italian', 'iso_639_1': 'it', 'name': 'Italiano'}, {'english_name': 'Latin', 'iso_639_1': 'la', 'name': 'Latin'}]",Released,An offer you can't refuse.,The Godfather,False,8.7,22777
False,/yFuKvT4Vm3sKHdFY4eG6I4ldAnn.jpg,"{'id': 131295, 'name': 'Captain America Collection', 'poster_path': '/2tOgiY533JSFp7OrVlkeRJvsZpI.jpg', 'backdrop_path': '/7kVucUYqz8fZkOmFtA8opDwJFXM.jpg'}",140000000,"[{'id': 28, 'name': 'Action'}, {'id': 12, 'name': 'Adventure'}, {'id': 878, 'name': 'Science Fiction'}]",https://www.marvel.com/movies/captain-america-the-first-avenger,1771,tt0458339,['US'],en,Captain America: The First Avenger,"During World War II, Steve Rogers is a sickly man from Brooklyn who's transformed into super-soldier Captain America to aid in the war effort. Rogers must stop the Red Skull – Adolf Hitler's ruthless head of weaponry, and the leader of an organization that intends to use a mysterious device of untold powers for world domination.",8.6659,/vSNxAJTlD0r02V9sPYpOjqDZXUK.jpg,"[{'id': 420, 'logo_path': '/hUzeosd33nzE5MCNsZxCGEKTXaQ.png', 'name': 'Marvel Studios', 'origin_country': 'US'}, {'id': 7505, 'logo_path': '/837VMM4wOkODc1idNxGT0KQJlej.png', 'name': 'Marvel Entertainment', 'origin_country': 'US'}]","[{'iso_3166_1': 'US', 'name': 'United States of America'}]",2011-07-22,370569774,124,"[{'english_name': 'French', 'iso_639_1': 'fr', 'name': 'Français'}, {'english_name': 'Norwegian', 'iso_639_1': 'no', 'name': 'Norsk'}, {'english_name': 'English', 'iso_639_1': 'en', 'name': 'English'}]",Released,The one who never gives up awakens.,Captain America: The First Avenger,False,7.004,22619
False,/9IIBboV7MCT0bTxzXHmWK1Hq558.jpg,"{'id': 263, 'name': 'The Dark Knight Collection', 'poster_path': '/ogyw5LTmL53dVxsppcy8Dlm30Fu.jpg', 'backdrop_path': '/xyhrCEdB4XRkelfVsqXeUZ6rLHi.jpg'}",150000000,"[{'id': 18, 'name': 'Drama'}, {'id': 80, 'name': 'Crime'}, {'id': 28, 'name': 'Action'}]",https://www.warnerbros.com/movies/batman-begins/,272,tt0372784,['US'],en,Batman Begins,"Driven by tragedy, billionaire Bruce Wayne dedicates his life to uncovering and defeating the corruption that plagues his home, Gotham City.  Unable to work within the system, he instead creates a new identity, a symbol of fear for the criminal underworld - The Batman.",14.092,/sPX89Td70IDDjVr85jdSBb4rWGr.jpg,"[{'id': 174, 'logo_path': '/zhD3hhtKB5qyv7ZeL4uLpNxgMVU.png', 'name': 'Warner Bros. Pictures', 'origin_country': 'US'}, {'id': 429, 'logo_path': '/4Y00XuSMuP1gimd0jP6JT57QbCI.png', 'name': 'DC', 'origin_country': 'US'}, {'id': 9996, 'logo_path': '/3tvBqYsBhxWeHlu62SIJ1el93O7.png', 'name': 'Syncopy', 'origin_country': 'GB'}, {'id': 923, 'logo_path': '/5UQsZrfbfG2dYJbx8DxfoTr2Bvu.png', 'name': 'Legendary Pictures', 'origin_country': 'US'}, {'id': 19231, 'logo_path': None, 'name': 'Patalex III Productions', 'origin_country': 'GB'}]","[{'iso_3166_1': 'GB', 'name': 'United Kingdom'}, {'iso_3166_1': 'US', 'name': 'United States of America'}]",2005-06-10,374218673,140,"[{'english_name': 'English', 'iso_639_1': 'en', 'name': 'English'}, {'english_name': 'Urdu', 'iso_639_1': 'ur', 'name': 'اردو'}, {'english_name': 'Mandarin', 'iso_639_1': 'zh', 'name': '普通话'}]",Released,Evil fears the knight.,Batman Begins,False,7.723,22465
False,/7lmBufEG7P7Y1HClYK3gCxYrkgS.jpg,"{'id': 131292, 'name': 'Iron Man Collection', 'poster_path': '/fbeJ7f0aD4A112Bc1tnpzyn82xO.jpg', 'backdrop_path': '/rI8zOWkRQJdlAyQ6WJOSlYK6JxZ.jpg'}",200000000,"[{'id': 12, 'name': 'Adventure'}, {'id': 28, 'name': 'Action'}, {'id': 878, 'name': 'Science Fiction'}]",https://www.marvel.com/movies/iron-man-2,10138,tt1228705,['US'],en,Iron Man 2,"With the world now aware of his dual life as the armored superhero Iron Man, billionaire inventor Tony Stark faces pressure from the government, the press and the public to share his technology with the military. Unwilling to let go of his invention, Stark, with Pepper Potts and James 'Rhodey' Rhodes at his side, must forge new alliances – and confront powerful enemies.",27.8953,/6WBeq4fCfn7AN0o21W9qNcRF2l9.jpg,"[{'id': 420, 'logo_path': '/hUzeosd33nzE5MCNsZxCGEKTXaQ.png', 'name': 'Marvel Studios', 'origin_country': 'US'}, {'id': 7297, 'logo_path': '/l29JYQVZbTcjZXoz4CUYFpKRmM3.png', 'name': 'Fairview Entertainment', 'origin_country': 'US'}, {'id': 7505, 'logo_path': '/837VMM4wOkODc1idNxGT0KQJlej.png', 'name': 'Marvel Entertainment', 'origin_country': 'US'}]","[{'iso_3166_1': 'US', 'name': 'United States of America'}]",2010-04-28,623933331,124,"[{'english_name': 'English', 'iso_639_1': 'en', 'name': 'English'}, {'english_name': 'Russian', 'iso_639_1': 'ru', 'name': 'Pусский'}, {'english_name': 'French', 'iso_639_1': 'fr', 'name': 'Français'}]",Released,"It's not the armor that makes the hero, but the man inside.",Iron Man 2,False,6.851,22262
False,/cDJ61O1STtbWNBwefuqVrRe3d7l.jpg,"{'id': 131296, 'name': 'Thor Collection', 'poster_path': '/1fGblAmaE2wU6ts2A83eWBgkmHs.jpg', 'backdrop_path': '/3KL8UNKFWgIKXzLHjwY0uwgjzYl.jpg'}",150000000,"[{'id': 12, 'name': 'Adventure'}, {'id': 14, 'name': 'Fantasy'}, {'id': 28, 'name': 'Action'}]",https://www.marvel.com/movies/thor,10195,tt0800369,['US'],en,Thor,"Against his father Odin's will, The Mighty Thor - a powerful but arrogant warrior god - recklessly reignites an ancient war. Thor is cast down to Earth and forced to live among humans as punishment. Once here, Thor learns what it takes to be a true hero when the most dangerous villain of his world sends the darkest forces of Asgard to invade Earth.",13.1539,/prSfAi1xGrhLQNxVSUFh61xQ4Qy.jpg,"[{'id': 420, 'logo_path': '/hUzeosd33nzE5MCNsZxCGEKTXaQ.png', 'name': 'Marvel Studios', 'origin_country': 'US'}, {'id': 7505, 'logo_path': '/837VMM4wOkODc1idNxGT0KQJlej.png', 'name': 'Marvel Entertainment', 'origin_country': 'US'}]","[{'iso_3166_1': 'US', 'name': 'United States of America'}]",2011-04-21,449326618,115,"[{'english_name': 'English', 'iso_639_1': 'en', 'name': 'English'}]",Released,Courage is immortal.,Thor,False,6.768,22236
False,/yUiXA68FfQeA8cRBhd0Ao0jIRZt.jpg,"{'id': 10, 'name': 'Star Wars Collection', 'poster_path': '/pWVLFh4OuejTpUaDQbB1C4zoS2p.jpg', 'backdrop_path': '/iY2ujEY2m68OTTlPFTiHub9joHS.jpg'}",11000000,"[{'id': 12, 'name': 'Adventure'}, {'id': 28, 'name': 'Action'}, {'id': 878, 'name': 'Science Fiction'}]",http://www.starwars.com/films/star-wars-episode-iv-a-new-hope,11,tt0076759,['US'],en,Star Wars,Princess Leia is captured and held hostage by the evil Imperial forces in their effort to take over the galactic Empire. Venturesome Luke Skywalker and dashing captain Han Solo team together with the loveable robot duo R2-D2 and C-3PO to rescue the beautiful princess and restore peace and justice in the Empire.,23.9322,/6FfCtAuVAW8XJjZ7eWeLibRLWTw.jpg,"[{'id': 1, 'logo_path': '/tlVSws0RvvtPBwViUyOFAO0vcQS.png', 'name': 'Lucasfilm Ltd.', 'origin_country': 'US'}, {'id': 25, 'logo_path': '/qZCc1lty5FzX30aOCVRBLzaVmcp.png', 'name': '20th Century Fox', 'origin_country': 'US'}]","[{'iso_3166_1': 'US', 'name': 'United States of America'}]",1977-05-25,775398007,121,"[{'english_name': 'English', 'iso_639_1': 'en', 'name': 'English'}]",Released,"A long time ago in a galaxy far, far away...",Star Wars,False,8.202,22176
False,/uRNgkJSkNBFbbn9fPsEjDIy8Sh3.jpg,"{'id': 295, 'name': 'Pirates of the Caribbean Collection', 'poster_path': '/zRBaZxS5YauLvRYjAdL4AUCwlht.jpg', 'backdrop_path': '/wxgD3fB5lQ2sGJLog0rvXW049Pf.jpg'}",140000000,"[{'id': 12, 'name': 'Adventure'}, {'id': 14, 'name': 'Fantasy'}, {'id': 28, 'name': 'Action'}]",https://movies.disney.com/pirates-of-the-caribbean-the-curse-of-the-black-pearl,22,tt0325980,['US'],en,Pirates of the Caribbean: The Curse of the Black Pearl,"When wily pirate Captain Barbossa seizes Jack Sparrow’s beloved ship, the Black Pearl, and kidnaps the governor’s daughter, Elizabeth Swann, blacksmith Will Turner reluctantly teams up with the unpredictable pirate Jack to rescue her—only to uncover a terrifying curse that turns Barbossa’s crew into the undead.",22.0243,/kvDwL2gTf6yxujbsWbsGQB3Z9Wa.jpg,"[{'id': 2, 'logo_path': '/wdrCwmRnLFJhEoH8GSfymY85KHT.png', 'name': 'Walt Disney Pictures', 'origin_country': 'US'}, {'id': 130, 'logo_path': '/c9dVHPOL3cqCr2593Ahk0nEKTEM.png', 'name': 'Jerry Bruckheimer Films', 'origin_country': 'US'}]","[{'iso_3166_1': 'US', 'name': 'United States of America'}]",2003-07-09,655011224,143,"[{'english_name': 'English', 'iso_639_1': 'en', 'name': 'English'}]",Released,Prepare to be blown out of the water.,Pirates of the Caribbean: The Curse of the Black Pearl,False,7.82,22090
False,/1OV7hau4D3rWGS5bu8sqBYeVpe.jpg,"{'id': 1241, 'name': 'Harry Potter Collection', 'poster_path': '/eVPs2Y0LyvTLZn6AP5Z6O2rtiGB.jpg', 'backdrop_path': '/kmEsQL2vOTA0jnM28fXS45Ky8kX.jpg'}",150000000,"[{'id': 12, 'name': 'Adventure'}, {'id': 14, 'name': 'Fantasy'}]",https://www.warnerbros.com/movies/harry-potter-and-goblet-fire,674,tt0330373,['GB'],en,Harry Potter and the Goblet of Fire,"When his name emerges from the Goblet of Fire, Harry Potter becomes a competitor in a grueling battle for glory among three wizarding schools—the Triwizard Tournament. But since Harry never submitted his name for the Tournament, who did? Now Harry must confront a deadly dragon, fierce water demons, and an enchanted maze only to find himself in the cruel grasp of He Who Must Not Be Named.",19.4064,/fECBtHlr0RB3foNHDiCBXeg9Bv9.jpg,"[{'id': 174, 'logo_path': '/zhD3hhtKB5qyv7ZeL4uLpNxgMVU.png', 'name': 'Warner Bros. Pictures', 'origin_country': 'US'}, {'id': 437, 'logo_path': '/nu20mtwbEIhUNnQ5NXVhHsNknZj.png', 'name': 'Heyday Films', 'origin_country': 'GB'}, {'id': 462, 'logo_path': None, 'name': 'Patalex IV Productions', 'origin_country': 'GB'}]","[{'iso_3166_1': 'GB', 'name': 'United Kingdom'}, {'iso_3166_1': 'US', 'name': 'United States of America'}]",2005-11-16,895921036,157,"[{'english_name': 'English', 'iso_639_1': 'en', 'name': 'English'}, {'english_name': 'French', 'iso_639_1': 'fr', 'name': 'Français'}]",Released,Dark and difficult times lie ahead.,Harry Potter and the Goblet of Fire,False,7.801,22032
False,/wAk0yKrhAmvsoMvlKs4QImhvK5X.jpg,"{'id': 531242, 'name': 'Suicide Squad Collection', 'poster_path': '/ozjuw4b3UrTavZlmMCZFBqwNXym.jpg', 'backdrop_path': '/e0uUxFdhdGLcvy9eC7WlO2eLusr.jpg'}",175000000,"[{'id': 28, 'name': 'Action'}, {'id': 12, 'name': 'Adventure'}, {'id': 14, 'name': 'Fantasy'}]",http://www.suicidesquad.com/,297761,tt1386697,['US'],en,Suicide Squad,"From DC Comics comes the Suicide Squad, an antihero team of incarcerated supervillains who act as deniable assets for the United States government, undertaking high-risk black ops missions in exchange for commuted prison sentences.",9.8751,/sk3FZgh3sRrmr8vyhaitNobMcfh.jpg,"[{'id': 174, 'logo_path': '/zhD3hhtKB5qyv7ZeL4uLpNxgMVU.png', 'name': 'Warner Bros. Pictures', 'origin_country': 'US'}, {'id': 41624, 'logo_path': '/wzKxIeQKlMP0y5CaAw25MD6EQmf.png', 'name': 'RatPac Entertainment', 'origin_country': 'US'}, {'id': 128064, 'logo_path': '/13F3Jf7EFAcREU0xzZqJnVnyGXu.png', 'name': 'DC Films', 'origin_country': 'US'}, {'id': 507, 'logo_path': '/aRmHe6GWxYMRCQljF75rn2B9Gv8.png', 'name': 'Atlas Entertainment', 'origin_country': 'US'}]","[{'iso_3166_1': 'US', 'name': 'United States of America'}]",2016-08-03,749200054,122,"[{'english_name': 'English', 'iso_639_1': 'en', 'name': 'English'}, {'english_name': 'Japanese', 'iso_639_1': 'ja', 'name': '日本語'}, {'english_name': 'Spanish', 'iso_639_1': 'es', 'name': 'Español'}]",Released,Worst. Heroes. Ever.,Suicide Squad,False,5.917,22011
False,/6G2fLCVm9fiLyHvBrccq6GSe2ih.jpg,"{'id': 131296, 'name': 'Thor Collection', 'poster_path': '/1fGblAmaE2wU6ts2A83eWBgkmHs.jpg', 'backdrop_path': '/3KL8UNKFWgIKXzLHjwY0uwgjzYl.jpg'}",180000000,"[{'id': 28, 'name': 'Action'}, {'id': 878, 'name': 'Science Fiction'}, {'id': 35, 'name': 'Comedy'}]",https://www.marvel.com/movies/thor-ragnarok,284053,tt3501632,['US'],en,Thor: Ragnarok,"Thor is imprisoned on the other side of the universe and finds himself in a race against time to get back to Asgard to stop Ragnarok, the destruction of his home-world and the end of Asgardian civilization, at the hands of a powerful new threat, the ruthless Hela.",14.7377,/rzRwTcFvttcN1ZpX2xv4j3tSdJu.jpg,"[{'id': 420, 'logo_path': '/hUzeosd33nzE5MCNsZxCGEKTXaQ.png', 'name': 'Marvel Studios', 'origin_country': 'US'}]","[{'iso_3166_1': 'US', 'name': 'United States of America'}]",2017-10-02,855301806,131,"[{'english_name': 'English', 'iso_639_1': 'en', 'name': 'English'}]",Released,No hammer. No problem.,Thor: Ragnarok,False,7.581,21894
False,/cbcpDn6XJaIGoOil1bKuskU8ds4.jpg,"{'id': 1241, 'name': 'Harry Potter Collection', 'poster_path': '/eVPs2Y0LyvTLZn6AP5Z6O2rtiGB.jpg', 'backdrop_path': '/kmEsQL2vOTA0jnM28fXS45Ky8kX.jpg'}",125000000,"[{'id': 12, 'name': 'Adventure'}, {'id': 14, 'name': 'Fantasy'}]",https://www.warnerbros.com/movies/harry-potter-and-deathly-hallows-part-2,12445,tt1201607,['GB'],en,Harry Potter and the Deathly Hallows: Part 2,"Harry, Ron and Hermione continue their quest to vanquish the evil Voldemort once and for all. Just as things begin to look hopeless for the young wizards, Harry discovers a trio of magical objects that endow him with powers to rival Voldemort's formidable skills.",20.527,/c54HpQmuwXjHq2C9wmoACjxoom3.jpg,"[{'id': 174, 'logo_path': '/zhD3hhtKB5qyv7ZeL4uLpNxgMVU.png', 'name': 'Warner Bros. Pictures', 'origin_country': 'US'}, {'id': 437, 'logo_path': '/nu20mtwbEIhUNnQ5NXVhHsNknZj.png', 'name': 'Heyday Films', 'origin_country': 'GB'}]","[{'iso_3166_1': 'GB', 'name': 'United Kingdom'}, {'iso_3166_1': 'US', 'name': 'United States of America'}]",2011-07-12,1341511219,130,"[{'english_name': 'English', 'iso_639_1': 'en', 'name': 'English'}]",Released,It all ends.,Harry Potter and the Deathly Hallows: Part 2,False,8.08,21861
False,/zD5v1E4joAzFvmAEytt7fM3ivyT.jpg,"{'id': 531241, 'name': 'Spider-Man (MCU) Collection', 'poster_path': '/yeba3Y820OjApZO9aJevDsNeMEd.jpg', 'backdrop_path': '/AvnqpRwlEaYNVL6wzC4RN94EdSd.jpg'}",200000000,"[{'id': 28, 'name': 'Action'}, {'id': 12, 'name': 'Adventure'}, {'id': 878, 'name': 'Science Fiction'}]",https://www.sonypictures.com/movies/spidermannowayhome,634649,tt10872600,['US'],en,Spider-Man: No Way Home,"Peter Parker is unmasked and no longer able to separate his normal life from the high-stakes of being a super-hero. When he asks for help from Doctor Strange the stakes become even more dangerous, forcing him to discover what it truly means to be Spider-Man.",77.0051,/1g0dhYtq4irTY1GPXvft6k4YLjm.jpg,"[{'id': 420, 'logo_path': '/hUzeosd33nzE5MCNsZxCGEKTXaQ.png', 'name': 'Marvel Studios', 'origin_country': 'US'}, {'id': 84041, 'logo_path': '/nw4kyc29QRpNtFbdsBHkRSFavvt.png', 'name': 'Pascal Pictures', 'origin_country': 'US'}, {'id': 5, 'logo_path': '/71BqEFAF4V3qjjMPCpLuyJFB9A.png', 'name': 'Columbia Pictures', 'origin_country': 'US'}]","[{'iso_3166_1': 'US', 'name': 'United States of America'}]",2021-12-15,1921847111,148,"[{'english_name': 'English', 'iso_639_1': 'en', 'name': 'English'}, {'english_name': 'Tagalog', 'iso_639_1': 'tl', 'name': ''}]",Released,The Multiverse unleashed.,Spider-Man: No Way Home,False,7.934,21812
False,/5bzPWQ2dFUl2aZKkp7ILJVVkRed.jpg,"{'id': 264, 'name': 'Back to the Future Collection', 'poster_path': '/5Xsu2o5IsZRuuxCEVZ9nVve21FP.jpg', 'backdrop_path': '/c9C9Pg2QctyjZHRmS0P8rZg1OTA.jpg'}",19000000,"[{'id': 12, 'name': 'Adventure'}, {'id': 35, 'name': 'Comedy'}, {'id': 878, 'name': 'Science Fiction'}]",http://www.backtothefuture.com/movies/backtothefuture1,105,tt0088763,['US'],en,Back to the Future,"Eighties teenager Marty McFly is accidentally sent back in time to 1955, inadvertently disrupting his parents' first meeting and attracting his mother's romantic interest. Marty must repair the damage to history by rekindling his parents' romance and - with the help of his eccentric inventor friend Doc Brown - return to 1985.",22.2665,/vN5B5WgYscRGcQpVhHl6p9DDTP0.jpg,"[{'id': 33, 'logo_path': '/8lvHyhjr8oUKOOy2dKXoALWKdp0.png', 'name': 'Universal Pictures', 'origin_country': 'US'}, {'id': 56, 'logo_path': '/cEaxANEisCqeEoRvODv2dO1I0iI.png', 'name': 'Amblin Entertainment', 'origin_country': 'US'}]","[{'iso_3166_1': 'US', 'name': 'United States of America'}]",1985-07-03,381109762,116,"[{'english_name': 'English', 'iso_639_1': 'en', 'name': 'English'}]",Released,He was never in time for his classes... He wasn't in time for his dinner... Then one day... he wasn't in his time at all.,Back to the Future,False,8.325,21645
False,/hGGC9gKo7CFE3fW07RA587e5kol.jpg,,175000000,"[{'id': 16, 'name': 'Animation'}, {'id': 35, 'name': 'Comedy'}, {'id': 10751, 'name': 'Family'}, {'id': 12, 'name': 'Adventure'}]",http://disney.go.com/disneypictures/up/,14160,tt1049413,['US'],en,Up,"Carl Fredricksen spent his entire life dreaming of exploring the globe and experiencing life to its fullest. But at age 78, life seems to have passed him by, until a twist of fate (and a persistent 8-year old Wilderness Explorer named Russell) gives him a new lease on life.",17.6864,/mFvoEwSfLqbcWwFsDjQebn9bzFe.jpg,"[{'id': 3, 'logo_path': '/1TjvGVDMYsj6JBxOAkUHpPEwLf7.png', 'name': 'Pixar', 'origin_country': 'US'}]","[{'iso_3166_1': 'US', 'name': 'United States of America'}]",2009-05-28,735103954,96,"[{'english_name': 'English', 'iso_639_1': 'en', 'name': 'English'}]",Released,Change is in the air.,Up,False,7.958,21552
False,/s5QfDFqRO6sjgPtKkjxD0WqXQef.jpg,"{'id': 328, 'name': 'Jurassic Park Collection', 'poster_path': '/qIm2nHXLpBBdMxi8dvfrnDkBUDh.jpg', 'backdrop_path': '/njFixYzIxX8jsn6KMSEtAzi4avi.jpg'}",150000000,"[{'id': 28, 'name': 'Action'}, {'id': 12, 'name': 'Adventure'}, {'id': 878, 'name': 'Science Fiction'}, {'id': 53, 'name': 'Thriller'}]",https://www.jurassicworld.com/,135397,tt0369610,['US'],en,Jurassic World,"Twenty-two years after the events of Jurassic Park, Isla Nublar now features a fully functioning dinosaur theme park, Jurassic World, as originally envisioned by John Hammond.",11.4502,/rhr4y79GpxQF9IsfJItRXVaoGs4.jpg,"[{'id': 56, 'logo_path': '/cEaxANEisCqeEoRvODv2dO1I0iI.png', 'name': 'Amblin Entertainment', 'origin_country': 'US'}, {'id': 33, 'logo_path': '/8lvHyhjr8oUKOOy2dKXoALWKdp0.png', 'name': 'Universal Pictures', 'origin_country': 'US'}, {'id': 923, 'logo_path': '/5UQsZrfbfG2dYJbx8DxfoTr2Bvu.png', 'name': 'Legendary Pictures', 'origin_country': 'US'}]","[{'iso_3166_1': 'US', 'name': 'United States of America'}]",2015-06-06,1671537444,124,"[{'english_name': 'English', 'iso_639_1': 'en', 'name': 'English'}]",Released,The park is open.,Jurassic World,False,6.699,21475
False,/lzMS0CI3FLQYC5EgJoWeIaEt0lm.jpg,,108000000,"[{'id': 878, 'name': 'Science Fiction'}, {'id': 18, 'name': 'Drama'}, {'id': 12, 'name': 'Adventure'}]",https://www.20thcenturystudios.com/movies/the-martian,286217,tt3659388,['US'],en,The Martian,"During a manned mission to Mars, Astronaut Mark Watney is presumed dead after a fierce storm and left behind by his crew. But Watney has survived and finds himself stranded and alone on the hostile planet. With only meager supplies, he must draw upon his ingenuity, wit and spirit to subsist and find a way to signal to Earth that he is alive.",18.1229,/fASz8A0yFE3QB6LgGoOfwvFSseV.jpg,"[{'id': 28788, 'logo_path': '/Aqomtf9oh5dKtxBNEagkdlp3aGv.png', 'name': 'Genre Films', 'origin_country': 'US'}, {'id': 22213, 'logo_path': '/qx9K6bFWJupwde0xQDwOvXkOaL8.png', 'name': 'TSG Entertainment', 'origin_country': 'US'}, {'id': 25, 'logo_path': '/qZCc1lty5FzX30aOCVRBLzaVmcp.png', 'name': '20th Century Fox', 'origin_country': 'US'}, {'id': 221347, 'logo_path': '/6Ry6uNBaa0IbbSs1XYIgX5DkA9r.png', 'name': 'Scott Free Productions', 'origin_country': 'US'}]","[{'iso_3166_1': 'US', 'name': 'United States of America'}]",2015-09-30,631058917,141,"[{'english_name': 'English', 'iso_639_1': 'en', 'name': 'English'}, {'english_name': 'Mandarin', 'iso_639_1': 'zh', 'name': '普通话'}]",Released,Bring him home.,The Martian,False,7.695,21068
False,/g7CHF8gTLGooTbP4GznIGwaqAGL.jpg,"{'id': 1451578, 'name': 'Coco Collection', 'poster_path': '/mzXleaxlzzxd8ViBNIxgsuJQC8T.jpg', 'backdrop_path': '/yTj4TieaECXAmbnQ0OL2lnh1qEM.jpg'}",175000000,"[{'id': 10751, 'name': 'Family'}, {'id': 16, 'name': 'Animation'}, {'id': 10402, 'name': 'Music'}, {'id': 12, 'name': 'Adventure'}]",https://www.pixar.com/feature-films/coco,354912,tt2380307,['US'],en,Coco,"Despite his family’s baffling generations-old ban on music, Miguel dreams of becoming an accomplished musician like his idol, Ernesto de la Cruz. Desperate to prove his talent, Miguel finds himself in the stunning and colorful Land of the Dead following a mysterious chain of events. Along the way, he meets charming trickster Hector, and together, they set off on an extraordinary journey to unlock the real story behind Miguel's family history.",19.6438,/6Ryitt95xrO8KXuqRGm1fUuNwqF.jpg,"[{'id': 3, 'logo_path': '/1TjvGVDMYsj6JBxOAkUHpPEwLf7.png', 'name': 'Pixar', 'origin_country': 'US'}]","[{'iso_3166_1': 'US', 'name': 'United States of America'}]",2017-10-27,814641172,105,"[{'english_name': 'English', 'iso_639_1': 'en', 'name': 'English'}, {'english_name': 'Spanish', 'iso_639_1': 'es', 'name': 'Español'}]",Released,The celebration of a lifetime.,Coco,False,8.197,20840
False,/AaABt75ZzfMGrscUR2seabz4PEX.jpg,"{'id': 468552, 'name': 'Wonder Woman Collection', 'poster_path': '/8AQRfTuTHeFTddZN4IUAqprN8Od.jpg', 'backdrop_path': '/n9KlvCOBFDmSyw3BgNrkUkxMFva.jpg'}",149000000,"[{'id': 28, 'name': 'Action'}, {'id': 12, 'name': 'Adventure'}, {'id': 14, 'name': 'Fantasy'}]",https://www.warnerbros.com/movies/wonder-woman,297762,tt0451279,['US'],en,Wonder Woman,An Amazon princess comes to the world of Man in the grips of the First World War to confront the forces of evil and bring an end to human conflict.,14.2164,/v4ncgZjG2Zu8ZW5al1vIZTsSjqX.jpg,"[{'id': 507, 'logo_path': '/aRmHe6GWxYMRCQljF75rn2B9Gv8.png', 'name': 'Atlas Entertainment', 'origin_country': 'US'}, {'id': 9995, 'logo_path': '/mAIGhOYhN4N2N0F7p4dbKhgXf3l.png', 'name': 'Cruel & Unusual Films', 'origin_country': 'US'}, {'id': 128064, 'logo_path': '/13F3Jf7EFAcREU0xzZqJnVnyGXu.png', 'name': 'DC Films', 'origin_country': 'US'}, {'id': 174, 'logo_path': '/zhD3hhtKB5qyv7ZeL4uLpNxgMVU.png', 'name': 'Warner Bros. Pictures', 'origin_country': 'US'}]","[{'iso_3166_1': 'US', 'name': 'United States of America'}]",2017-05-30,823970682,141,"[{'english_name': 'German', 'iso_639_1': 'de', 'name': 'Deutsch'}, {'english_name': 'English', 'iso_639_1': 'en', 'name': 'English'}]",Released,Power. Grace. Wisdom. Wonder.,Wonder Woman,False,7.208,20825
False,/1K3JmSNUN8OpjYsCjc0Hy0SYxAb.jpg,"{'id': 422834, 'name': 'Ant-Man Collection', 'poster_path': '/9llE4J9sVv8qsvfVGkpugiPTxUV.jpg', 'backdrop_path': '/2KjtWUBiksmN8LsUouaZnxocu5N.jpg'}",130000000,"[{'id': 878, 'name': 'Science Fiction'}, {'id': 12, 'name': 'Adventure'}, {'id': 28, 'name': 'Action'}]",https://www.marvel.com/movies/ant-man,102899,tt0478970,['US'],en,Ant-Man,"Armed with the astonishing ability to shrink in scale but increase in strength, master thief Scott Lang must embrace his inner-hero and help his mentor, Doctor Hank Pym, protect the secret behind his spectacular Ant-Man suit from a new generation of towering threats. Against seemingly insurmountable obstacles, Pym and Lang must plan and pull off a heist that will save the world.",10.5178,/rQRnQfUl3kfp78nCWq8Ks04vnq1.jpg,"[{'id': 420, 'logo_path': '/hUzeosd33nzE5MCNsZxCGEKTXaQ.png', 'name': 'Marvel Studios', 'origin_country': 'US'}]","[{'iso_3166_1': 'US', 'name': 'United States of America'}]",2015-07-14,519311965,117,"[{'english_name': 'English', 'iso_639_1': 'en', 'name': 'English'}]",Released,Heroes don't get any bigger.,Ant-Man,False,7.066,20769
False,/jhk6D8pim3yaByu1801kMoxXFaX.jpg,"{'id': 1069584, 'name': 'Gladiator Collection', 'poster_path': '/41RyTMtScaSYJ5ZHwOrkv3NJKEv.jpg', 'backdrop_path': '/1VdLvSIeHuwqCT13H9EafxCacGB.jpg'}",103000000,"[{'id': 28, 'name': 'Action'}, {'id': 18, 'name': 'Drama'}, {'id': 12, 'name': 'Adventure'}]",,98,tt0172495,['US'],en,Gladiator,"After the death of Emperor Marcus Aurelius, his devious son takes power and demotes Maximus, one of Rome's most capable generals who Marcus preferred. Eventually, Maximus is forced to become a gladiator and battle to the death against other men for the amusement of paying audiences.",17.6324,/wN2xWp1eIwCKOD0BHTcErTBv1Uq.jpg,"[{'id': 33, 'logo_path': '/8lvHyhjr8oUKOOy2dKXoALWKdp0.png', 'name': 'Universal Pictures', 'origin_country': 'US'}, {'id': 1645, 'logo_path': '/6Ry6uNBaa0IbbSs1XYIgX5DkA9r.png', 'name': 'Scott Free Productions', 'origin_country': 'GB'}, {'id': 14440, 'logo_path': '/gk9zllyMFnaVBWTdZpm7VcfQrHC.png', 'name': 'Red Wagon Entertainment', 'origin_country': 'US'}, {'id': 21904, 'logo_path': None, 'name': 'Mill Film', 'origin_country': 'GB'}, {'id': 7, 'logo_path': '/zcKhWbxFJ4CohZ9dLBMxmOArTVn.png', 'name': 'DreamWorks Pictures', 'origin_country': 'US'}]","[{'iso_3166_1': 'GB', 'name': 'United Kingdom'}, {'iso_3166_1': 'US', 'name': 'United States of America'}]",2000-05-04,465516248,155,"[{'english_name': 'English', 'iso_639_1': 'en', 'name': 'English'}]",Released,What we do in life echoes in eternity.,Gladiator,False,8.224,20751
False,/pkxPkHOPJjOvzfQOclANEBT8OfK.jpg,"{'id': 1241, 'name': 'Harry Potter Collection', 'poster_path': '/eVPs2Y0LyvTLZn6AP5Z6O2rtiGB.jpg', 'backdrop_path': '/kmEsQL2vOTA0jnM28fXS45Ky8kX.jpg'}",150000000,"[{'id': 12, 'name': 'Adventure'}, {'id': 14, 'name': 'Fantasy'}]",https://www.warnerbros.com/movies/harry-potter-and-order-phoenix,675,tt0373889,['GB'],en,Harry Potter and the Order of the Phoenix,"Returning for his fifth year at Hogwarts, Harry is stunned to find that his warnings about the return of Lord Voldemort have been ignored. Left with no choice, Harry takes matters into his own hands, training a small group of motivated students to defend themselves against the Dark Arts.",18.2892,/5aOyriWkPec0zUDxmHFP9qMmBaj.jpg,"[{'id': 174, 'logo_path': '/zhD3hhtKB5qyv7ZeL4uLpNxgMVU.png', 'name': 'Warner Bros. Pictures', 'origin_country': 'US'}, {'id': 437, 'logo_path': '/nu20mtwbEIhUNnQ5NXVhHsNknZj.png', 'name': 'Heyday Films', 'origin_country': 'GB'}]","[{'iso_3166_1': 'GB', 'name': 'United Kingdom'}, {'iso_3166_1': 'US', 'name': 'United States of America'}]",2007-07-08,938212738,138,"[{'english_name': 'English', 'iso_639_1': 'en', 'name': 'English'}]",Released,The rebellion begins.,Harry Potter and the Order of the Phoenix,False,7.672,20688
False,/ff2ti5DkA9UYLzyqhQfI2kZqEuh.jpg,"{'id': 404609, 'name': 'John Wick Collection', 'poster_path': '/sm7rZZivZm2NhJDucFf3gpfFdVt.jpg', 'backdrop_path': '/fSwYa5q2xRkBoOOjueLpkLf3N1m.jpg'}",20000000,"[{'id': 28, 'name': 'Action'}, {'id': 53, 'name': 'Thriller'}]",https://johnwick.movie/film/john-wick,245891,tt2911666,['US'],en,John Wick,Ex-hitman John Wick comes out of retirement to track down the gangsters that took everything from him.,10.9014,/wXqWR7dHncNRbxoEGybEy7QTe9h.jpg,"[{'id': 23008, 'logo_path': '/5SarYupipdiejsEqUkwu1SpYfru.png', 'name': '87Eleven', 'origin_country': 'US'}, {'id': 36259, 'logo_path': None, 'name': 'DefyNite Films', 'origin_country': 'US'}, {'id': 36433, 'logo_path': None, 'name': 'MJW Films', 'origin_country': 'US'}, {'id': 3528, 'logo_path': '/cCzCClIzIh81Fa79hpW5nXoUsHK.png', 'name': 'Thunder Road', 'origin_country': 'US'}]","[{'iso_3166_1': 'US', 'name': 'United States of America'}]",2014-10-22,86085191,101,"[{'english_name': 'Hungarian', 'iso_639_1': 'hu', 'name': 'Magyar'}, {'english_name': 'English', 'iso_639_1': 'en', 'name': 'English'}, {'english_name': 'Russian', 'iso_639_1': 'ru', 'name': 'Pусский'}]",Released,Don't set him off.,John Wick,False,7.455,20683
False,/ze6Mx4QE5mQVXRYmG2flncqqle4.jpg,"{'id': 1241, 'name': 'Harry Potter Collection', 'poster_path': '/eVPs2Y0LyvTLZn6AP5Z6O2rtiGB.jpg', 'backdrop_path': '/kmEsQL2vOTA0jnM28fXS45Ky8kX.jpg'}",250000000,"[{'id': 12, 'name': 'Adventure'}, {'id': 14, 'name': 'Fantasy'}]",https://www.warnerbros.com/movies/harry-potter-and-half-blood-prince,767,tt0417741,['GB'],en,Harry Potter and the Half-Blood Prince,"As Lord Voldemort tightens his grip on both the Muggle and wizarding worlds, Hogwarts is no longer a safe haven. Harry suspects perils may even lie within the castle, but Dumbledore is more intent upon preparing him for the final battle fast approaching. Together they work to find the key to unlock Voldemorts defenses and to this end, Dumbledore recruits his old friend and colleague Horace Slughorn, whom he believes holds crucial information. Even as the decisive showdown looms, romance blossoms for Harry, Ron, Hermione and their classmates. Love is in the air, but danger lies ahead and Hogwarts may never be the same again.",18.9847,/z7uo9zmQdQwU5ZJHFpv2Upl30i1.jpg,"[{'id': 174, 'logo_path': '/zhD3hhtKB5qyv7ZeL4uLpNxgMVU.png', 'name': 'Warner Bros. Pictures', 'origin_country': 'US'}, {'id': 437, 'logo_path': '/nu20mtwbEIhUNnQ5NXVhHsNknZj.png', 'name': 'Heyday Films', 'origin_country': 'GB'}]","[{'iso_3166_1': 'GB', 'name': 'United Kingdom'}, {'iso_3166_1': 'US', 'name': 'United States of America'}]",2009-07-15,933959197,153,"[{'english_name': 'English', 'iso_639_1': 'en', 'name': 'English'}]",Released,Dark secrets revealed.,Harry Potter and the Half-Blood Prince,False,7.681,20665
False,/zQ8AxTPiCiS5nnwXpwTBPBHSaa5.jpg,"{'id': 556, 'name': 'Spider-Man Collection', 'poster_path': '/bp5PqLa06QA1LsELA1SsKZ008H7.jpg', 'backdrop_path': '/waZqriYTuBE3WqXI3SDGi3kfDQE.jpg'}",139000000,"[{'id': 28, 'name': 'Action'}, {'id': 878, 'name': 'Science Fiction'}]",https://www.sonypictures.com/movies/spiderman,557,tt0145487,['US'],en,Spider-Man,"After being bitten by a genetically altered spider at Oscorp, nerdy but endearing high school student Peter Parker is endowed with amazing powers to become the superhero known as Spider-Man.",24.1404,/kjdJntyBeEvqm9w97QGBdxPptzj.jpg,"[{'id': 19551, 'logo_path': '/2WpWp9b108hizjHKdA107hFmvQ5.png', 'name': 'Marvel Enterprises', 'origin_country': 'US'}, {'id': 326, 'logo_path': None, 'name': 'Laura Ziskin Productions', 'origin_country': 'US'}, {'id': 5, 'logo_path': '/71BqEFAF4V3qjjMPCpLuyJFB9A.png', 'name': 'Columbia Pictures', 'origin_country': 'US'}]","[{'iso_3166_1': 'US', 'name': 'United States of America'}]",2002-05-01,821708551,121,"[{'english_name': 'English', 'iso_639_1': 'en', 'name': 'English'}]",Released,Go for the ultimate spin.,Spider-Man,False,7.3,20526
False,/TU9NIjwzjoKPwQHoHshkFcQUCG.jpg,,11363000,"[{'id': 35, 'name': 'Comedy'}, {'id': 53, 'name': 'Thriller'}, {'id': 18, 'name': 'Drama'}]",https://www.parasite-movie.com/,496243,tt6751668,['KR'],ko,기생충,"All unemployed, Ki-taek's family takes peculiar interest in the wealthy and glamorous Parks for their livelihood until they get entangled in an unexpected incident.",34.3347,/7IiTTgloJzvGI1TAYymCfbfl3vT.jpg,"[{'id': 4399, 'logo_path': '/rk3kE5QX2dQtH0pPwCHV12qfebg.png', 'name': 'Barunson E&A', 'origin_country': 'KR'}]","[{'iso_3166_1': 'KR', 'name': 'South Korea'}]",2019-05-30,257591776,133,"[{'english_name': 'English', 'iso_639_1': 'en', 'name': 'English'}, {'english_name': 'German', 'iso_639_1': 'de', 'name': 'Deutsch'}, {'english_name': 'Korean', 'iso_639_1': 'ko', 'name': '한국어/조선말'}]",Released,Act like you own the place.,Parasite,False,8.494,20451
False,/eCynaAOgYYiw5yN5lBwz3IxqvaW.jpg,"{'id': 137697, 'name': 'Finding Nemo Collection', 'poster_path': '/cCovtlN16ykvyFYnzKyv3dFtceG.jpg', 'backdrop_path': '/bcWmv9xsKv6xXmdz5OP2wefHcdx.jpg'}",94000000,"[{'id': 16, 'name': 'Animation'}, {'id': 10751, 'name': 'Family'}, {'id': 12, 'name': 'Adventure'}]",http://movies.disney.com/finding-nemo,12,tt0266543,['US'],en,Finding Nemo,"Nemo, an adventurous young clownfish, is unexpectedly taken from his Great Barrier Reef home to a dentist's office aquarium. It's up to his worrisome father Marlin and a friendly but forgetful fish Dory to bring Nemo home -- meeting vegetarian sharks, surfer dude turtles, hypnotic jellyfish, hungry seagulls, and more along the way.",17.8385,/eHuGQ10FUzK1mdOY69wF5pGgEf5.jpg,"[{'id': 3, 'logo_path': '/1TjvGVDMYsj6JBxOAkUHpPEwLf7.png', 'name': 'Pixar', 'origin_country': 'US'}]","[{'iso_3166_1': 'US', 'name': 'United States of America'}]",2003-05-30,940335536,100,"[{'english_name': 'English', 'iso_639_1': 'en', 'name': 'English'}]",Released,There are 3.7 trillion fish in the ocean. They're looking for one.,Finding Nemo,False,7.817,20442
False,/8BTsTfln4jlQrLXUBquXJ0ASQy9.jpg,"{'id': 10, 'name': 'Star Wars Collection', 'poster_path': '/pWVLFh4OuejTpUaDQbB1C4zoS2p.jpg', 'backdrop_path': '/iY2ujEY2m68OTTlPFTiHub9joHS.jpg'}",245000000,"[{'id': 12, 'name': 'Adventure'}, {'id': 28, 'name': 'Action'}, {'id': 878, 'name': 'Science Fiction'}]",http://www.starwars.com/films/star-wars-episode-vii,140607,tt2488496,['US'],en,Star Wars: The Force Awakens,"Thirty years after defeating the Galactic Empire, Han Solo and his allies face a new threat from the evil Kylo Ren and his army of Stormtroopers.",15.9844,/wqnLdwVXoBjKibFRR5U3y0aDUhs.jpg,"[{'id': 1, 'logo_path': '/tlVSws0RvvtPBwViUyOFAO0vcQS.png', 'name': 'Lucasfilm Ltd.', 'origin_country': 'US'}, {'id': 11461, 'logo_path': '/p9FoEt5shEKRWRKVIlvFaEmRnun.png', 'name': 'Bad Robot', 'origin_country': 'US'}]","[{'iso_3166_1': 'US', 'name': 'United States of America'}]",2015-12-15,2068223624,136,"[{'english_name': 'English', 'iso_639_1': 'en', 'name': 'English'}]",Released,Every generation has a story.,Star Wars: The Force Awakens,False,7.25,20438
False,/4DZxWNSAyksN6N3JkvpJ53Yq6zU.jpg,"{'id': 453993, 'name': 'The Wolverine Collection', 'poster_path': '/c18HVnKTybcAUYVQd8rOcdbqwY.jpg', 'backdrop_path': '/5HQnP60igRzNokf5jc6fCKemG4I.jpg'}",97000000,"[{'id': 28, 'name': 'Action'}, {'id': 18, 'name': 'Drama'}, {'id': 878, 'name': 'Science Fiction'}]",https://www.20thcenturystudios.com/movies/logan,263115,tt3315342,['US'],en,Logan,"In the near future, a weary Logan cares for an ailing Professor X in a hideout on the Mexican border. But Logan's attempts to hide from the world and his legacy are upended when a young mutant arrives, pursued by dark forces.",12.8055,/fnbjcRDYn6YviCcePDnGdyAkYsB.jpg,"[{'id': 91797, 'logo_path': '/1AvZ17QgpvN8zGI06ZWoN6gJeDH.png', 'name': 'Hutch Parker Entertainment', 'origin_country': 'US'}, {'id': 431, 'logo_path': '/6dcR1MbRqYgt3jUVYxkHe68GFnZ.png', 'name': ""The Donners' Company"", 'origin_country': 'US'}, {'id': 28788, 'logo_path': '/Aqomtf9oh5dKtxBNEagkdlp3aGv.png', 'name': 'Genre Films', 'origin_country': 'US'}, {'id': 25, 'logo_path': '/qZCc1lty5FzX30aOCVRBLzaVmcp.png', 'name': '20th Century Fox', 'origin_country': 'US'}, {'id': 7505, 'logo_path': '/837VMM4wOkODc1idNxGT0KQJlej.png', 'name': 'Marvel Entertainment', 'origin_country': 'US'}, {'id': 22213, 'logo_path': '/qx9K6bFWJupwde0xQDwOvXkOaL8.png', 'name': 'TSG Entertainment', 'origin_country': 'US'}]","[{'iso_3166_1': 'US', 'name': 'United States of America'}]",2017-02-28,619021436,137,"[{'english_name': 'English', 'iso_639_1': 'en', 'name': 'English'}, {'english_name': 'Spanish', 'iso_639_1': 'es', 'name': 'Español'}]",Released,Someone has come along.,Logan,False,7.8,20292
False,/vcrgU0KaNj5mKUCIQSUdiQwTE9y.jpg,"{'id': 1241, 'name': 'Harry Potter Collection', 'poster_path': '/eVPs2Y0LyvTLZn6AP5Z6O2rtiGB.jpg', 'backdrop_path': '/kmEsQL2vOTA0jnM28fXS45Ky8kX.jpg'}",250000000,"[{'id': 12, 'name': 'Adventure'}, {'id': 14, 'name': 'Fantasy'}]",https://www.warnerbros.com/movies/harry-potter-and-deathly-hallows-part-1,12444,tt0926084,['GB'],en,Harry Potter and the Deathly Hallows: Part 1,"Harry, Ron and Hermione walk away from their last year at Hogwarts to find and destroy the remaining Horcruxes, putting an end to Voldemort's bid for immortality. But with Harry's beloved Dumbledore dead and Voldemort's unscrupulous Death Eaters on the loose, the world is more dangerous than ever.",19.0263,/iGoXIpQb7Pot00EEdwpwPajheZ5.jpg,"[{'id': 174, 'logo_path': '/zhD3hhtKB5qyv7ZeL4uLpNxgMVU.png', 'name': 'Warner Bros. Pictures', 'origin_country': 'US'}, {'id': 437, 'logo_path': '/nu20mtwbEIhUNnQ5NXVhHsNknZj.png', 'name': 'Heyday Films', 'origin_country': 'GB'}]","[{'iso_3166_1': 'GB', 'name': 'United Kingdom'}, {'iso_3166_1': 'US', 'name': 'United States of America'}]",2010-11-17,954305868,146,"[{'english_name': 'English', 'iso_639_1': 'en', 'name': 'English'}]",Released,Nowhere is safe.,Harry Potter and the Deathly Hallows: Part 1,False,7.734,20264
False,/qVGpxnjrGlHaSTCqTQI6viBDSfp.jpg,"{'id': 477962, 'name': 'It Collection', 'poster_path': '/tZ55C7gPExwzvBLCsZMqFZMbB2I.jpg', 'backdrop_path': '/zTlvziOLzdUqUqQ3KZ4W9ex4sBD.jpg'}",35000000,"[{'id': 27, 'name': 'Horror'}, {'id': 53, 'name': 'Thriller'}, {'id': 18, 'name': 'Drama'}]",http://itthemovie.com/,346364,tt1396484,['US'],en,It,"In a small town in Maine, seven children known as The Losers Club come face to face with life problems, bullies and a monster that takes the shape of a clown called Pennywise.",21.2054,/9E2y5Q7WlCVNEhP5GiVTjhEhx1o.jpg,"[{'id': 12, 'logo_path': '/2ycs64eqV5rqKYHyQK0GVoKGvfX.png', 'name': 'New Line Cinema', 'origin_country': 'US'}, {'id': 829, 'logo_path': '/iJo9zP5QCKyBsmKSOcvXd6UDNih.png', 'name': 'Vertigo Entertainment', 'origin_country': 'US'}, {'id': 2723, 'logo_path': '/rB0dyszYRRR3SAG1tfNRzXoYDYq.png', 'name': 'Lin Pictures', 'origin_country': 'US'}, {'id': 87671, 'logo_path': '/kEEGB5Z2XLYeR3AMt3Qds7vMnvM.png', 'name': 'KatzSmith Productions', 'origin_country': 'US'}]","[{'iso_3166_1': 'US', 'name': 'United States of America'}]",2017-09-06,719766009,135,"[{'english_name': 'English', 'iso_639_1': 'en', 'name': 'English'}]",Released,You'll float too.,It,False,7.239,20228
False,/nYs4ZwnJBK4AgljhvzwNz7fpr3E.jpg,,180000000,"[{'id': 16, 'name': 'Animation'}, {'id': 10751, 'name': 'Family'}, {'id': 878, 'name': 'Science Fiction'}]",https://www.pixar.com/feature-films/walle/,10681,tt0910970,['US'],en,WALL·E,"After hundreds of years doing what he was built for, WALL•E— a robot designed to clean up the earth—discovers a new purpose in life when he meets a sleek search robot named EVE. EVE comes to realize that WALL•E has inadvertently stumbled upon the key to the planet's future, and races back to space to report to the humans. Meanwhile, WALL•E chases EVE across the galaxy and sets into motion one of the most imaginative adventures ever brought to the big screen.",15.9764,/hbhFnRzzg6ZDmm8YAmxBnQpQIPh.jpg,"[{'id': 3, 'logo_path': '/1TjvGVDMYsj6JBxOAkUHpPEwLf7.png', 'name': 'Pixar', 'origin_country': 'US'}]","[{'iso_3166_1': 'US', 'name': 'United States of America'}]",2008-06-22,521311860,98,"[{'english_name': 'English', 'iso_639_1': 'en', 'name': 'English'}]",Released,"After 700 years of doing what he was built for, he'll discover what he was meant for.",WALL·E,False,8.11,20133
False,/aCHn2TXYJfzPXQKA6r9mKPbMlUB.jpg,,60000000,"[{'id': 35, 'name': 'Comedy'}, {'id': 18, 'name': 'Drama'}]",,37165,tt0120382,['US'],en,The Truman Show,"In a picture-perfect seaside town, an insurance salesman begins to realize that his entire existence may be staged and observed by a vast unseen audience as part of a reality TV show.",18.8077,/vuza0WqY239yBXOadKlGwJsZJFE.jpg,"[{'id': 4, 'logo_path': '/jay6WcMgagAklUt7i9Euwj1pzTF.png', 'name': 'Paramount Pictures', 'origin_country': 'US'}, {'id': 258, 'logo_path': '/tMI4xPwgxfNaNId3h9dOcHGU1NI.png', 'name': 'Scott Rudin Productions', 'origin_country': 'US'}]","[{'iso_3166_1': 'US', 'name': 'United States of America'}]",1998-06-04,264118712,103,"[{'english_name': 'English', 'iso_639_1': 'en', 'name': 'English'}, {'english_name': 'Italian', 'iso_639_1': 'it', 'name': 'Italiano'}, {'english_name': 'Japanese', 'iso_639_1': 'ja', 'name': '日本語'}, {'english_name': 'Spanish', 'iso_639_1': 'es', 'name': 'Español'}]",Released,On the air. Unaware.,The Truman Show,False,8.152,20053
False,/1RWLMyC9KcFfcaoViMiJGSSZzzr.jpg,"{'id': 131295, 'name': 'Captain America Collection', 'poster_path': '/2tOgiY533JSFp7OrVlkeRJvsZpI.jpg', 'backdrop_path': '/7kVucUYqz8fZkOmFtA8opDwJFXM.jpg'}",170000000,"[{'id': 28, 'name': 'Action'}, {'id': 12, 'name': 'Adventure'}, {'id': 878, 'name': 'Science Fiction'}]",https://www.marvel.com/movies/captain-america-the-winter-soldier,100402,tt1843866,['US'],en,Captain America: The Winter Soldier,"After the cataclysmic events in New York with The Avengers, Steve Rogers, aka Captain America is living quietly in Washington, D.C. and trying to adjust to the modern world. But when a S.H.I.E.L.D. colleague comes under attack, Steve becomes embroiled in a web of intrigue that threatens to put the world at risk. Joining forces with the Black Widow, Captain America struggles to expose the ever-widening conspiracy while fighting off professional assassins sent to silence him at every turn. When the full scope of the villainous plot is revealed, Captain America and the Black Widow enlist the help of a new ally, the Falcon. However, they soon find themselves up against an unexpected and formidable enemy—the Winter Soldier.",8.4254,/tVFRpFw3xTedgPGqxW0AOI8Qhh0.jpg,"[{'id': 420, 'logo_path': '/hUzeosd33nzE5MCNsZxCGEKTXaQ.png', 'name': 'Marvel Studios', 'origin_country': 'US'}]","[{'iso_3166_1': 'US', 'name': 'United States of America'}]",2014-03-20,714766572,136,"[{'english_name': 'English', 'iso_639_1': 'en', 'name': 'English'}]",Released,In heroes we trust.,Captain America: The Winter Soldier,False,7.653,19890
False,/iWak7wT0j6ycCc8lKr4NBz9c7n5.jpg,,61000000,"[{'id': 9648, 'name': 'Mystery'}, {'id': 53, 'name': 'Thriller'}, {'id': 18, 'name': 'Drama'}]",https://www.20thcenturystudios.com/movies/gone-girl,210577,tt2267998,['US'],en,Gone Girl,"With his wife's disappearance having become the focus of an intense media circus, a man sees the spotlight turned on him when it's suspected that he may not be innocent.",20.52,/ts996lKsxvjkO2yiYG0ht4qAicO.jpg,"[{'id': 25, 'logo_path': '/qZCc1lty5FzX30aOCVRBLzaVmcp.png', 'name': '20th Century Fox', 'origin_country': 'US'}, {'id': 508, 'logo_path': '/4sGWXoboEkWPphI6es6rTmqkCBh.png', 'name': 'Regency Enterprises', 'origin_country': 'US'}, {'id': 22213, 'logo_path': '/qx9K6bFWJupwde0xQDwOvXkOaL8.png', 'name': 'TSG Entertainment', 'origin_country': 'US'}]","[{'iso_3166_1': 'US', 'name': 'United States of America'}]",2014-10-01,370890259,149,"[{'english_name': 'English', 'iso_639_1': 'en', 'name': 'English'}]",Released,You don't know what you've got 'til it's...,Gone Girl,False,7.9,19838
False,/3Rfvhy1Nl6sSGJwyjb0QiZzZYlB.jpg,"{'id': 10194, 'name': 'Toy Story Collection', 'poster_path': '/rki5qLuwb0xnnE9seehxO9TlLhW.jpg', 'backdrop_path': '/hApclyB9NEZEQujAVajzi5iWE4a.jpg'}",30000000,"[{'id': 10751, 'name': 'Family'}, {'id': 35, 'name': 'Comedy'}, {'id': 16, 'name': 'Animation'}, {'id': 12, 'name': 'Adventure'}]",http://toystory.disney.com/toy-story,862,tt0114709,['US'],en,Toy Story,"Led by Woody, Andy's toys live happily in his room until Andy's birthday brings Buzz Lightyear onto the scene. Afraid of losing his place in Andy's heart, Woody plots against Buzz. But when circumstances separate Buzz and Woody from their owner, the duo eventually learns to put aside their differences.",23.3206,/uXDfjJbdP4ijW5hWSBrPrlKpxab.jpg,"[{'id': 3, 'logo_path': '/1TjvGVDMYsj6JBxOAkUHpPEwLf7.png', 'name': 'Pixar', 'origin_country': 'US'}]","[{'iso_3166_1': 'US', 'name': 'United States of America'}]",1995-11-22,401157969,81,"[{'english_name': 'English', 'iso_639_1': 'en', 'name': 'English'}]",Released,The adventure takes off when toys come to life!,Toy Story,False,7.971,19747
False,/sDTnMOJ3H5wI38OxObmCtK7wfd5.jpg,"{'id': 137696, 'name': 'Monsters, Inc. Collection', 'poster_path': '/4Cp0L58Rg1bSJSsT6uw7OuU4nYc.jpg', 'backdrop_path': '/x4Mq7gDRhbqDjw4SkemLvd1yzF3.jpg'}",115000000,"[{'id': 16, 'name': 'Animation'}, {'id': 35, 'name': 'Comedy'}, {'id': 10751, 'name': 'Family'}]",http://movies.disney.com/monsters-inc,585,tt0198781,['US'],en,"Monsters, Inc.","Lovable Sulley and his wisecracking sidekick Mike Wazowski are the top scare team at Monsters, Inc., the scream-processing factory in Monstropolis. When a little girl named Boo wanders into their world, it's the monsters who are scared silly, and it's up to Sulley and Mike to keep her out of sight and get her back home.",23.9393,/wFSpyMsp7H0ttERbxY7Trlv8xry.jpg,"[{'id': 3, 'logo_path': '/1TjvGVDMYsj6JBxOAkUHpPEwLf7.png', 'name': 'Pixar', 'origin_country': 'US'}]","[{'iso_3166_1': 'US', 'name': 'United States of America'}]",2001-11-01,579700000,92,"[{'english_name': 'English', 'iso_639_1': 'en', 'name': 'English'}]",Released,It's nothing personal. It's just their job.,"Monsters, Inc.",False,7.848,19657
False,/8Qsr8pvDL3s1jNZQ4HK1d1Xlvnh.jpg,"{'id': 435259, 'name': 'Fantastic Beasts Collection', 'poster_path': '/wsVseA7i3FqX24m26Z2gD3EtH4l.jpg', 'backdrop_path': '/oTAuBBcUiUBNKxurftOmEAoye0a.jpg'}",180000000,"[{'id': 14, 'name': 'Fantasy'}, {'id': 12, 'name': 'Adventure'}]",http://www.fantasticbeasts.com/,259316,tt3183660,"['GB', 'US']",en,Fantastic Beasts and Where to Find Them,"In 1926, Newt Scamander arrives at the Magical Congress of the United States of America with a magically expanded briefcase, which houses a number of dangerous creatures and their habitats. When the creatures escape from the briefcase, it sends the American wizarding authorities after Newt, and threatens to strain even further the state of magical and non-magical relations.",11.4605,/fLsaFKExQt05yqjoAvKsmOMYvJR.jpg,"[{'id': 437, 'logo_path': '/nu20mtwbEIhUNnQ5NXVhHsNknZj.png', 'name': 'Heyday Films', 'origin_country': 'GB'}, {'id': 174, 'logo_path': '/zhD3hhtKB5qyv7ZeL4uLpNxgMVU.png', 'name': 'Warner Bros. Pictures', 'origin_country': 'US'}]","[{'iso_3166_1': 'GB', 'name': 'United Kingdom'}, {'iso_3166_1': 'US', 'name': 'United States of America'}]",2016-11-16,809342332,133,"[{'english_name': 'English', 'iso_639_1': 'en', 'name': 'English'}]",Released,From J.K. Rowling's wizarding world.,Fantastic Beasts and Where to Find Them,False,7.307,19623
False,/6GF9uJs7AnbcJvyfoZyjZv063Oo.jpg,"{'id': 94032, 'name': 'The Lion King Collection', 'poster_path': '/oG1heUs503GV6xBnFhgyYTGWm05.jpg', 'backdrop_path': '/A9IEaj9cPAwEgFnTmteB70oxgJY.jpg'}",45000000,"[{'id': 16, 'name': 'Animation'}, {'id': 10751, 'name': 'Family'}, {'id': 18, 'name': 'Drama'}]",http://movies.disney.com/the-lion-king,8587,tt0110357,['US'],en,The Lion King,"Young lion prince Simba, eager to one day become king of the Pride Lands, grows up under the watchful eye of his father Mufasa; all the while his villainous uncle Scar conspires to take the throne for himself. Amid betrayal and tragedy, Simba must confront his past and find his rightful place in the Circle of Life.",23.7942,/sKCr78MXSLixwmZ8DyJLrpMsd15.jpg,"[{'id': 2, 'logo_path': '/wdrCwmRnLFJhEoH8GSfymY85KHT.png', 'name': 'Walt Disney Pictures', 'origin_country': 'US'}, {'id': 171656, 'logo_path': '/4UBohOtIr9DtxylH48Qsg6aDow6.png', 'name': 'Walt Disney Feature Animation', 'origin_country': 'US'}]","[{'iso_3166_1': 'US', 'name': 'United States of America'}]",1994-06-15,763455561,89,"[{'english_name': 'English', 'iso_639_1': 'en', 'name': 'English'}]",Released,The greatest adventure of all is finding our place in the Circle of Life.,The Lion King,False,8.252,19580
False,/xyXmtuvsoM5J3yNad0nvcetpBdY.jpg,"{'id': 121938, 'name': 'The Hobbit Collection', 'poster_path': '/5CdxtgYjQKgrkx6wXs6w2ZE2cKW.jpg', 'backdrop_path': '/7wO7MSnP5UcwR2cTHdJFF1vP4Ie.jpg'}",250000000,"[{'id': 12, 'name': 'Adventure'}, {'id': 14, 'name': 'Fantasy'}, {'id': 28, 'name': 'Action'}]",http://www.thehobbit.com/,49051,tt0903624,['US'],en,The Hobbit: An Unexpected Journey,"Bilbo Baggins, a hobbit enjoying his quiet life, is swept into an epic quest by Gandalf the Grey and thirteen dwarves who seek to reclaim their mountain home from Smaug, the dragon.",16.6274,/yHA9Fc37VmpUA5UncTxxo3rTGVA.jpg,"[{'id': 12, 'logo_path': '/2ycs64eqV5rqKYHyQK0GVoKGvfX.png', 'name': 'New Line Cinema', 'origin_country': 'US'}, {'id': 21, 'logo_path': '/usUnaYV6hQnlVAXP6r4HwrlLFPG.png', 'name': 'Metro-Goldwyn-Mayer', 'origin_country': 'US'}, {'id': 11, 'logo_path': '/6FAuASQHybRkZUk08p9PzSs9ezM.png', 'name': 'WingNut Films', 'origin_country': 'NZ'}]","[{'iso_3166_1': 'NZ', 'name': 'New Zealand'}, {'iso_3166_1': 'US', 'name': 'United States of America'}]",2012-12-12,1021103568,169,"[{'english_name': 'English', 'iso_639_1': 'en', 'name': 'English'}]",Released,From the smallest beginnings come the greatest legends.,The Hobbit: An Unexpected Journey,False,7.37,19517
False,/mNQtUJv1F3u0uSKILFrGjIHqkxx.jpg,,135000000,"[{'id': 37, 'name': 'Western'}, {'id': 18, 'name': 'Drama'}, {'id': 12, 'name': 'Adventure'}]",https://www.foxmovies.com/movies/the-revenant,281957,tt1663202,['US'],en,The Revenant,"In the 1820s, a frontiersman, Hugh Glass, sets out on a path of vengeance against those who left him for dead after a bear mauling.",11.0307,/ji3ecJphATlVgWNY0B0RVXZizdf.jpg,"[{'id': 77845, 'logo_path': None, 'name': 'Monarchy Enterprises S.a.r.l.', 'origin_country': ''}, {'id': 508, 'logo_path': '/4sGWXoboEkWPphI6es6rTmqkCBh.png', 'name': 'Regency Enterprises', 'origin_country': 'US'}, {'id': 562, 'logo_path': '/azANEzu3H3Kztzt63sdjvlzxhuB.png', 'name': 'Appian Way', 'origin_country': 'US'}, {'id': 8870, 'logo_path': '/f2hj6ssc0KBRSafGnycnN5A1aGF.png', 'name': 'CatchPlay', 'origin_country': 'TW'}, {'id': 10039, 'logo_path': '/b8w4LldQolMKiLZw4FQJBcXSDGI.png', 'name': 'Anonymous Content', 'origin_country': 'US'}, {'id': 10104, 'logo_path': '/4sGWXoboEkWPphI6es6rTmqkCBh.png', 'name': 'New Regency Pictures', 'origin_country': 'US'}, {'id': 13796, 'logo_path': None, 'name': 'Hong Kong Alpha Motion Pictures Co.', 'origin_country': 'HK'}, {'id': 52660, 'logo_path': None, 'name': 'M Productions', 'origin_country': 'US'}, {'id': 41624, 'logo_path': '/wzKxIeQKlMP0y5CaAw25MD6EQmf.png', 'name': 'RatPac Entertainment', 'origin_country': 'US'}]","[{'iso_3166_1': 'CA', 'name': 'Canada'}, {'iso_3166_1': 'HK', 'name': 'Hong Kong'}, {'iso_3166_1': 'TW', 'name': 'Taiwan'}, {'iso_3166_1': 'US', 'name': 'United States of America'}]",2015-12-25,532950503,157,"[{'english_name': 'English', 'iso_639_1': 'en', 'name': 'English'}, {'english_name': 'French', 'iso_639_1': 'fr', 'name': 'Français'}]",Released,Blood lost. Life found.,The Revenant,False,7.54,19209
False,/uKPbFF08QkRMvIAsgCh1soeyPhZ.jpg,,47000000,"[{'id': 18, 'name': 'Drama'}, {'id': 878, 'name': 'Science Fiction'}, {'id': 9648, 'name': 'Mystery'}]",http://www.arrivalmovie.com/,329865,tt2543164,['US'],en,Arrival,"Taking place after alien crafts land around the world, an expert linguist is recruited by the military to determine whether they come in peace or are a threat.",21.0163,/pEzNVQfdzYDzVK0XqxERIw2x2se.jpg,"[{'id': 7493, 'logo_path': '/fHitYiGUCkRafgt6VPYQlXWLkdp.png', 'name': 'FilmNation Entertainment', 'origin_country': 'US'}, {'id': 32300, 'logo_path': None, 'name': 'Lava Bear Films', 'origin_country': 'US'}, {'id': 2575, 'logo_path': '/9YJrHYlcfHtwtulkFMAies3aFEl.png', 'name': '21 Laps Entertainment', 'origin_country': 'US'}]","[{'iso_3166_1': 'US', 'name': 'United States of America'}]",2016-11-10,203388186,116,"[{'english_name': 'Mandarin', 'iso_639_1': 'zh', 'name': '普通话'}, {'english_name': 'English', 'iso_639_1': 'en', 'name': 'English'}, {'english_name': 'Russian', 'iso_639_1': 'ru', 'name': 'Pусский'}]",Released,Why are they here?,Arrival,False,7.624,19203
False,/3P52oz9HPQWxcwHOwxtyrVV1LKi.jpg,"{'id': 448150, 'name': 'Deadpool Collection', 'poster_path': '/30c5jO7YEXuF8KiWXLg9m28GWDA.jpg', 'backdrop_path': '/dTq7mGyAR5eAydR532feWfjJjzm.jpg'}",110000000,"[{'id': 28, 'name': 'Action'}, {'id': 35, 'name': 'Comedy'}, {'id': 12, 'name': 'Adventure'}]",https://www.20thcenturystudios.com/movies/deadpool-2,383498,tt5463162,['US'],en,Deadpool 2,Wisecracking mercenary Deadpool battles the evil and powerful Cable and other bad guys to save a boy's life.,13.5038,/to0spRl1CMDvyUbOnbb4fTk3VAd.jpg,"[{'id': 104228, 'logo_path': '/hx0C1XcSxGgat8N62GpxoJGTkCk.png', 'name': 'Maximum Effort', 'origin_country': 'US'}, {'id': 28788, 'logo_path': '/Aqomtf9oh5dKtxBNEagkdlp3aGv.png', 'name': 'Genre Films', 'origin_country': 'US'}, {'id': 25, 'logo_path': '/qZCc1lty5FzX30aOCVRBLzaVmcp.png', 'name': '20th Century Fox', 'origin_country': 'US'}, {'id': 7505, 'logo_path': '/837VMM4wOkODc1idNxGT0KQJlej.png', 'name': 'Marvel Entertainment', 'origin_country': 'US'}]","[{'iso_3166_1': 'US', 'name': 'United States of America'}]",2018-05-15,785896632,120,"[{'english_name': 'Cantonese', 'iso_639_1': 'cn', 'name': '广州话 / 廣州話'}, {'english_name': 'English', 'iso_639_1': 'en', 'name': 'English'}, {'english_name': 'Russian', 'iso_639_1': 'ru', 'name': 'Pусский'}, {'english_name': 'Spanish', 'iso_639_1': 'es', 'name': 'Español'}]",Released,Prepare for the Second Coming.,Deadpool 2,False,7.49,19108
False,/b6HWTOxn1xevvyHU2K9ICvaRU6g.jpg,,60000000,"[{'id': 14, 'name': 'Fantasy'}, {'id': 18, 'name': 'Drama'}, {'id': 80, 'name': 'Crime'}]",http://thegreenmile.warnerbros.com/,497,tt0120689,['US'],en,The Green Mile,"A supernatural tale set on death row in a Southern prison, where gentle giant John Coffey possesses the mysterious power to heal people's ailments. When the cell block's head guard, Paul Edgecomb, recognizes Coffey's miraculous gift, he tries desperately to help stave off the condemned man's execution.",24.1278,/8VG8fDNiy50H4FedGwdSVUPoaJe.jpg,"[{'id': 97, 'logo_path': '/smyTD67uNsdaySnnjVDmh0kyotp.png', 'name': 'Castle Rock Entertainment', 'origin_country': 'US'}, {'id': 3982, 'logo_path': '/bli7HkPOXOEWsDwDK0W7XXfeUU2.png', 'name': 'Darkwoods Productions', 'origin_country': 'US'}]","[{'iso_3166_1': 'US', 'name': 'United States of America'}]",1999-12-10,286801374,189,"[{'english_name': 'French', 'iso_639_1': 'fr', 'name': 'Français'}, {'english_name': 'English', 'iso_639_1': 'en', 'name': 'English'}]",Released,Paul Edgecomb didn't believe in miracles. Until the day he met one.,The Green Mile,False,8.504,19101
False,/5fX1oSGuYdKgwWmUTAN5MNSQGzr.jpg,"{'id': 209131, 'name': 'Man of Steel Collection', 'poster_path': '/rNnIW6xSPeTiIUtsfEhFeIRiJVv.jpg', 'backdrop_path': '/rPaqhsSMCky0UXVW4qmNOJq5Orp.jpg'}",250000000,"[{'id': 28, 'name': 'Action'}, {'id': 12, 'name': 'Adventure'}, {'id': 14, 'name': 'Fantasy'}]",https://www.warnerbros.com/movies/batman-v-superman-dawn-justice,209112,tt2975590,['US'],en,Batman v Superman: Dawn of Justice,"Fearing the actions of a god-like Super Hero left unchecked, Gotham City’s own formidable, forceful vigilante takes on Metropolis’s most revered, modern-day savior, while the world wrestles with what sort of hero it really needs. And with Batman and Superman at war with one another, a new threat quickly arises, putting mankind in greater danger than it’s ever known before.",14.9637,/5UsK3grJvtQrtzEgqNlDljJW96w.jpg,"[{'id': 174, 'logo_path': '/zhD3hhtKB5qyv7ZeL4uLpNxgMVU.png', 'name': 'Warner Bros. Pictures', 'origin_country': 'US'}, {'id': 41624, 'logo_path': '/wzKxIeQKlMP0y5CaAw25MD6EQmf.png', 'name': 'RatPac Entertainment', 'origin_country': 'US'}, {'id': 507, 'logo_path': '/aRmHe6GWxYMRCQljF75rn2B9Gv8.png', 'name': 'Atlas Entertainment', 'origin_country': 'US'}, {'id': 9995, 'logo_path': '/mAIGhOYhN4N2N0F7p4dbKhgXf3l.png', 'name': 'Cruel & Unusual Films', 'origin_country': 'US'}, {'id': 429, 'logo_path': '/4Y00XuSMuP1gimd0jP6JT57QbCI.png', 'name': 'DC', 'origin_country': 'US'}]","[{'iso_3166_1': 'US', 'name': 'United States of America'}]",2016-03-23,874362803,152,"[{'english_name': 'English', 'iso_639_1': 'en', 'name': 'English'}]",Released,The greatest gladiator match in the history of the world.,Batman v Superman: Dawn of Justice,False,5.992,18886
False,/mmd1HnuvAzFc4iuVJcnBrhDNEKr.jpg,"{'id': 530064, 'name': 'The Shining Collection', 'poster_path': '/iic9YD6zyz2mWIoHVaFy34N0MxX.jpg', 'backdrop_path': '/8L2bt7OWxrVhZPrFPkyZW4rEXzq.jpg'}",19000000,"[{'id': 27, 'name': 'Horror'}, {'id': 53, 'name': 'Thriller'}]",https://www.warnerbros.com/movies/shining,694,tt0081505,['US'],en,The Shining,"Jack Torrance accepts a caretaker job at the Overlook Hotel, where he, along with his wife Wendy and their son Danny, must live isolated from the rest of the world for the winter. But they aren't prepared for the madness that lurks within.",16.0784,/uAR0AWqhQL1hQa69UDEbb2rE5Wx.jpg,"[{'id': 174, 'logo_path': '/zhD3hhtKB5qyv7ZeL4uLpNxgMVU.png', 'name': 'Warner Bros. Pictures', 'origin_country': 'US'}, {'id': 11272, 'logo_path': None, 'name': 'Peregrine', 'origin_country': 'GB'}, {'id': 88, 'logo_path': None, 'name': 'Hawk Films', 'origin_country': 'GB'}, {'id': 734, 'logo_path': '/nJ9FtMXQZ0zoP8VEzxGJNvWPRZb.png', 'name': 'The Producer Circle Co.', 'origin_country': 'US'}]","[{'iso_3166_1': 'GB', 'name': 'United Kingdom'}, {'iso_3166_1': 'US', 'name': 'United States of America'}]",1980-05-23,44781695,144,"[{'english_name': 'English', 'iso_639_1': 'en', 'name': 'English'}]",Released,A masterpiece of modern horror.,The Shining,False,8.205,18807
False,/iffzIhuLAO38Po6sh1s6ZEVwlNL.jpg,"{'id': 2883, 'name': 'Kill Bill Collection', 'poster_path': '/tf1nUtw3LJGUGv1EFFi23iz6ngr.jpg', 'backdrop_path': '/voSMLsbi3f0YMGuC8DvflOEB3lo.jpg'}",30000000,"[{'id': 28, 'name': 'Action'}, {'id': 80, 'name': 'Crime'}]",http://www.miramax.com/movie/kill-bill-volume-1,24,tt0266697,['US'],en,Kill Bill: Vol. 1,"An assassin is shot by her ruthless employer, Bill, and other members of their assassination circle – but she lives to plot her vengeance.",15.0175,/v7TaX8kXMXs5yFFGR41guUDNcnB.jpg,"[{'id': 14, 'logo_path': '/m6AHu84oZQxvq7n1rsvMNJIAsMu.png', 'name': 'Miramax', 'origin_country': 'US'}, {'id': 59, 'logo_path': '/b1tj5EWcFQLYaQrw1D9V4s8kUgN.png', 'name': 'A Band Apart', 'origin_country': 'US'}, {'id': 39121, 'logo_path': None, 'name': 'Super Cool ManChu', 'origin_country': 'US'}]","[{'iso_3166_1': 'US', 'name': 'United States of America'}]",2003-10-10,180906076,111,"[{'english_name': 'English', 'iso_639_1': 'en', 'name': 'English'}, {'english_name': 'Japanese', 'iso_639_1': 'ja', 'name': '日本語'}, {'english_name': 'French', 'iso_639_1': 'fr', 'name': 'Français'}]",Released,Here comes the bride.,Kill Bill: Vol. 1,False,7.971,18806
False,/lxwzY9vNwjDgxWKt3zZ6zcU6rEJ.jpg,"{'id': 468222, 'name': 'The Incredibles Collection', 'poster_path': '/l7GqbzkJwowYRIXAtUz2iCPi64a.jpg', 'backdrop_path': '/6oi6V1O9MJRNnfV8E9JMntmFqBD.jpg'}",92000000,"[{'id': 28, 'name': 'Action'}, {'id': 12, 'name': 'Adventure'}, {'id': 16, 'name': 'Animation'}, {'id': 10751, 'name': 'Family'}]",http://disney.go.com/disneyvideos/animatedfilms/incredibles/main.html,9806,tt0317705,['US'],en,The Incredibles,"Bob Parr has given up his superhero days to log in time as an insurance adjuster and raise his three children with his formerly heroic wife in suburbia. But when he receives a mysterious assignment, it's time to get back into costume.",15.6778,/2LqaLgk4Z226KkgPJuiOQ58wvrm.jpg,"[{'id': 3, 'logo_path': '/1TjvGVDMYsj6JBxOAkUHpPEwLf7.png', 'name': 'Pixar', 'origin_country': 'US'}]","[{'iso_3166_1': 'US', 'name': 'United States of America'}]",2004-10-27,631442092,115,"[{'english_name': 'French', 'iso_639_1': 'fr', 'name': 'Français'}, {'english_name': 'English', 'iso_639_1': 'en', 'name': 'English'}]",Released,Expect the incredible.,The Incredibles,False,7.722,18785
False,/o8dPH0ZSIyyViP6rjRX1djwCUwI.jpg,,4500000,"[{'id': 9648, 'name': 'Mystery'}, {'id': 53, 'name': 'Thriller'}, {'id': 27, 'name': 'Horror'}]",http://www.getoutfilm.com/,419430,tt5052448,['US'],en,Get Out,"Chris and his girlfriend Rose go upstate to visit her parents for the weekend. At first, Chris reads the family's overly accommodating behavior as nervous attempts to deal with their daughter's interracial relationship, but as the weekend progresses, a series of increasingly disturbing discoveries lead him to a truth that he never could have imagined.",12.8978,/mE24wUCfjK8AoBBjaMjho7Rczr7.jpg,"[{'id': 88934, 'logo_path': '/5Be96V9WXa7jJInSDPqDOqMBA0o.png', 'name': 'Monkeypaw Productions', 'origin_country': 'US'}, {'id': 3172, 'logo_path': '/rzKluDcRkIwHZK2pHsiT667A2Kw.png', 'name': 'Blumhouse Productions', 'origin_country': 'US'}, {'id': 72725, 'logo_path': '/gflhJ4lNROXuYMeN4giNrVQvtDw.png', 'name': 'QC Entertainment', 'origin_country': 'US'}]","[{'iso_3166_1': 'US', 'name': 'United States of America'}]",2017-02-24,255407969,104,"[{'english_name': 'English', 'iso_639_1': 'en', 'name': 'English'}]",Released,"Just because you're invited, doesn't mean you're welcome.",Get Out,False,7.621,18760
False,/40Wtp7kMG6mZ4d5T1jfrd8qrvD4.jpg,"{'id': 2150, 'name': 'Shrek Collection', 'poster_path': '/qNHZMe92A7Pyl46qUH29hVOtbSK.jpg', 'backdrop_path': '/lhsd1zCsq5UquvcNalmhuddV3tI.jpg'}",60000000,"[{'id': 16, 'name': 'Animation'}, {'id': 35, 'name': 'Comedy'}, {'id': 14, 'name': 'Fantasy'}, {'id': 12, 'name': 'Adventure'}, {'id': 10751, 'name': 'Family'}]",http://www.dreamworksanimation.com/shrek/,808,tt0126029,['US'],en,Shrek,"It ain't easy bein' green -- especially if you're a likable (albeit smelly) ogre named Shrek. On a mission to retrieve a gorgeous princess from the clutches of a fire-breathing dragon, Shrek teams up with an unlikely compatriot -- a wisecracking donkey.",24.5703,/iB64vpL3dIObOtMZgX3RqdVdQDc.jpg,"[{'id': 520, 'logo_path': '/pU7YTI9FfrICurXpl5V9TfCO0oJ.png', 'name': 'Pacific Data Images', 'origin_country': 'US'}, {'id': 521, 'logo_path': '/3BPX5VGBov8SDqTV7wC1L1xShAS.png', 'name': 'DreamWorks Animation', 'origin_country': 'US'}, {'id': 7, 'logo_path': '/zcKhWbxFJ4CohZ9dLBMxmOArTVn.png', 'name': 'DreamWorks Pictures', 'origin_country': 'US'}]","[{'iso_3166_1': 'US', 'name': 'United States of America'}]",2001-05-18,488977919,90,"[{'english_name': 'English', 'iso_639_1': 'en', 'name': 'English'}]",Released,The greatest fairy tale never told.,Shrek,False,7.759,18605
False,/HVcza6tJtWFrLriuh3Ano4Vt46.jpg,"{'id': 125574, 'name': 'The Amazing Spider-Man Collection', 'poster_path': '/68CqVxCH14br7EHFu67peDDjZX9.jpg', 'backdrop_path': '/aLrNTcLN2kDu9jAJ4tS5haiWGc6.jpg'}",215000000,"[{'id': 28, 'name': 'Action'}, {'id': 12, 'name': 'Adventure'}, {'id': 878, 'name': 'Science Fiction'}]",https://www.sonypictures.com/movies/theamazingspiderman,1930,tt0948470,['US'],en,The Amazing Spider-Man,"Peter Parker is an outcast high schooler abandoned by his parents as a boy, leaving him to be raised by his Uncle Ben and Aunt May. Like most teenagers, Peter is trying to figure out who he is and how he got to be the person he is today. As Peter discovers a mysterious briefcase that belonged to his father, he begins a quest to understand his parents' disappearance – leading him directly to Oscorp and the lab of Dr. Curt Connors, his father's former partner. As Spider-Man is set on a collision course with Connors' alter ego, The Lizard, Peter will make life-altering choices to use his powers and shape his destiny to become a hero.",17.3812,/jexoNYnPd6vVrmygwF6QZmWPFdu.jpg,"[{'id': 7505, 'logo_path': '/837VMM4wOkODc1idNxGT0KQJlej.png', 'name': 'Marvel Entertainment', 'origin_country': 'US'}, {'id': 326, 'logo_path': None, 'name': 'Laura Ziskin Productions', 'origin_country': 'US'}, {'id': 5, 'logo_path': '/71BqEFAF4V3qjjMPCpLuyJFB9A.png', 'name': 'Columbia Pictures', 'origin_country': 'US'}, {'id': 53462, 'logo_path': '/nx8B3Phlcse02w86RW4CJqzCnfL.png', 'name': 'Matt Tolmach Productions', 'origin_country': 'US'}, {'id': 14439, 'logo_path': None, 'name': 'Arad Productions', 'origin_country': 'US'}]","[{'iso_3166_1': 'US', 'name': 'United States of America'}]",2012-06-23,758725893,136,"[{'english_name': 'English', 'iso_639_1': 'en', 'name': 'English'}]",Released,The untold story begins.,The Amazing Spider-Man,False,6.732,18398
False,/xgDj56UWyeWQcxQ44f5A3RTWuSs.jpg,,150000000,"[{'id': 16, 'name': 'Animation'}, {'id': 35, 'name': 'Comedy'}, {'id': 10751, 'name': 'Family'}, {'id': 14, 'name': 'Fantasy'}]",https://movies.disney.com/ratatouille,2062,tt0382932,['US'],en,Ratatouille,"Remy, a rat, possesses a palate far more refined than that of his fellow comrades. He dreams of becoming a chef, one who creates rather than scavenges. When fate deposits him in the sewers beneath one of Paris’s most famous restaurants, he finds himself ideally placed to fulfill his dream. Forming an unusual alliance with a hapless young kitchen worker, Remy begins a daring culinary double life.  As Remy pursues his vision, he must navigate the suspicions of the calculating Head Chef Skinner, the disapproval of Remy’s own colony, and the foreboding presence of renowned food critic Anton Ego, who strikes fear in the hearts of chefs all throughout France.",17.9109,/t3vaWRPSf6WjDSamIkKDs1iQWna.jpg,"[{'id': 3, 'logo_path': '/1TjvGVDMYsj6JBxOAkUHpPEwLf7.png', 'name': 'Pixar', 'origin_country': 'US'}]","[{'iso_3166_1': 'US', 'name': 'United States of America'}]",2007-06-28,623726000,111,"[{'english_name': 'English', 'iso_639_1': 'en', 'name': 'English'}, {'english_name': 'French', 'iso_639_1': 'fr', 'name': 'Français'}]",Released,He's dying to become a chef.,Ratatouille,False,7.838,18363
False,/eHaazLxM5LRMh0ySkVy7SK6wUWt.jpg,"{'id': 131635, 'name': 'The Hunger Games Collection', 'poster_path': '/cEBNDEMGqvSvU0knEv9Wl3dk5kv.jpg', 'backdrop_path': '/Ipp7cegtub4t0mu7xaKLQkYoGc.jpg'}",130000000,"[{'id': 12, 'name': 'Adventure'}, {'id': 28, 'name': 'Action'}, {'id': 878, 'name': 'Science Fiction'}]",http://www.thehungergames.movie/,101299,tt1951264,['US'],en,The Hunger Games: Catching Fire,"After surviving the Hunger Games, Katniss and Peeta struggle with the consequences of their victory as unrest spreads across Panem. Forced back into the spotlight, they become symbols of hope and resistance while the Capitol prepares a new and deadly challenge that will change the future of the nation forever.",12.4169,/vrQHDXjVmbYzadOXQ0UaObunoy2.jpg,"[{'id': 1632, 'logo_path': '/cisLn1YAUuptXVBa0xjq7ST9cH0.png', 'name': 'Lionsgate', 'origin_country': 'US'}, {'id': 5420, 'logo_path': '/dlW4Kh5dNieKNURnymsu57y6fMf.png', 'name': 'Color Force', 'origin_country': 'US'}]","[{'iso_3166_1': 'US', 'name': 'United States of America'}]",2013-11-15,865011746,146,"[{'english_name': 'English', 'iso_639_1': 'en', 'name': 'English'}]",Released,Remember who the enemy is.,The Hunger Games: Catching Fire,False,7.427,18342
False,/cK070s3Qdn1Ib7Gq8RgIyJKgvu3.jpg,,13000000,"[{'id': 18, 'name': 'Drama'}, {'id': 35, 'name': 'Comedy'}]",,77338,tt1675434,['FR'],fr,Intouchables,A true story of two men who should never have met – a quadriplegic aristocrat who was injured in a paragliding accident and a young man from the projects.,41.2698,/1QU7HKgsQbGpzsJbJK4pAVQV9F5.jpg,"[{'id': 9, 'logo_path': '/nda3dTUYdDrJ6rZqBpYvY865aDv.png', 'name': 'Gaumont', 'origin_country': 'FR'}, {'id': 7038, 'logo_path': '/9YDo78sKAy6xxqBwVBT2Vi9FSZl.png', 'name': 'Quad Productions', 'origin_country': 'FR'}, {'id': 7766, 'logo_path': '/rwBbDJAlUC0mAVnO02APsy0O80T.png', 'name': 'Chaocorp', 'origin_country': 'FR'}, {'id': 8018, 'logo_path': None, 'name': 'Ten Films', 'origin_country': 'FR'}, {'id': 356, 'logo_path': '/9tW5wZEGotn1Ei5pErA88m47XiD.png', 'name': 'TF1 Films Production', 'origin_country': 'FR'}]","[{'iso_3166_1': 'FR', 'name': 'France'}]",2011-11-02,426590315,113,"[{'english_name': 'English', 'iso_639_1': 'en', 'name': 'English'}, {'english_name': 'French', 'iso_639_1': 'fr', 'name': 'Français'}]",Released,Sometimes you have to reach into someone else's world to find out what's missing in your own.,The Intouchables,False,8.269,18314
False,/aJCtkxLLzkk1pECehVjKHA2lBgw.jpg,"{'id': 10, 'name': 'Star Wars Collection', 'poster_path': '/pWVLFh4OuejTpUaDQbB1C4zoS2p.jpg', 'backdrop_path': '/iY2ujEY2m68OTTlPFTiHub9joHS.jpg'}",18000000,"[{'id': 12, 'name': 'Adventure'}, {'id': 28, 'name': 'Action'}, {'id': 878, 'name': 'Science Fiction'}]",http://www.starwars.com/films/star-wars-episode-v-the-empire-strikes-back,1891,tt0080684,['US'],en,The Empire Strikes Back,"The epic saga continues as Luke Skywalker, in hopes of defeating the evil Galactic Empire, learns the ways of the Jedi from aging master Yoda. But Darth Vader is more determined than ever to capture Luke. Meanwhile, rebel leader Princess Leia, cocky Han Solo, Chewbacca, and droids C-3PO and R2-D2 are thrown into various stages of capture, betrayal and despair.",11.8587,/nNAeTmF4CtdSgMDplXTDPOpYzsX.jpg,"[{'id': 1, 'logo_path': '/tlVSws0RvvtPBwViUyOFAO0vcQS.png', 'name': 'Lucasfilm Ltd.', 'origin_country': 'US'}]","[{'iso_3166_1': 'US', 'name': 'United States of America'}]",1980-05-20,538400000,124,"[{'english_name': 'English', 'iso_639_1': 'en', 'name': 'English'}]",Released,The Star Wars saga continues.,The Empire Strikes Back,False,8.392,18284
False,/9pkZesKMnblFfKxEhQx45YQ2kIe.jpg,,9000000,"[{'id': 27, 'name': 'Horror'}, {'id': 53, 'name': 'Thriller'}]",http://www.splitmovie.com/,381288,tt4972582,['US'],en,Split,"Though Kevin has evidenced 23 personalities to his trusted psychiatrist, Dr. Fletcher, there remains one still submerged who is set to materialize and dominate all the others. Compelled to abduct three teenage girls led by the willful, observant Casey, Kevin reaches a war for survival among all of those contained within him — as well as everyone around him — as the walls between his compartments shatter apart.",11.4959,/lli31lYTFpvxVBeFHWoe5PMfW5s.jpg,"[{'id': 12236, 'logo_path': '/bVu0qQm4GujSTCvZZz9S3rHDczA.png', 'name': 'Blinding Edge Pictures', 'origin_country': 'US'}, {'id': 3172, 'logo_path': '/rzKluDcRkIwHZK2pHsiT667A2Kw.png', 'name': 'Blumhouse Productions', 'origin_country': 'US'}]","[{'iso_3166_1': 'US', 'name': 'United States of America'}]",2017-01-19,278454358,117,"[{'english_name': 'English', 'iso_639_1': 'en', 'name': 'English'}]",Released,Kevin has 23 distinct personalities. The 24th is about to be unleashed.,Split,False,7.341,18246
False,/5QEOy0QEpad9QsXeMxuGHPXMale.jpg,"{'id': 131296, 'name': 'Thor Collection', 'poster_path': '/1fGblAmaE2wU6ts2A83eWBgkmHs.jpg', 'backdrop_path': '/3KL8UNKFWgIKXzLHjwY0uwgjzYl.jpg'}",170000000,"[{'id': 28, 'name': 'Action'}, {'id': 12, 'name': 'Adventure'}, {'id': 14, 'name': 'Fantasy'}]",https://www.marvel.com/movies/thor-the-dark-world,76338,tt1981115,['US'],en,Thor: The Dark World,"Thor fights to restore order across the cosmos… but an ancient race led by the vengeful Malekith returns to plunge the universe back into darkness. Faced with an enemy that even Odin and Asgard cannot withstand, Thor must embark on his most perilous and personal journey yet, one that will reunite him with Jane Foster and force him to sacrifice everything to save us all.",10.6837,/wp6OxE4poJ4G7c0U2ZIXasTSMR7.jpg,"[{'id': 420, 'logo_path': '/hUzeosd33nzE5MCNsZxCGEKTXaQ.png', 'name': 'Marvel Studios', 'origin_country': 'US'}]","[{'iso_3166_1': 'US', 'name': 'United States of America'}]",2013-10-30,644783140,112,"[{'english_name': 'English', 'iso_639_1': 'en', 'name': 'English'}]",Released,Delve into the darkness.,Thor: The Dark World,False,6.51,18237
False,/dyJvKsNs2KP8qQnAXbRwDjblViy.jpg,,19000000,"[{'id': 16, 'name': 'Animation'}, {'id': 10751, 'name': 'Family'}, {'id': 14, 'name': 'Fantasy'}]",https://gkids.com/films/spirited-away,129,tt0245429,['JP'],ja,千と千尋の神隠し,"A young girl, Chihiro, becomes trapped in a strange new world of spirits. When her parents undergo a mysterious transformation, she must call upon the courage she never knew she had to free her family.",32.2138,/39wmItIWsg5sZMyRUHLkWBcuVCM.jpg,"[{'id': 10342, 'logo_path': '/uFuxPEZRUcBTEiYIxjHJq62Vr77.png', 'name': 'Studio Ghibli', 'origin_country': 'JP'}, {'id': 1779, 'logo_path': '/41nGzTdCnORYZIZzaGZtfsBwQCl.png', 'name': 'Tokuma Shoten', 'origin_country': 'JP'}, {'id': 6755, 'logo_path': '/bWiM2iY82B32NGmPCOFatgfekIR.png', 'name': 'Nippon Television Network Corporation', 'origin_country': 'JP'}, {'id': 11847, 'logo_path': '/rZP0I1p3hZNUMNFPHUSal6rWThQ.png', 'name': 'Mitsubishi', 'origin_country': 'JP'}, {'id': 1778, 'logo_path': '/b5rT6VbYza3LyfltCmz1OcqzWJM.png', 'name': 'dentsu', 'origin_country': 'JP'}, {'id': 1780, 'logo_path': '/4Qzhr7FxVtaMwmsh7118G3yvOhO.png', 'name': 'TFC', 'origin_country': 'JP'}]","[{'iso_3166_1': 'JP', 'name': 'Japan'}]",2001-07-20,274925095,125,"[{'english_name': 'Japanese', 'iso_639_1': 'ja', 'name': '日本語'}]",Released,Beyond the tunnel was a mysterious town.,Spirited Away,False,8.534,18182
False,/eTlcNXGv32zkVI7ZDHhfeaKHXKQ.jpg,"{'id': 295130, 'name': 'The Maze Runner Collection', 'poster_path': '/beR71cbwXH0vySlTMPZo0GQ54Q9.jpg', 'backdrop_path': '/9BX8MUXmOa9i7oyTMx9OmbzkLev.jpg'}",34000000,"[{'id': 28, 'name': 'Action'}, {'id': 9648, 'name': 'Mystery'}, {'id': 878, 'name': 'Science Fiction'}, {'id': 53, 'name': 'Thriller'}]",https://www.20thcenturystudios.com/movies/the-maze-runner,198663,tt1790864,['US'],en,The Maze Runner,"A teenager with no memory of his past finds himself among a group of boys living in a walled enclosure surrounded by a massive, ever-changing maze. As he struggles to adapt to their rules and society, he begins to uncover clues that may lead to escape and the truth behind their confinement.",16.8072,/ode14q7WtDugFDp78fo9lCsmay9.jpg,"[{'id': 290, 'logo_path': '/jrgCuaQsY9ouP5ILZf4Dq4ZOkIX.png', 'name': 'Ingenious Media', 'origin_country': 'GB'}, {'id': 3672, 'logo_path': '/xpRwVe9NL5791oyUidzeRp8ezGj.png', 'name': 'The Gotham Group', 'origin_country': 'US'}, {'id': 8569, 'logo_path': None, 'name': 'Dayday Films', 'origin_country': 'GB'}, {'id': 12292, 'logo_path': '/5J93SHsuvIV32AE9oSbMi02pqw9.png', 'name': 'Temple Hill Entertainment', 'origin_country': 'US'}, {'id': 22213, 'logo_path': '/qx9K6bFWJupwde0xQDwOvXkOaL8.png', 'name': 'TSG Entertainment', 'origin_country': 'US'}, {'id': 25, 'logo_path': '/qZCc1lty5FzX30aOCVRBLzaVmcp.png', 'name': '20th Century Fox', 'origin_country': 'US'}]","[{'iso_3166_1': 'US', 'name': 'United States of America'}, {'iso_3166_1': 'GB', 'name': 'United Kingdom'}]",2014-09-10,348319861,113,"[{'english_name': 'English', 'iso_639_1': 'en', 'name': 'English'}]",Released,Get ready to run.,The Maze Runner,False,7.189,18004
False,/nlPCdZlHtRNcF6C9hzUH4ebmV1w.jpg,,30000000,"[{'id': 35, 'name': 'Comedy'}, {'id': 18, 'name': 'Drama'}, {'id': 10749, 'name': 'Romance'}]",https://www.lionsgate.com/movies/la-la-land,313369,tt3783958,['US'],en,La La Land,"Mia, an aspiring actress, serves lattes to movie stars in between auditions and Sebastian, a jazz musician, scrapes by playing cocktail party gigs in dingy bars, but as success mounts they are faced with decisions that begin to fray the fragile fabric of their love affair, and the dreams they worked so hard to maintain in each other threaten to rip them apart.",15.7709,/uDO8zWDhfWwoFdKS4fzkUJt0Rf0.jpg,"[{'id': 491, 'logo_path': '/5LvDUt3KmvRnXQ4NrdWJYHeuA8J.png', 'name': 'Summit Entertainment', 'origin_country': 'US'}, {'id': 10161, 'logo_path': None, 'name': 'Gilbert Films', 'origin_country': 'US'}, {'id': 53247, 'logo_path': None, 'name': 'Impostor Pictures', 'origin_country': 'US'}, {'id': 2527, 'logo_path': '/mNSqvPrlkAcdQlEZ3Ttmx75Z8Xw.png', 'name': 'Marc Platt Productions', 'origin_country': 'US'}]","[{'iso_3166_1': 'US', 'name': 'United States of America'}]",2016-12-01,509183536,129,"[{'english_name': 'English', 'iso_639_1': 'en', 'name': 'English'}]",Released,Here's to the fools who dream.,La La Land,False,7.898,18003
False,/iuRVt8tFiXDPGgzavhuSa3QHRxD.jpg,"{'id': 86119, 'name': 'The Hangover Collection', 'poster_path': '/x8D6HXhmvdtPhM219J5Rc6ESagr.jpg', 'backdrop_path': '/9tpB49XNPEvxEkdsIkJWP0sZWtf.jpg'}",35000000,"[{'id': 35, 'name': 'Comedy'}]",https://www.warnerbros.com/movies/hangover,18785,tt1119646,['US'],en,The Hangover,"When three friends finally come to after a raucous night of bachelor-party revelry, they find a baby in the closet and a tiger in the bathroom. But they can't seem to locate their best friend, Doug – who's supposed to be tying the knot. Launching a frantic search for Doug, the trio perseveres through a nasty hangover to try to make it to the church on time.",16.7828,/A0uS9rHR56FeBtpjVki16M5xxSW.jpg,"[{'id': 923, 'logo_path': '/5UQsZrfbfG2dYJbx8DxfoTr2Bvu.png', 'name': 'Legendary Pictures', 'origin_country': 'US'}, {'id': 3527, 'logo_path': None, 'name': 'Green Hat Films', 'origin_country': 'US'}, {'id': 174, 'logo_path': '/zhD3hhtKB5qyv7ZeL4uLpNxgMVU.png', 'name': 'Warner Bros. Pictures', 'origin_country': 'US'}]","[{'iso_3166_1': 'US', 'name': 'United States of America'}]",2009-06-02,469310836,100,"[{'english_name': 'English', 'iso_639_1': 'en', 'name': 'English'}]",Released,Some guys just can't handle Vegas.,The Hangover,False,7.3,17985
False,/gLQoJ9P79g501oEEtrN8zMlCPpx.jpg,,14000000,"[{'id': 36, 'name': 'History'}, {'id': 18, 'name': 'Drama'}, {'id': 53, 'name': 'Thriller'}, {'id': 10752, 'name': 'War'}]",,205596,tt2084970,['US'],en,The Imitation Game,"Based on the real life story of legendary cryptanalyst Alan Turing, the film portrays the nail-biting race against time by Turing and his brilliant team of code-breakers at Britain's top-secret Government Code and Cypher School at Bletchley Park, during the darkest days of World War II.",15.008,/zSqJ1qFq8NXFfi7JeIYMlzyR0dx.jpg,"[{'id': 38145, 'logo_path': None, 'name': 'Bristol Automotive', 'origin_country': 'US'}, {'id': 22146, 'logo_path': '/v37N1mFeXNQfvPankg3feBhVvM7.png', 'name': 'Black Bear Pictures', 'origin_country': 'US'}, {'id': 7493, 'logo_path': '/fHitYiGUCkRafgt6VPYQlXWLkdp.png', 'name': 'FilmNation Entertainment', 'origin_country': 'US'}]","[{'iso_3166_1': 'US', 'name': 'United States of America'}, {'iso_3166_1': 'GB', 'name': 'United Kingdom'}]",2014-11-14,233555708,113,"[{'english_name': 'English', 'iso_639_1': 'en', 'name': 'English'}]",Released,The true enigma was the man who cracked the code.,The Imitation Game,False,7.985,17977
