genre_ids,id,title,original_language,original_title,overview,popularity,release_date,vote_average,vote_count,release_year,decade
"[12, 18, 878]",157336,Interstellar,en,Interstellar,The adventures of a group of explorers who make use of a newly discovered wormhole to surpass the limitations on human space travel and conquer the vast distances involved in an interstellar voyage.,59.6559,2014-11-05,8.47,39440,2014,2010
"[28, 878, 12]",27205,Inception,en,Inception,"Cobb, a skilled thief who commits corporate espionage by infiltrating the subconscious of his targets is offered a chance to regain his old life as payment for a task considered to be impossible: ""inception"", the implantation of another person's idea into a target's subconscious.",37.7947,2010-07-15,8.4,39047,2010,2010
"[878, 28, 12]",24428,The Avengers,en,The Avengers,"When an unexpected enemy emerges and threatens global safety and security, Nick Fury, director of the international peacekeeping agency known as S.H.I.E.L.D., finds himself in need of a team to pull the world back from the brink of disaster. Spanning the globe, a daring recruitment effort begins!",56.9481,2012-04-25,8.004,37341,2012,2010
"[28, 80, 53]",155,The Dark Knight,en,The Dark Knight,"Batman raises the stakes in his war on crime. With the help of Lt. Jim Gordon and District Attorney Harvey Dent, Batman sets out to dismantle the remaining criminal organizations that plague the streets. The partnership proves to be effective, but they soon find themselves prey to a reign of chaos unleashed by a rising criminal mastermind known to the terrified citizens of Gotham as the Joker.",33.2276,2008-07-16,8.528,35529,2008,2000
"[878, 28, 12]",19995,Avatar,en,Avatar,"In the 22nd century, a paraplegic Marine is dispatched to the moon Pandora on a unique mission, but becomes torn between following orders and protecting an alien civilization.",35.388,2009-12-16,7.602,33812,2009,2000
"[28, 12, 35]",293660,Deadpool,en,Deadpool,"The origin story of former Special Forces operative turned mercenary Wade Wilson, who, after being subjected to a rogue experiment that leaves him with accelerated healing powers, adopts the alter ego Deadpool. Armed with his new abilities and a dark, twisted sense of humor, Deadpool hunts down the man who nearly destroyed his life.",19.0081,2016-02-09,7.623,32588,2016,2010
"[18, 53]",550,Fight Club,en,Fight Club,"A ticking-time-bomb insomniac and a slippery soap salesman channel primal male aggression into a shocking new form of therapy. Their concept catches on, with underground ""fight clubs"" forming in every town, until an eccentric gets in the way and ignites an out-of-control spiral toward oblivion.",26.518,1999-10-15,8.438,31826,1999,1990
"[12, 28, 878]",299536,Avengers: Infinity War,en,Avengers: Infinity War,"As the Avengers and their allies have continued to protect the world from threats too large for any one hero to handle, a new danger has emerged from the cosmic shadows: Thanos. A despot of intergalactic infamy, his goal is to collect all six Infinity Stones, artifacts of unimaginable power, and use them to inflict his twisted will on all of reality. Everything the Avengers have fought for has led up to this moment - the fate of Earth and existence itself has never been more uncertain.",48.4983,2018-04-25,8.233,31765,2018,2010
"[18, 80]",278,The Shawshank Redemption,en,The Shawshank Redemption,"Imprisoned in the 1940s for the double murder of his wife and her lover, upstanding banker Andy Dufresne begins a new life at the Shawshank prison, where he puts his accounting skills to work for an amoral warden. During his long stretch in prison, Dufresne comes to be admired by the other inmates -- including an older prisoner named Red -- for his integrity and unquenchable sense of hope.",45.1803,1994-09-23,8.718,30149,1994,1990
"[53, 80, 35]",680,Pulp Fiction,en,Pulp Fiction,"A burger-loving hit man, his philosophical partner, a drug-addled gangster's moll and a washed-up boxer converge in this sprawling, comedic crime caper. Their adventures unfurl in three stories that ingeniously trip back and forth in time.",34.1155,1994-09-10,8.485,30023,1994,1990
"[35, 18, 10749]",13,Forrest Gump,en,Forrest Gump,"A man with a low IQ has accomplished great things in his life and been present during significant historic events—in each case, far exceeding what anyone imagined he could do. But despite all he has achieved, his one true love eludes him.",27.6812,1994-06-23,8.464,29561,1994,1990
"[28, 878, 12]",118340,Guardians of the Galaxy,en,Guardians of the Galaxy,"Light years from Earth, 26 years after being abducted, Peter Quill finds himself the prime target of a manhunt after discovering an orb wanted by Ronan the Accuser.",9.1048,2014-07-30,7.905,29558,2014,2010
"[12, 14]",671,Harry Potter and the Philosopher's Stone,en,Harry Potter and the Philosopher's Stone,"Harry Potter has lived under the stairs at his aunt and uncle's house his whole life. But on his 11th birthday, he learns he's a powerful wizard—with a place waiting for him at the Hogwarts School of Witchcraft and Wizardry. As he learns to harness his newfound powers with the help of the school's kindly headmaster, Harry uncovers the truth about his parents' deaths—and about the villain who's to blame.",29.9579,2001-11-16,7.898,29414,2001,2000
"[28, 878, 12]",1726,Iron Man,en,Iron Man,"After being held captive in an Afghan cave, billionaire engineer Tony Stark creates a unique weaponized suit of armor to fight evil.",25.8018,2008-04-30,7.657,27979,2008,2000
"[18, 37]",68718,Django Unchained,en,Django Unchained,"With the help of a German bounty hunter, a freed slave sets out to rescue his wife from a brutal Mississippi plantation owner.",15.2165,2012-12-25,8.19,27865,2012,2010
"[28, 878]",603,The Matrix,en,The Matrix,"Set in the 22nd century, The Matrix tells the story of a computer hacker who joins a group of underground insurgents fighting the vast and powerful computers who now rule the earth.",27.461,1999-03-31,8.242,27696,1999,1990
"[80, 53, 18]",475557,Joker,en,Joker,"During the 1980s, a failed stand-up comedian is driven insane and turns to a life of crime and chaos in Gotham City while becoming an infamous psychopathic crime figure.",19.8781,2019-10-01,8.126,27560,2019,2010
"[12, 878, 28]",299534,Avengers: Endgame,en,Avengers: Endgame,"After the devastating events of Avengers: Infinity War, the universe is in ruins due to the efforts of the Mad Titan, Thanos. With the help of remaining allies, the Avengers must assemble once more in order to undo Thanos' actions and restore order to the universe once and for all, no matter what consequences may be in store.",42.2819,2019-04-24,8.234,27530,2019,2010
"[12, 14, 28]",120,The Lord of the Rings: The Fellowship of the Ring,en,The Lord of the Rings: The Fellowship of the Ring,"Young hobbit Frodo Baggins, after inheriting a mysterious ring from his uncle Bilbo, must leave his home in order to keep it from falling into the hands of its evil creator. Along the way, a fellowship is formed to protect the ringbearer and make sure that the ring arrives at its final destination: Mt. Doom, the only place where it can be destroyed.",29.8704,2001-12-18,8.431,27352,2001,2000
"[18, 10749]",597,Titanic,en,Titanic,"101-year-old Rose DeWitt Bukater tells the story of her life aboard the Titanic, 84 years later. A young Rose boards the ship with her mother and fiancé. Meanwhile, Jack Dawson and Fabrizio De Rossi win third-class tickets aboard the ship. Rose tells the whole story from Titanic's departure through to its death—on its first and last voyage—on April 15, 1912.",34.0193,1997-12-18,7.902,27015,1997,1990
"[12, 14, 28]",122,The Lord of the Rings: The Return of the King,en,The Lord of the Rings: The Return of the King,"As armies mass for a final battle that will decide the fate of the world--and powerful, ancient forces of Light and Dark compete to determine the outcome--one member of the Fellowship of the Ring is revealed as the noble heir to the throne of the Kings of Men. Yet, the sole hope for triumph over evil lies with a brave hobbit, Frodo, who, accompanied by his loyal friend Sam and the hideous, wretched Gollum, ventures deep into the very dark heart of Mordor on his seemingly impossible quest to destroy the Ring of Power.​",31.1857,2003-12-17,8.496,26353,2003,2000
"[80, 18, 35]",106646,The Wolf of Wall Street,en,The Wolf of Wall Street,"A New York stockbroker refuses to cooperate in a large securities fraud case involving corruption on Wall Street, corporate banking world and mob infiltration. Based on Jordan Belfort's autobiography.",23.0711,2013-12-25,8.027,25761,2013,2010
"[18, 53, 9648]",11324,Shutter Island,en,Shutter Island,"World War II soldier-turned-U.S. Marshal Teddy Daniels investigates the disappearance of a patient from a hospital for the criminally insane, but his efforts are compromised by troubling visions and a mysterious doctor.",21.332,2010-02-14,8.2,25682,2010,2010
"[28, 12, 878]",99861,Avengers: Age of Ultron,en,Avengers: Age of Ultron,"When Tony Stark tries to jumpstart a dormant peacekeeping program, things go awry and Earth’s Mightiest Heroes are put to the ultimate test as the fate of the planet hangs in the balance. As the villainous Ultron emerges, it is up to The Avengers to stop him from enacting his terrible plans, and soon uneasy alliances and unexpected action pave the way for an epic and unique global adventure.",19.9204,2015-04-22,7.27,24294,2015,2010
"[28, 80, 18, 53]",49026,The Dark Knight Rises,en,The Dark Knight Rises,"Following the death of District Attorney Harvey Dent, Batman assumes responsibility for Dent's crimes to protect the late attorney's reputation and is subsequently hunted by the Gotham City Police Department. Eight years later, Batman encounters the mysterious Selina Kyle and the villainous Bane, a new terrorist leader who overwhelms Gotham's finest. The Dark Knight resurfaces to protect a city that has branded him an enemy.",15.1138,2012-07-17,7.8,24213,2012,2010
"[18, 53, 10752]",16869,Inglourious Basterds,en,Inglourious Basterds,"In Nazi-occupied France during World War II, a group of Jewish-American soldiers known as ""The Basterds"" are chosen specifically to spread fear throughout the Third Reich by scalping and brutally killing Nazis. The Basterds, lead by Lt. Aldo Raine soon cross paths with a French-Jewish teenage girl who runs a movie theater in Paris which is targeted by the soldiers.",18.0867,2009-08-02,8.217,24021,2009,2000
"[28, 12, 878]",76341,Mad Max: Fury Road,en,Mad Max: Fury Road,"An apocalyptic story set in the furthest reaches of our planet, in a stark desert landscape where humanity is broken, and most everyone is crazed fighting for the necessities of life. Within this world exist two rebels on the run who just might be able to restore order.",19.1763,2015-05-13,7.632,23953,2015,2010
"[12, 28, 878]",271110,Captain America: Civil War,en,Captain America: Civil War,"Following the events of Age of Ultron, the collective governments of the world pass an act designed to regulate all superhuman activity. This polarizes opinion amongst the Avengers, causing two factions to side with Iron Man or Captain America, which causes an epic battle between former allies.",19.1802,2016-04-27,7.447,23915,2016,2010
"[12, 14, 28]",121,The Lord of the Rings: The Two Towers,en,The Lord of the Rings: The Two Towers,"Frodo Baggins and the other members of the Fellowship continue on their sacred quest to destroy the One Ring--but on separate paths. Their destinies lie at two towers--Orthanc Tower in Isengard, where the corrupt wizard Saruman awaits, and Sauron's fortress at Barad-dur, deep within the dark lands of Mordor. Frodo and Sam are trekking to Mordor to destroy the One Ring of Power while Gimli, Legolas and Aragorn search for the orc-captured Merry and Pippin. All along, nefarious wizard Saruman awaits the Fellowship members at the Orthanc Tower in Isengard.",22.6458,2002-12-18,8.415,23725,2002,2000
"[12, 14]",672,Harry Potter and the Chamber of Secrets,en,Harry Potter and the Chamber of Secrets,"Cars fly, trees fight back, and a mysterious house-elf comes to warn Harry Potter at the start of his second year at Hogwarts. Adventure and danger await when bloody writing on a wall announces: The Chamber Of Secrets Has Been Opened. To save Hogwarts will require all of Harry, Ron and Hermione's magical abilities and courage.",20.8137,2002-11-13,7.702,23454,2002,2000
"[28, 12, 878]",284054,Black Panther,en,Black Panther,"King T'Challa returns home to the reclusive, technologically advanced African nation of Wakanda to serve as his country's new leader. However, T'Challa soon finds that he is challenged for the throne by factions within his own country as well as without. Using powers reserved to Wakandan kings, T'Challa assumes the Black Panther mantle to join with ex-girlfriend Nakia, the queen-mother, his princess-kid sister, members of the Dora Milaje (the Wakandan 'special forces') and an American secret agent, to prevent Wakanda from being dragged into a world war.",13.6277,2018-02-13,7.361,23372,2018,2010
"[16, 10751, 12, 18, 35]",150540,Inside Out,en,Inside Out,"When 11-year-old Riley moves to a new city, her Emotions team up to help her through the transition. Joy, Fear, Anger, Disgust and Sadness work together, but when Joy and Sadness get lost, they must journey through unfamiliar places to get back home.",20.2973,2015-06-17,7.909,23350,2015,2010
"[14, 12, 28]",284052,Doctor Strange,en,Doctor Strange,"After his career is destroyed, a brilliant but arrogant surgeon gets a new lease on life when a sorcerer takes him under her wing and trains him to defend the world against evil.",11.939,2016-10-25,7.418,23321,2016,2010
"[28, 12, 878]",68721,Iron Man 3,en,Iron Man 3,"When Tony Stark's world is torn apart by a formidable terrorist called the Mandarin, he starts an odyssey of rebuilding and retribution.",20.944,2013-04-18,6.931,23320,2013,2010
"[878, 12, 28, 53]",70160,The Hunger Games,en,The Hunger Games,"In a dystopian society where the Capitol forces each district to send two young tributes to fight to the death in a televised spectacle, a girl volunteers to take her sister’s place, setting the stage for a struggle of survival and defiance.",11.1585,2012-03-12,7.2,23183,2012,2010
"[28, 12, 878]",315635,Spider-Man: Homecoming,en,Spider-Man: Homecoming,"Following the events of Captain America: Civil War, Peter Parker, with the help of his mentor Tony Stark, tries to balance his life as an ordinary high school student in Queens, New York City, with fighting crime as his superhero alter ego Spider-Man as a new threat, the Vulture, emerges.",27.031,2017-07-05,7.33,23042,2017,2010
"[12, 14]",673,Harry Potter and the Prisoner of Azkaban,en,Harry Potter and the Prisoner of Azkaban,"Year three at Hogwarts means new fun and challenges as Harry learns the delicate art of approaching a Hippogriff, transforming shape-shifting Boggarts into hilarity and even turning back time. But the term also brings danger: soul-sucking Dementors hover over the school, an ally of the accursed He-Who-Cannot-Be-Named lurks within the castle walls, and fearsome wizard Sirius Black escapes Azkaban. And Harry will confront them all.",21.356,2004-05-31,8.008,23020,2004,2000
"[80, 9648, 53]",807,Se7en,en,Se7en,"Two homicide detectives are on a desperate hunt for a serial killer whose crimes are based on the ""seven deadly sins"" in this dark and haunting film that takes viewers from the tortured remains of one victim to the next. The seasoned Det. Somerset researches each sin in an effort to get inside the killer's mind, while his novice partner, Mills, scoffs at his efforts to unravel the case.",28.6536,1995-09-22,8.4,22922,1995,1990
"[878, 12, 28]",283995,Guardians of the Galaxy Vol. 2,en,Guardians of the Galaxy Vol. 2,The Guardians must fight to keep their newfound family together as they unravel the mysteries of Peter Quill's true parentage.,16.2698,2017-04-19,7.609,22812,2017,2010
"[18, 80]",238,The Godfather,en,The Godfather,"Spanning the years 1945 to 1955, a chronicle of the fictional Italian-American Corleone crime family. When organized crime family patriarch, Vito Corleone barely survives an attempt on his life, his youngest son, Michael steps in to take care of the would-be killers, launching a campaign of bloody revenge.",43.2161,1972-03-14,8.7,22777,1972,1970
"[28, 12, 878]",1771,Captain America: The First Avenger,en,Captain America: The First Avenger,"During World War II, Steve Rogers is a sickly man from Brooklyn who's transformed into super-soldier Captain America to aid in the war effort. Rogers must stop the Red Skull – Adolf Hitler's ruthless head of weaponry, and the leader of an organization that intends to use a mysterious device of untold powers for world domination.",8.6659,2011-07-22,7.004,22619,2011,2010
"[18, 80, 28]",272,Batman Begins,en,Batman Begins,"Driven by tragedy, billionaire Bruce Wayne dedicates his life to uncovering and defeating the corruption that plagues his home, Gotham City.  Unable to work within the system, he instead creates a new identity, a symbol of fear for the criminal underworld - The Batman.",14.092,2005-06-10,7.723,22465,2005,2000
"[12, 28, 878]",10138,Iron Man 2,en,Iron Man 2,"With the world now aware of his dual life as the armored superhero Iron Man, billionaire inventor Tony Stark faces pressure from the government, the press and the public to share his technology with the military. Unwilling to let go of his invention, Stark, with Pepper Potts and James 'Rhodey' Rhodes at his side, must forge new alliances – and confront powerful enemies.",27.8953,2010-04-28,6.851,22262,2010,2010
"[12, 14, 28]",10195,Thor,en,Thor,"Against his father Odin's will, The Mighty Thor - a powerful but arrogant warrior god - recklessly reignites an ancient war. Thor is cast down to Earth and forced to live among humans as punishment. Once here, Thor learns what it takes to be a true hero when the most dangerous villain of his world sends the darkest forces of Asgard to invade Earth.",13.1539,2011-04-21,6.768,22236,2011,2010
"[12, 28, 878]",11,Star Wars,en,Star Wars,Princess Leia is captured and held hostage by the evil Imperial forces in their effort to take over the galactic Empire. Venturesome Luke Skywalker and dashing captain Han Solo team together with the loveable robot duo R2-D2 and C-3PO to rescue the beautiful princess and restore peace and justice in the Empire.,23.9322,1977-05-25,8.202,22176,1977,1970
"[12, 14, 28]",22,Pirates of the Caribbean: The Curse of the Black Pearl,en,Pirates of the Caribbean: The Curse of the Black Pearl,"When wily pirate Captain Barbossa seizes Jack Sparrow’s beloved ship, the Black Pearl, and kidnaps the governor’s daughter, Elizabeth Swann, blacksmith Will Turner reluctantly teams up with the unpredictable pirate Jack to rescue her—only to uncover a terrifying curse that turns Barbossa’s crew into the undead.",22.0243,2003-07-09,7.82,22090,2003,2000
"[12, 14]",674,Harry Potter and the Goblet of Fire,en,Harry Potter and the Goblet of Fire,"When his name emerges from the Goblet of Fire, Harry Potter becomes a competitor in a grueling battle for glory among three wizarding schools—the Triwizard Tournament. But since Harry never submitted his name for the Tournament, who did? Now Harry must confront a deadly dragon, fierce water demons, and an enchanted maze only to find himself in the cruel grasp of He Who Must Not Be Named.",19.4064,2005-11-16,7.801,22032,2005,2000
"[28, 12, 14]",297761,Suicide Squad,en,Suicide Squad,"From DC Comics comes the Suicide Squad, an antihero team of incarcerated supervillains who act as deniable assets for the United States government, undertaking high-risk black ops missions in exchange for commuted prison sentences.",9.8751,2016-08-03,5.917,22011,2016,2010
"[28, 878, 35]",284053,Thor: Ragnarok,en,Thor: Ragnarok,"Thor is imprisoned on the other side of the universe and finds himself in a race against time to get back to Asgard to stop Ragnarok, the destruction of his home-world and the end of Asgardian civilization, at the hands of a powerful new threat, the ruthless Hela.",14.7377,2017-10-02,7.581,21894,2017,2010
"[12, 14]",12445,Harry Potter and the Deathly Hallows: Part 2,en,Harry Potter and the Deathly Hallows: Part 2,"Harry, Ron and Hermione continue their quest to vanquish the evil Voldemort once and for all. Just as things begin to look hopeless for the young wizards, Harry discovers a trio of magical objects that endow him with powers to rival Voldemort's formidable skills.",20.527,2011-07-12,8.08,21861,2011,2010
"[28, 12, 878]",634649,Spider-Man: No Way Home,en,Spider-Man: No Way Home,"Peter Parker is unmasked and no longer able to separate his normal life from the high-stakes of being a super-hero. When he asks for help from Doctor Strange the stakes become even more dangerous, forcing him to discover what it truly means to be Spider-Man.",77.0051,2021-12-15,7.934,21812,2021,2020
"[12, 35, 878]",105,Back to the Future,en,Back to the Future,"Eighties teenager Marty McFly is accidentally sent back in time to 1955, inadvertently disrupting his parents' first meeting and attracting his mother's romantic interest. Marty must repair the damage to history by rekindling his parents' romance and - with the help of his eccentric inventor friend Doc Brown - return to 1985.",22.2665,1985-07-03,8.325,21645,1985,1980
"[16, 35, 10751, 12]",14160,Up,en,Up,"Carl Fredricksen spent his entire life dreaming of exploring the globe and experiencing life to its fullest. But at age 78, life seems to have passed him by, until a twist of fate (and a persistent 8-year old Wilderness Explorer named Russell) gives him a new lease on life.",17.6864,2009-05-28,7.958,21552,2009,2000
"[28, 12, 878, 53]",135397,Jurassic World,en,Jurassic World,"Twenty-two years after the events of Jurassic Park, Isla Nublar now features a fully functioning dinosaur theme park, Jurassic World, as originally envisioned by John Hammond.",11.4502,2015-06-06,6.699,21475,2015,2010
"[878, 18, 12]",286217,The Martian,en,The Martian,"During a manned mission to Mars, Astronaut Mark Watney is presumed dead after a fierce storm and left behind by his crew. But Watney has survived and finds himself stranded and alone on the hostile planet. With only meager supplies, he must draw upon his ingenuity, wit and spirit to subsist and find a way to signal to Earth that he is alive.",18.1229,2015-09-30,7.695,21068,2015,2010
"[10751, 16, 10402, 12]",354912,Coco,en,Coco,"Despite his family’s baffling generations-old ban on music, Miguel dreams of becoming an accomplished musician like his idol, Ernesto de la Cruz. Desperate to prove his talent, Miguel finds himself in the stunning and colorful Land of the Dead following a mysterious chain of events. Along the way, he meets charming trickster Hector, and together, they set off on an extraordinary journey to unlock the real story behind Miguel's family history.",19.6438,2017-10-27,8.197,20840,2017,2010
"[28, 12, 14]",297762,Wonder Woman,en,Wonder Woman,An Amazon princess comes to the world of Man in the grips of the First World War to confront the forces of evil and bring an end to human conflict.,14.2164,2017-05-30,7.208,20825,2017,2010
"[878, 12, 28]",102899,Ant-Man,en,Ant-Man,"Armed with the astonishing ability to shrink in scale but increase in strength, master thief Scott Lang must embrace his inner-hero and help his mentor, Doctor Hank Pym, protect the secret behind his spectacular Ant-Man suit from a new generation of towering threats. Against seemingly insurmountable obstacles, Pym and Lang must plan and pull off a heist that will save the world.",10.5178,2015-07-14,7.066,20769,2015,2010
"[28, 18, 12]",98,Gladiator,en,Gladiator,"After the death of Emperor Marcus Aurelius, his devious son takes power and demotes Maximus, one of Rome's most capable generals who Marcus preferred. Eventually, Maximus is forced to become a gladiator and battle to the death against other men for the amusement of paying audiences.",17.6324,2000-05-04,8.224,20751,2000,2000
"[12, 14]",675,Harry Potter and the Order of the Phoenix,en,Harry Potter and the Order of the Phoenix,"Returning for his fifth year at Hogwarts, Harry is stunned to find that his warnings about the return of Lord Voldemort have been ignored. Left with no choice, Harry takes matters into his own hands, training a small group of motivated students to defend themselves against the Dark Arts.",18.2892,2007-07-08,7.672,20688,2007,2000
"[28, 53]",245891,John Wick,en,John Wick,Ex-hitman John Wick comes out of retirement to track down the gangsters that took everything from him.,10.9014,2014-10-22,7.455,20683,2014,2010
"[12, 14]",767,Harry Potter and the Half-Blood Prince,en,Harry Potter and the Half-Blood Prince,"As Lord Voldemort tightens his grip on both the Muggle and wizarding worlds, Hogwarts is no longer a safe haven. Harry suspects perils may even lie within the castle, but Dumbledore is more intent upon preparing him for the final battle fast approaching. Together they work to find the key to unlock Voldemorts defenses and to this end, Dumbledore recruits his old friend and colleague Horace Slughorn, whom he believes holds crucial information. Even as the decisive showdown looms, romance blossoms for Harry, Ron, Hermione and their classmates. Love is in the air, but danger lies ahead and Hogwarts may never be the same again.",18.9847,2009-07-15,7.681,20665,2009,2000
"[28, 878]",557,Spider-Man,en,Spider-Man,"After being bitten by a genetically altered spider at Oscorp, nerdy but endearing high school student Peter Parker is endowed with amazing powers to become the superhero known as Spider-Man.",24.1404,2002-05-01,7.325,20527,2002,2000
"[35, 53, 18]",496243,Parasite,ko,기생충,"All unemployed, Ki-taek's family takes peculiar interest in the wealthy and glamorous Parks for their livelihood until they get entangled in an unexpected incident.",34.3347,2019-05-30,8.494,20451,2019,2010
"[16, 10751, 12]",12,Finding Nemo,en,Finding Nemo,"Nemo, an adventurous young clownfish, is unexpectedly taken from his Great Barrier Reef home to a dentist's office aquarium. It's up to his worrisome father Marlin and a friendly but forgetful fish Dory to bring Nemo home -- meeting vegetarian sharks, surfer dude turtles, hypnotic jellyfish, hungry seagulls, and more along the way.",17.8385,2003-05-30,7.817,20442,2003,2000
"[12, 28, 878]",140607,Star Wars: The Force Awakens,en,Star Wars: The Force Awakens,"Thirty years after defeating the Galactic Empire, Han Solo and his allies face a new threat from the evil Kylo Ren and his army of Stormtroopers.",15.9844,2015-12-15,7.25,20438,2015,2010
"[28, 18, 878]",263115,Logan,en,Logan,"In the near future, a weary Logan cares for an ailing Professor X in a hideout on the Mexican border. But Logan's attempts to hide from the world and his legacy are upended when a young mutant arrives, pursued by dark forces.",12.8055,2017-02-28,7.8,20292,2017,2010
"[12, 14]",12444,Harry Potter and the Deathly Hallows: Part 1,en,Harry Potter and the Deathly Hallows: Part 1,"Harry, Ron and Hermione walk away from their last year at Hogwarts to find and destroy the remaining Horcruxes, putting an end to Voldemort's bid for immortality. But with Harry's beloved Dumbledore dead and Voldemort's unscrupulous Death Eaters on the loose, the world is more dangerous than ever.",19.0263,2010-11-17,7.734,20264,2010,2010
"[27, 53, 18]",346364,It,en,It,"In a small town in Maine, seven children known as The Losers Club come face to face with life problems, bullies and a monster that takes the shape of a clown called Pennywise.",21.2054,2017-09-06,7.239,20228,2017,2010
"[16, 10751, 878]",10681,WALL·E,en,WALL·E,"After hundreds of years doing what he was built for, WALL•E— a robot designed to clean up the earth—discovers a new purpose in life when he meets a sleek search robot named EVE. EVE comes to realize that WALL•E has inadvertently stumbled upon the key to the planet's future, and races back to space to report to the humans. Meanwhile, WALL•E chases EVE across the galaxy and sets into motion one of the most imaginative adventures ever brought to the big screen.",15.9764,2008-06-22,8.11,20133,2008,2000
"[35, 18]",37165,The Truman Show,en,The Truman Show,"In a picture-perfect seaside town, an insurance salesman begins to realize that his entire existence may be staged and observed by a vast unseen audience as part of a reality TV show.",18.8077,1998-06-04,8.152,20053,1998,1990
"[28, 12, 878]",100402,Captain America: The Winter Soldier,en,Captain America: The Winter Soldier,"After the cataclysmic events in New York with The Avengers, Steve Rogers, aka Captain America is living quietly in Washington, D.C. and trying to adjust to the modern world. But when a S.H.I.E.L.D. colleague comes under attack, Steve becomes embroiled in a web of intrigue that threatens to put the world at risk. Joining forces with the Black Widow, Captain America struggles to expose the ever-widening conspiracy while fighting off professional assassins sent to silence him at every turn. When the full scope of the villainous plot is revealed, Captain America and the Black Widow enlist the help of a new ally, the Falcon. However, they soon find themselves up against an unexpected and formidable enemy—the Winter Soldier.",8.4254,2014-03-20,7.653,19890,2014,2010
"[9648, 53, 18]",210577,Gone Girl,en,Gone Girl,"With his wife's disappearance having become the focus of an intense media circus, a man sees the spotlight turned on him when it's suspected that he may not be innocent.",20.52,2014-10-01,7.9,19838,2014,2010
"[10751, 35, 16, 12]",862,Toy Story,en,Toy Story,"Led by Woody, Andy's toys live happily in his room until Andy's birthday brings Buzz Lightyear onto the scene. Afraid of losing his place in Andy's heart, Woody plots against Buzz. But when circumstances separate Buzz and Woody from their owner, the duo eventually learns to put aside their differences.",23.3206,1995-11-22,7.971,19747,1995,1990
"[16, 35, 10751]",585,"Monsters, Inc.",en,"Monsters, Inc.","Lovable Sulley and his wisecracking sidekick Mike Wazowski are the top scare team at Monsters, Inc., the scream-processing factory in Monstropolis. When a little girl named Boo wanders into their world, it's the monsters who are scared silly, and it's up to Sulley and Mike to keep her out of sight and get her back home.",23.9393,2001-11-01,7.848,19657,2001,2000
"[14, 12]",259316,Fantastic Beasts and Where to Find Them,en,Fantastic Beasts and Where to Find Them,"In 1926, Newt Scamander arrives at the Magical Congress of the United States of America with a magically expanded briefcase, which houses a number of dangerous creatures and their habitats. When the creatures escape from the briefcase, it sends the American wizarding authorities after Newt, and threatens to strain even further the state of magical and non-magical relations.",11.4605,2016-11-16,7.307,19623,2016,2010
"[16, 10751, 18]",8587,The Lion King,en,The Lion King,"Young lion prince Simba, eager to one day become king of the Pride Lands, grows up under the watchful eye of his father Mufasa; all the while his villainous uncle Scar conspires to take the throne for himself. Amid betrayal and tragedy, Simba must confront his past and find his rightful place in the Circle of Life.",23.7942,1994-06-15,8.252,19580,1994,1990
"[12, 14, 28]",49051,The Hobbit: An Unexpected Journey,en,The Hobbit: An Unexpected Journey,"Bilbo Baggins, a hobbit enjoying his quiet life, is swept into an epic quest by Gandalf the Grey and thirteen dwarves who seek to reclaim their mountain home from Smaug, the dragon.",16.6274,2012-12-12,7.37,19517,2012,2010
"[37, 18, 12]",281957,The Revenant,en,The Revenant,"In the 1820s, a frontiersman, Hugh Glass, sets out on a path of vengeance against those who left him for dead after a bear mauling.",11.0307,2015-12-25,7.54,19209,2015,2010
"[18, 878, 9648]",329865,Arrival,en,Arrival,"Taking place after alien crafts land around the world, an expert linguist is recruited by the military to determine whether they come in peace or are a threat.",21.0163,2016-11-10,7.624,19203,2016,2010
"[28, 35, 12]",383498,Deadpool 2,en,Deadpool 2,Wisecracking mercenary Deadpool battles the evil and powerful Cable and other bad guys to save a boy's life.,13.5038,2018-05-15,7.49,19108,2018,2010
"[14, 18, 80]",497,The Green Mile,en,The Green Mile,"A supernatural tale set on death row in a Southern prison, where gentle giant John Coffey possesses the mysterious power to heal people's ailments. When the cell block's head guard, Paul Edgecomb, recognizes Coffey's miraculous gift, he tries desperately to help stave off the condemned man's execution.",24.1278,1999-12-10,8.504,19101,1999,1990
"[28, 12, 14]",209112,Batman v Superman: Dawn of Justice,en,Batman v Superman: Dawn of Justice,"Fearing the actions of a god-like Super Hero left unchecked, Gotham City’s own formidable, forceful vigilante takes on Metropolis’s most revered, modern-day savior, while the world wrestles with what sort of hero it really needs. And with Batman and Superman at war with one another, a new threat quickly arises, putting mankind in greater danger than it’s ever known before.",14.9637,2016-03-23,5.992,18886,2016,2010
"[27, 53]",694,The Shining,en,The Shining,"Jack Torrance accepts a caretaker job at the Overlook Hotel, where he, along with his wife Wendy and their son Danny, must live isolated from the rest of the world for the winter. But they aren't prepared for the madness that lurks within.",16.0784,1980-05-23,8.205,18807,1980,1980
"[28, 80]",24,Kill Bill: Vol. 1,en,Kill Bill: Vol. 1,"An assassin is shot by her ruthless employer, Bill, and other members of their assassination circle – but she lives to plot her vengeance.",15.0175,2003-10-10,7.971,18806,2003,2000
"[28, 12, 16, 10751]",9806,The Incredibles,en,The Incredibles,"Bob Parr has given up his superhero days to log in time as an insurance adjuster and raise his three children with his formerly heroic wife in suburbia. But when he receives a mysterious assignment, it's time to get back into costume.",15.6778,2004-10-27,7.722,18785,2004,2000
"[9648, 53, 27]",419430,Get Out,en,Get Out,"Chris and his girlfriend Rose go upstate to visit her parents for the weekend. At first, Chris reads the family's overly accommodating behavior as nervous attempts to deal with their daughter's interracial relationship, but as the weekend progresses, a series of increasingly disturbing discoveries lead him to a truth that he never could have imagined.",12.8978,2017-02-24,7.621,18760,2017,2010
"[16, 35, 14, 12, 10751]",808,Shrek,en,Shrek,"It ain't easy bein' green -- especially if you're a likable (albeit smelly) ogre named Shrek. On a mission to retrieve a gorgeous princess from the clutches of a fire-breathing dragon, Shrek teams up with an unlikely compatriot -- a wisecracking donkey.",24.5703,2001-05-18,7.759,18605,2001,2000
"[28, 12, 878]",1930,The Amazing Spider-Man,en,The Amazing Spider-Man,"Peter Parker is an outcast high schooler abandoned by his parents as a boy, leaving him to be raised by his Uncle Ben and Aunt May. Like most teenagers, Peter is trying to figure out who he is and how he got to be the person he is today. As Peter discovers a mysterious briefcase that belonged to his father, he begins a quest to understand his parents' disappearance – leading him directly to Oscorp and the lab of Dr. Curt Connors, his father's former partner. As Spider-Man is set on a collision course with Connors' alter ego, The Lizard, Peter will make life-altering choices to use his powers and shape his destiny to become a hero.",17.3812,2012-06-23,6.732,18398,2012,2010
"[16, 35, 10751, 14]",2062,Ratatouille,en,Ratatouille,"Remy, a rat, possesses a palate far more refined than that of his fellow comrades. He dreams of becoming a chef, one who creates rather than scavenges. When fate deposits him in the sewers beneath one of Paris’s most famous restaurants, he finds himself ideally placed to fulfill his dream. Forming an unusual alliance with a hapless young kitchen worker, Remy begins a daring culinary double life.  As Remy pursues his vision, he must navigate the suspicions of the calculating Head Chef Skinner, the disapproval of Remy’s own colony, and the foreboding presence of renowned food critic Anton Ego, who strikes fear in the hearts of chefs all throughout France.",17.9109,2007-06-28,7.838,18363,2007,2000
"[12, 28, 878]",101299,The Hunger Games: Catching Fire,en,The Hunger Games: Catching Fire,"After surviving the Hunger Games, Katniss and Peeta struggle with the consequences of their victory as unrest spreads across Panem. Forced back into the spotlight, they become symbols of hope and resistance while the Capitol prepares a new and deadly challenge that will change the future of the nation forever.",12.4169,2013-11-15,7.427,18342,2013,2010
"[18, 35]",77338,The Intouchables,fr,Intouchables,A true story of two men who should never have met – a quadriplegic aristocrat who was injured in a paragliding accident and a young man from the projects.,41.2698,2011-11-02,8.269,18314,2011,2010
"[12, 28, 878]",1891,The Empire Strikes Back,en,The Empire Strikes Back,"The epic saga continues as Luke Skywalker, in hopes of defeating the evil Galactic Empire, learns the ways of the Jedi from aging master Yoda. But Darth Vader is more determined than ever to capture Luke. Meanwhile, rebel leader Princess Leia, cocky Han Solo, Chewbacca, and droids C-3PO and R2-D2 are thrown into various stages of capture, betrayal and despair.",11.8587,1980-05-20,8.392,18284,1980,1980
"[27, 53]",381288,Split,en,Split,"Though Kevin has evidenced 23 personalities to his trusted psychiatrist, Dr. Fletcher, there remains one still submerged who is set to materialize and dominate all the others. Compelled to abduct three teenage girls led by the willful, observant Casey, Kevin reaches a war for survival among all of those contained within him — as well as everyone around him — as the walls between his compartments shatter apart.",11.4959,2017-01-19,7.341,18246,2017,2010
"[28, 12, 14]",76338,Thor: The Dark World,en,Thor: The Dark World,"Thor fights to restore order across the cosmos… but an ancient race led by the vengeful Malekith returns to plunge the universe back into darkness. Faced with an enemy that even Odin and Asgard cannot withstand, Thor must embark on his most perilous and personal journey yet, one that will reunite him with Jane Foster and force him to sacrifice everything to save us all.",10.6837,2013-10-30,6.51,18237,2013,2010
"[16, 10751, 14]",129,Spirited Away,ja,千と千尋の神隠し,"A young girl, Chihiro, becomes trapped in a strange new world of spirits. When her parents undergo a mysterious transformation, she must call upon the courage she never knew she had to free her family.",32.2138,2001-07-20,8.534,18182,2001,2000
"[28, 9648, 878, 53]",198663,The Maze Runner,en,The Maze Runner,"A teenager with no memory of his past finds himself among a group of boys living in a walled enclosure surrounded by a massive, ever-changing maze. As he struggles to adapt to their rules and society, he begins to uncover clues that may lead to escape and the truth behind their confinement.",16.8072,2014-09-10,7.189,18004,2014,2010
"[35, 18, 10749]",313369,La La Land,en,La La Land,"Mia, an aspiring actress, serves lattes to movie stars in between auditions and Sebastian, a jazz musician, scrapes by playing cocktail party gigs in dingy bars, but as success mounts they are faced with decisions that begin to fray the fragile fabric of their love affair, and the dreams they worked so hard to maintain in each other threaten to rip them apart.",15.7709,2016-12-01,7.898,18003,2016,2010
[35],18785,The Hangover,en,The Hangover,"When three friends finally come to after a raucous night of bachelor-party revelry, they find a baby in the closet and a tiger in the bathroom. But they can't seem to locate their best friend, Doug – who's supposed to be tying the knot. Launching a frantic search for Doug, the trio perseveres through a nasty hangover to try to make it to the church on time.",16.7828,2009-06-02,7.3,17985,2009,2000
"[36, 18, 53, 10752]",205596,The Imitation Game,en,The Imitation Game,"Based on the real life story of legendary cryptanalyst Alan Turing, the film portrays the nail-biting race against time by Turing and his brilliant team of code-breakers at Britain's top-secret Government Code and Cypher School at Bletchley Park, during the darkest days of World War II.",15.008,2014-11-14,7.985,17977,2014,2010
"[16, 12, 10751, 35]",269149,Zootopia,en,Zootopia,"Determined to prove herself, Officer Judy Hopps, the first bunny on Zootopia's police force, jumps at the chance to crack her first case - even if it means partnering with scam-artist fox Nick Wilde to solve the mystery.",24.3484,2016-02-11,7.759,17965,2016,2010
"[80, 53, 18]",274,The Silence of the Lambs,en,The Silence of the Lambs,"Clarice Starling is a top student at the FBI's training academy.  Jack Crawford wants Clarice to interview Dr. Hannibal Lecter, a brilliant psychiatrist who is also a violent psychopath, serving life behind bars for various acts of murder and cannibalism.  Crawford believes that Lecter may have insight into a case and that Starling, as an attractive young woman, may be just the bait to draw him out.",4.7897,1991-02-14,8.345,17847,1991,1990
"[12, 878]",329,Jurassic Park,en,Jurassic Park,"A wealthy entrepreneur secretly creates a theme park featuring living dinosaurs drawn from prehistoric DNA. Before opening day, he invites a team of experts and his two eager grandchildren to experience the park and help calm anxious investors. However, the park is anything but amusing as the security systems go off-line and the dinosaurs escape.",7.8212,1993-06-11,7.967,17734,1993,1990
"[80, 35, 28, 12]",207703,Kingsman: The Secret Service,en,Kingsman: The Secret Service,The story of a super-secret spy organization that recruits an unrefined but promising street kid into the agency's ultra-competitive training program just as a global threat emerges from a twisted tech genius.,10.5894,2015-01-24,7.619,17730,2015,2010
"[10402, 18]",424694,Bohemian Rhapsody,en,Bohemian Rhapsody,"Singer Freddie Mercury, guitarist Brian May, drummer Roger Taylor and bass guitarist John Deacon take the music world by storm when they form the rock 'n' roll band Queen in 1970. Hit songs become instant classics. When Mercury's increasingly wild lifestyle starts to spiral out of control, Queen soon faces its greatest challenge yet – finding a way to keep the band together amid the success and excess.",11.3146,2018-10-24,7.958,17680,2018,2010
"[16, 10751, 12, 14]",109445,Frozen,en,Frozen,"Young princess Anna of Arendelle dreams about finding true love at her sister Elsa’s coronation. Fate takes her on a dangerous journey in an attempt to end the eternal winter that has fallen over the kingdom. She's accompanied by ice delivery man Kristoff, his reindeer Sven, and snowman Olaf. On an adventure where she will find out what friendship, courage, family, and true love really means.",18.9058,2013-11-20,7.248,17493,2013,2010
"[10752, 28, 18]",374720,Dunkirk,en,Dunkirk,"The story of the miraculous evacuation of Allied soldiers from Belgium, Britain, Canada and France, who were cut off and surrounded by the German army from the beaches and harbour of Dunkirk between May 26th and June 4th 1940 during World War II.",11.8819,2017-07-19,7.451,17476,2017,2010
"[18, 9648, 878]",1124,The Prestige,en,The Prestige,"A mysterious story of two magicians whose intense rivalry leads them on a life-long battle for supremacy -- full of obsession, deceit and jealousy with dangerous and deadly consequences.",14.9469,2006-10-19,8.2,17453,2006,2000
"[18, 36, 10752]",424,Schindler's List,en,Schindler's List,The true story of how businessman Oskar Schindler saved over a thousand Jewish lives from the Nazis while they worked as slaves in his factory during World War II.,24.5195,1993-12-15,8.567,17333,1993,1990
"[878, 28]",335983,Venom,en,Venom,"Investigative journalist Eddie Brock attempts a comeback following a scandal, but accidentally becomes the host of Venom, a violent, super powerful alien symbiote. Soon, he must rely on his newfound powers to protect the world from a shadowy organization looking for a symbiote of their own.",14.5966,2018-09-28,6.825,17144,2018,2010
"[16, 28, 12, 878]",324857,Spider-Man: Into the Spider-Verse,en,Spider-Man: Into the Spider-Verse,"Struggling to find his place in the world while juggling school and family, Brooklyn teenager Miles Morales is unexpectedly bitten by a radioactive spider and develops unfathomable powers just like the one and only Spider-Man. While wrestling with the implications of his new abilities, Miles discovers a super collider created by the madman Wilson ""Kingpin"" Fisk, causing others from across the Spider-Verse to be inadvertently transported to his dimension.",30.5638,2018-12-06,8.394,17088,2018,2010
"[10752, 18, 36]",857,Saving Private Ryan,en,Saving Private Ryan,"As U.S. troops storm the beaches of Normandy, three brothers lie dead on the battlefield, with a fourth trapped behind enemy lines. Ranger captain John Miller and seven men are tasked with penetrating German-held territory and bringing the boy home.",16.842,1998-07-24,8.223,17081,1998,1990
"[12, 14, 28]",58,Pirates of the Caribbean: Dead Man's Chest,en,Pirates of the Caribbean: Dead Man's Chest,"Captain Jack Sparrow’s got a blood debt to pay: he owes his soul to the legendary Davy Jones, ghastly Ruler of the Ocean Depths. To escape eternal servitude aboard the Flying Dutchman, ever-crafty Jack must track down the still-beating heart of Jones. But he won’t do it alone: Will Turner and Elizabeth Swann are drawn back into another one of his perilous quests—assuming they can evade execution for aiding a pirate.",19.1708,2006-07-06,7.375,17032,2006,2000
"[28, 878]",240832,Lucy,en,Lucy,"A woman, accidentally caught in a dark deal, turns the tables on her captors and transforms into a merciless warrior evolved beyond human logic.",11.643,2014-07-25,6.473,16970,2014,2010
"[18, 80]",640,Catch Me If You Can,en,Catch Me If You Can,"A true story about Frank Abagnale Jr. who, before his 19th birthday, successfully conned millions of dollars worth of checks as a Pan Am pilot, doctor, and legal prosecutor. An FBI agent makes it his mission to put him behind bars. But Frank not only eludes capture, he revels in the pursuit.",14.8411,2002-12-16,7.977,16967,2002,2000
"[28, 12, 878]",429617,Spider-Man: Far From Home,en,Spider-Man: Far From Home,"Peter Parker and his friends go on a summer trip to Europe. However, they will hardly be able to rest - Peter will have to agree to help Nick Fury uncover the mystery of creatures that cause natural disasters and destruction throughout the continent.",21.383,2019-06-28,7.396,16848,2019,2010
"[12, 28, 878]",1892,Return of the Jedi,en,Return of the Jedi,"Luke Skywalker leads a mission to rescue his friend Han Solo from the clutches of Jabba the Hutt, the Emperor prepares to crush the Rebellion with a more powerful Death Star, and the Rebel fleet mounts a massive attack on the space station. Luke Skywalker confronts Darth Vader in a final climactic duel before the evil Emperor.",9.0392,1983-05-25,7.906,16824,1983,1980
"[12, 28, 878]",333339,Ready Player One,en,Ready Player One,"When the creator of a popular video game system dies, a virtual contest is created to compete for his fortune.",14.7726,2018-03-28,7.584,16772,2018,2010
"[28, 80]",339403,Baby Driver,en,Baby Driver,"After being coerced into working for a crime boss, a young getaway driver finds himself taking part in a heist doomed to fail.",11.7073,2017-06-28,7.442,16742,2017,2010
"[18, 878, 53]",6479,I Am Legend,en,I Am Legend,"Robert Neville is a scientist who was unable to stop the spread of the terrible virus that was incurable and man-made. Immune, Neville is now the last human survivor in what is left of New York City and perhaps the world. For three years, Neville has faithfully sent out daily radio messages, desperate to find any other survivors who might be out there. But he is not alone.",12.4034,2007-12-12,7.21,16725,2007,2000
"[53, 80]",75656,Now You See Me,en,Now You See Me,An FBI agent and an Interpol detective track a team of illusionists who pull off bank heists during their performances and reward their audiences with the money.,12.166,2013-05-29,7.3,16680,2013,2010
"[28, 12, 878]",299537,Captain Marvel,en,Captain Marvel,"The story follows Carol Danvers as she becomes one of the universe’s most powerful heroes when Earth is caught in the middle of a galactic war between two alien races. Set in the 1990s, Captain Marvel is an all-new adventure from a previously unseen period in the history of the Marvel Cinematic Universe.",11.6367,2019-03-06,6.784,16653,2019,2010
"[878, 12, 53]",131631,The Hunger Games: Mockingjay - Part 1,en,The Hunger Games: Mockingjay - Part 1,"After surviving the Quarter Quell, Katniss finds herself in the hidden stronghold of District 13, where the rebellion against the Capitol is gaining momentum. Struggling with the weight of becoming the symbol of resistance, she must navigate fragile alliances while trying to protect those she loves. As propaganda battles rage and Panem moves closer to full-scale war, Katniss is forced to confront the true cost of revolution.",14.9087,2014-11-19,6.8,16650,2014,2010
"[18, 10402, 53]",244786,Whiplash,en,Whiplash,"Under the direction of a ruthless instructor, a talented young drummer begins to pursue perfection at any cost, even his humanity.",21.3607,2014-10-10,8.374,16504,2014,2010
"[12, 10751, 16, 28, 35]",177572,Big Hero 6,en,Big Hero 6,"A special bond develops between plus-sized inflatable robot Baymax, and prodigy Hiro Hamada, who team up with a group of friends to form a band of high-tech heroes.",20.5449,2014-10-24,7.724,16487,2014,2010
"[28, 27, 878, 53]",72190,World War Z,en,World War Z,"Life for former United Nations investigator Gerry Lane and his family seems content. Suddenly, the world is plagued by a mysterious infection turning whole human populations into rampaging mindless zombies. After barely escaping the chaos, Lane is persuaded to go on a mission to investigate this disease. What follows is a perilous trek around the world where Lane must brave horrific dangers and long odds to find answers before human civilization falls.",21.5003,2013-06-19,6.825,16412,2013,2010
"[28, 12, 878]",330459,Rogue One: A Star Wars Story,en,Rogue One: A Star Wars Story,A rogue band of resistance fighters unite for a mission to steal the Death Star plans and bring a new hope to the galaxy.,8.5483,2016-12-14,7.505,16300,2016,2010
"[878, 53, 18]",49047,Gravity,en,Gravity,"Dr Ryan Stone, an engineer on her first space mission, and Matt Kowalski, an astronaut on his final expedition, have to survive in space after they are hit by debris while spacewalking.",9.8173,2013-10-03,7.168,16249,2013,2010
"[12, 28, 878]",181808,Star Wars: The Last Jedi,en,Star Wars: The Last Jedi,"Rey develops her newly discovered abilities with the guidance of Luke Skywalker, who is unsettled by the strength of her powers. Meanwhile, the Resistance prepares to do battle with the First Order.",38.3663,2017-12-13,6.755,16236,2017,2010
"[28, 12, 878]",558,Spider-Man 2,en,Spider-Man 2,"Peter Parker is going through a major identity crisis. Burned out from being Spider-Man, he decides to shelve his superhero alter ego, which leaves the city suffering in the wake of carnage left by the evil Doc Ock. In the meantime, Parker still can't act on his feelings for Mary Jane Watson, a girl he's loved since childhood. A certain anger begins to brew in his best friend Harry Osborn as well...",9.9264,2004-06-25,7.304,16236,2004,2000
"[27, 878]",348,Alien,en,Alien,"During its return to the earth, commercial spaceship Nostromo intercepts a distress signal from a distant planet. When a three-member team of the crew discovers a chamber containing thousands of eggs on the planet, a creature inside one of the eggs attacks an explorer. The entire crew is unaware of the impending nightmare set to descend upon them when the alien parasite planted inside its unfortunate host is birthed.",27.8067,1979-05-25,8.169,16229,1979,1970
"[878, 18, 10749]",38,Eternal Sunshine of the Spotless Mind,en,Eternal Sunshine of the Spotless Mind,"Joel Barish, heartbroken that his girlfriend underwent a procedure to erase him from her memory, decides to do the same. However, as he watches his memories of her fade away, he realises that he still loves her, and may be too late to correct his mistake.",26.9459,2004-03-19,8.091,16228,2004,2000
"[28, 12, 878]",127585,X-Men: Days of Future Past,en,X-Men: Days of Future Past,The ultimate X-Men ensemble fights a war for the survival of the species across two time periods as they join forces with their younger selves in an epic battle that must change the past – to save our future.,12.311,2014-05-15,7.529,16163,2014,2010
"[9648, 53]",77,Memento,en,Memento,"Leonard Shelby is tracking down the man who raped and murdered his wife. The difficulty of locating his wife's killer, however, is compounded by the fact that he suffers from a rare, untreatable form of short-term memory loss. Although he can recall details of life before his accident, Leonard cannot remember what happened fifteen minutes ago, where he's going, or why.",14.3405,2000-10-11,8.2,16110,2000,2000
"[28, 12, 878]",49521,Man of Steel,en,Man of Steel,"A young boy learns that he has extraordinary powers and is not of this earth. As a young man, he journeys to discover where he came from and what he was sent here to do. But the hero in him must emerge if he is to save the world from annihilation and become the symbol of hope for all mankind.",12.7338,2013-06-12,6.6,16089,2013,2010
"[18, 53, 80]",1422,The Departed,en,The Departed,"To take down South Boston's Irish Mafia, the police send in one of their own to infiltrate the underworld, not realizing the syndicate has done likewise. While an undercover cop curries favor with the mob kingpin, a career criminal rises through the police ranks. But both sides soon discover there's a mole among them.",13.5371,2006-10-04,8.16,16076,2006,2000
"[28, 12, 53]",37724,Skyfall,en,Skyfall,"When Bond's latest assignment goes gravely wrong, agents around the world are exposed and MI6 headquarters is attacked. While M faces challenges to her authority and position from Gareth Mallory, the new Chairman of the Intelligence and Security Committee, it's up to Bond, aided only by field agent Eve, to locate the mastermind behind the attack.",10.8521,2012-10-24,7.26,16052,2012,2010
"[12, 35, 10751, 14]",118,Charlie and the Chocolate Factory,en,Charlie and the Chocolate Factory,"A young boy wins a tour through the most magnificent chocolate factory in the world, led by the world's most unusual candy maker.",13.9055,2005-07-13,7.038,16043,2005,2000
"[80, 18, 28]",101,Léon: The Professional,fr,Léon,"Léon, the top hit man in New York, has earned a rep as an effective ""cleaner"". But when his next-door neighbors are wiped out by a loose-cannon DEA agent, he becomes the unwilling custodian of 12-year-old Mathilda. Before long, Mathilda's thoughts turn to revenge, and she considers following in Léon's footsteps.",17.0492,1994-09-14,8.295,15987,1994,1990
"[10751, 35, 16, 878, 80]",20352,Despicable Me,en,Despicable Me,"Gru is a supervillain determined to prove he’s the greatest by stealing the Moon. To pull off his plan, he adopts three orphaned girls—Margo, Edith, and Agnes—intending to use them as part of his scheme. However, as Gru bonds with the girls, his cold, villainous exterior begins to melt.",16.0347,2010-07-08,7.257,15982,2010,2010
"[35, 18]",120467,The Grand Budapest Hotel,en,The Grand Budapest Hotel,"The Grand Budapest Hotel tells of a legendary concierge at a famous European hotel between the wars and his friendship with a young employee who becomes his trusted protégé. The story involves the theft and recovery of a priceless Renaissance painting, the battle for an enormous family fortune and the slow and then sudden upheavals that transformed Europe during the first half of the 20th century.",11.4299,2014-02-26,8.03,15977,2014,2010
"[10751, 14, 10749]",321612,Beauty and the Beast,en,Beauty and the Beast,A live-action adaptation of Disney's version of the classic tale of a cursed prince and a beautiful young woman who helps him break the spell.,13.9113,2017-03-16,6.968,15964,2017,2010
"[12, 28, 878]",1893,Star Wars: Episode I - The Phantom Menace,en,Star Wars: Episode I - The Phantom Menace,"Anakin Skywalker, a young slave strong with the Force, is discovered on Tatooine. Meanwhile, the evil Sith have returned, enacting their plot for revenge against the Jedi.",10.7438,1999-05-19,6.572,15719,1999,1990
"[16, 10751, 35]",10193,Toy Story 3,en,Toy Story 3,"Woody, Buzz, and the rest of Andy's toys haven't been played with in years. With Andy about to go to college, the gang find themselves accidentally left at a nefarious day care center. The toys must band together to escape and return home to Andy.",14.78,2010-06-16,7.804,15628,2010,2010
"[28, 53, 878]",752,V for Vendetta,en,V for Vendetta,"In a world in which Great Britain has become a fascist state, a masked vigilante known only as “V” conducts guerrilla warfare against the oppressive British government. When V rescues a young woman from the secret police, he finds in her an ally with whom he can continue his fight to free the people of Britain.",11.1125,2006-02-23,7.899,15472,2006,2000
"[18, 53, 27]",44214,Black Swan,en,Black Swan,"The story of Nina, a ballerina in a New York City ballet company whose life, like all those in her profession, is completely consumed with dance. She lives with her retired ballerina mother Erica who zealously supports her daughter's professional ambition. When artistic director Thomas Leroy decides to replace prima ballerina Beth MacIntyre for the opening production of their new season, Swan Lake, Nina is his first choice.",11.1927,2010-12-03,7.685,15469,2010,2010
"[12, 14, 28]",285,Pirates of the Caribbean: At World's End,en,Pirates of the Caribbean: At World's End,"After losing Captain Jack Sparrow to the locker of Davy Jones, Will Turner, Elizabeth Swann, and Captain Barbossa journey to the ends of the earth to rescue him. And as the East India Trading Company tightens its grip on the seas under Lord Cutler Beckett—now in control of Davy Jones—the fate of piracy hangs by a thread. Now, they must unite the pirate lords for one final stand. But as loyalties are tested and alliances shift, each must ultimately choose where they stand in the battle for freedom on the high seas.",15.7283,2007-05-19,7.266,15357,2007,2000
"[80, 53]",500,Reservoir Dogs,en,Reservoir Dogs,"A botched robbery indicates a police informant, and the pressure mounts in the aftermath at a warehouse. Crime begets violence as the survivors -- veteran Mr. White, newcomer Mr. Orange, psychopathic parolee Mr. Blonde, bickering weasel Mr. Pink and Nice Guy Eddie -- unravel.",12.7895,1992-09-02,8.1,15355,1992,1990
"[28, 12, 14]",122917,The Hobbit: The Battle of the Five Armies,en,The Hobbit: The Battle of the Five Armies,"Following Smaug's attack on Laketown, Bilbo and the dwarves try to defend Erebor's mountain of treasure from others who claim it: the men of the ruined Laketown and the elves of Mirkwood. Meanwhile an army of Orcs led by Azog the Defiler is marching on Erebor, fueled by the rise of the dark lord Sauron. Dwarves, elves and men must unite, and the hope for Middle-Earth falls into Bilbo's hands.",20.7393,2014-12-10,7.331,15257,2014,2010
"[27, 18, 878]",447332,A Quiet Place,en,A Quiet Place,A family is forced to live in silence while hiding from creatures that hunt by sound.,11.4193,2018-04-03,7.392,15243,2018,2010
"[10749, 878, 18]",152601,Her,en,Her,"In the not so distant future, Theodore, a lonely writer, purchases a newly developed operating system designed to meet the user's every need. To Theodore's surprise, a romantic relationship develops between him and his operating system. This unconventional love story blends science fiction and romance in a sweet tale that explores the nature of love and the ways that technology isolates and connects us all.",13.0201,2013-12-18,7.841,15217,2013,2010
"[18, 9648, 37]",273248,The Hateful Eight,en,The Hateful Eight,Bounty hunters seek shelter from a raging blizzard and get caught up in a plot of betrayal and deception.,10.8081,2015-12-25,7.756,15186,2015,2010
"[28, 12, 878]",559,Spider-Man 3,en,Spider-Man 3,"The seemingly invincible Spider-Man goes up against an all-new crop of villains—including the shape-shifting Sandman. While Spider-Man’s superpowers are altered by an alien organism, his alter ego, Peter Parker, deals with nemesis Eddie Brock and also gets caught up in a love triangle.",18.9525,2007-05-01,6.454,15109,2007,2000
"[16, 12, 35, 10751]",920,Cars,en,Cars,"Lightning McQueen, a hotshot rookie race car driven to succeed, discovers that life is about the journey, not the finish line, when he finds himself unexpectedly detoured in the sleepy Route 66 town of Radiator Springs. On route across the country to the big Piston Cup Championship in California to compete against two seasoned pros, McQueen gets to know the town's offbeat characters.",14.0134,2006-06-08,7.024,15023,2006,2000
"[878, 18]",335984,Blade Runner 2049,en,Blade Runner 2049,"Thirty years after the events of the first film, a new blade runner, LAPD Officer K, unearths a long-buried secret that has the potential to plunge what's left of society into chaos. K's discovery leads him on a quest to find Rick Deckard, a former LAPD blade runner who has been missing for 30 years.",22.4655,2017-10-04,7.591,14999,2017,2010
"[28, 80, 53]",393,Kill Bill: Vol. 2,en,Kill Bill: Vol. 2,"The Bride unwaveringly continues on her roaring rampage of revenge against the band of assassins who had tried to kill her and her unborn child. She visits each of her former associates one-by-one, checking off the victims on her Death List Five until there's nothing left to do … but kill Bill.",10.243,2004-04-16,7.877,14969,2004,2000
"[28, 878]",137113,Edge of Tomorrow,en,Edge of Tomorrow,"Major Bill Cage is an officer who has never seen a day of combat when he is unceremoniously demoted and dropped into combat. Cage is killed within minutes, managing to take an alpha alien down with him. He awakens back at the beginning of the same day and is forced to fight and die again... and again - as physical contact with the alien has thrown him into a time loop.",11.8205,2014-05-27,7.637,14941,2014,2010
"[878, 18, 53]",78,Blade Runner,en,Blade Runner,"In the smog-choked dystopian Los Angeles of 2019, blade runner Rick Deckard is called out of retirement to terminate a quartet of replicants who have escaped to Earth seeking their creator for a way to extend their short life spans.",13.5437,1982-06-25,7.939,14877,1982,1980
"[12, 28, 14]",1865,Pirates of the Caribbean: On Stranger Tides,en,Pirates of the Caribbean: On Stranger Tides,"When Jack crosses paths with a woman from his past, he's not sure if it's love...or if she's a ruthless con artist using him to find the fabled Fountain of Youth.",14.5107,2011-05-15,6.565,14864,2011,2010
"[28, 12, 14]",297802,Aquaman,en,Aquaman,"Half-human, half-Atlantean Arthur Curry is taken on the journey of his lifetime to discover if he is worth of being a king.",15.0191,2018-12-07,6.867,14838,2018,2010
"[12, 28, 878]",1895,Star Wars: Episode III - Revenge of the Sith,en,Star Wars: Episode III - Revenge of the Sith,"When the sinister Sith unveil a thousand-year-old plot to rule the galaxy, the Republic crumbles and from its ashes rises the evil Galactic Empire. Jedi hero Anakin Skywalker must choose a side.",11.1446,2005-05-17,7.463,14832,2005,2000
"[16, 35, 10751]",863,Toy Story 2,en,Toy Story 2,"Andy heads off to Cowboy Camp, leaving his toys to their own devices. Things shift into high gear when an obsessive toy collector named Al McWhiggen, owner of Al's Toy Barn kidnaps Woody. Andy's toys mount a daring rescue mission, Buzz Lightyear meets his match and Woody has to decide where he and his heart truly belong.",15.2237,1999-10-30,7.604,14793,1999,1990
"[18, 36, 10752]",324786,Hacksaw Ridge,en,Hacksaw Ridge,"WWII American Army Medic Desmond T. Doss, who served during the Battle of Okinawa, refuses to kill people and becomes the first Conscientious Objector in American history to receive the Congressional Medal of Honor.",19.7612,2016-10-07,8.189,14746,2016,2010
"[28, 12, 35, 878]",607,Men in Black,en,Men in Black,"After a police chase with an otherworldly being, a New York City cop is recruited as an agent in a top-secret organization established to monitor and police alien activity on Earth: the Men in Black. Agent K and new recruit Agent J find themselves in the middle of a deadly plot by an intergalactic terrorist who has arrived on Earth to assassinate two ambassadors from opposing galaxies.",12.4774,1997-07-02,7.219,14740,1997,1990
"[35, 18, 53]",466272,Once Upon a Time... in Hollywood,en,Once Upon a Time... in Hollywood,"Los Angeles, 1969. TV star Rick Dalton, a struggling actor specializing in westerns, and stuntman Cliff Booth, his best friend, try to survive in a constantly changing movie industry. Dalton is the neighbor of the young and promising actress and model Sharon Tate, who has just married the prestigious Polish director Roman Polanski…",15.579,2019-07-24,7.423,14739,2019,2010
"[878, 12]",438631,Dune,en,Dune,"Paul Atreides, a brilliant and gifted young man born into a great destiny beyond his understanding, must travel to the most dangerous planet in the universe to ensure the future of his family and his people. As malevolent forces explode into conflict over the planet's exclusive supply of the most precious resource in existence-a commodity capable of unlocking humanity's greatest potential-only those who can conquer their fear will survive.",25.1603,2021-09-15,7.779,14728,2021,2020
"[10751, 14, 12]",12155,Alice in Wonderland,en,Alice in Wonderland,"Alice, now 19 years old, returns to the whimsical world she first entered as a child and embarks on a journey to discover her true destiny.",12.5304,2010-03-03,6.639,14722,2010,2010
"[12, 80, 9648]",10528,Sherlock Holmes,en,Sherlock Holmes,Eccentric consulting detective Sherlock Holmes and Doctor John Watson battle to bring down a new nemesis and unravel a deadly plot that could destroy England.,9.8387,2009-12-23,7.218,14702,2009,2000
"[28, 12, 10752]",1271,300,en,300,"A story very loosely based the 480 B.C. Battle of Thermopylae, where the King of Sparta led his army against the advancing Persians.",11.2878,2007-03-07,7.196,14636,2007,2000
"[28, 53, 878]",218,The Terminator,en,The Terminator,"In the post-apocalyptic future, reigning tyrannical supercomputers teleport a cyborg assassin known as the ""Terminator"" back to 1984 to kill Sarah Connor, whose unborn son is destined to lead insurgents against 21st century mechanical hegemony. Meanwhile, the human-resistance movement dispatches a lone warrior to safeguard Sarah. Can he stop the virtually indestructible killing machine?",16.7863,1984-10-26,7.679,14471,1984,1980
"[12, 35, 14, 28]",353486,Jumanji: Welcome to the Jungle,en,Jumanji: Welcome to the Jungle,"Four teenagers in detention discover an old video game console with a game they’ve never heard of. When they decide to play, they are immediately sucked into the jungle world of Jumanji in the bodies of their avatars. They’ll have to complete the adventure of their lives filled with fun, thrills and danger or be stuck in the game forever!",7.6744,2017-12-09,6.817,14397,2017,2010
"[14, 18, 10749]",8966,Twilight,en,Twilight,"When Bella Swan moves to a small town in the Pacific Northwest, she falls in love with Edward Cullen, a mysterious classmate who reveals himself to be a 108-year-old vampire. Despite Edward's repeated cautions, Bella can't stay away from him, a fatal move that endangers her own life.",21.1168,2008-11-20,6.279,14325,2008,2000
"[14, 12, 16, 10751]",10191,How to Train Your Dragon,en,How to Train Your Dragon,"As the son of a Viking leader on the cusp of manhood, shy Hiccup Horrendous Haddock III faces a rite of passage: he must kill a dragon to prove his warrior mettle. But after downing a feared dragon, he realizes that he no longer wants to destroy it, and instead befriends the beast – which he names Toothless – much to the chagrin of his warrior father.",14.5956,2010-03-18,7.857,14266,2010,2010
"[12, 28, 878]",1894,Star Wars: Episode II - Attack of the Clones,en,Star Wars: Episode II - Attack of the Clones,"Following an assassination attempt on Senator Padmé Amidala, Jedi Knights Anakin Skywalker and Obi-Wan Kenobi investigate a mysterious plot into the heart of the Separatist movement and the beginning of the Clone Wars.",8.4824,2002-05-15,6.591,14237,2002,2000
"[18, 80]",769,GoodFellas,en,GoodFellas,"The true story of Henry Hill, a half-Irish, half-Sicilian Brooklyn kid who is adopted by neighbourhood gangsters at an early age and climbs the ranks of a Mafia family under the guidance of Jimmy Conway.",21.3126,1990-09-12,8.453,14220,1990,1990
"[16, 35, 10751, 12]",425,Ice Age,en,Ice Age,"Manny the mammoth, Sid the loquacious sloth, and Diego the sabre-toothed tiger go on a comical quest to return a human baby back to his father, across a world on the brink of an ice age.",15.1918,2002-03-14,7.37,14197,2002,2000
"[18, 878]",264660,Ex Machina,en,Ex Machina,"Caleb, a coder at the world's largest internet company, wins a competition to spend a week at a private mountain retreat belonging to Nathan, the reclusive CEO of the company. But when Caleb arrives at the remote location he finds that he will have to participate in a strange and fascinating experiment in which he must interact with the world's first true artificial intelligence, housed in the body of a beautiful robot girl.",9.3408,2015-01-21,7.574,14166,2015,2010
"[28, 53, 80]",324552,John Wick: Chapter 2,en,John Wick: Chapter 2,"John Wick is forced out of retirement by a former associate looking to seize control of a shadowy international assassins’ guild. Bound by a blood oath to aid him, Wick travels to Rome and does battle against some of the world’s most dangerous killers.",15.6843,2017-02-08,7.336,14152,2017,2010
"[28, 53, 878]",280,Terminator 2: Judgment Day,en,Terminator 2: Judgment Day,"Ten years after the events of the original, a reprogrammed T-800 is sent back in time to protect young John Connor from the shape-shifting T-1000. Together with his mother Sarah, he fights to stop Skynet from triggering a nuclear apocalypse.",17.9212,1991-07-03,8.145,14149,1991,1990
"[18, 10749, 878]",274870,Passengers,en,Passengers,"A spacecraft traveling to a distant colony planet and transporting thousands of people has a malfunction in its sleep chambers. As a result, two passengers are awakened 90 years early.",7.291,2016-12-21,6.952,14147,2016,2010
"[28, 12, 878]",102382,The Amazing Spider-Man 2,en,The Amazing Spider-Man 2,"For Peter Parker, life is busy. Between taking out the bad guys as Spider-Man and spending time with the person he loves, Gwen Stacy, high school graduation cannot come quickly enough. Peter has not forgotten about the promise he made to Gwen’s father to protect her by staying away, but that is a promise he cannot keep. Things will change for Peter when a new villain, Electro, emerges, an old friend, Harry Osborn, returns, and Peter uncovers new clues about his past.",21.1382,2014-04-16,6.532,14129,2014,2010
"[14, 12, 28]",57158,The Hobbit: The Desolation of Smaug,en,The Hobbit: The Desolation of Smaug,"The Dwarves, Bilbo and Gandalf have successfully escaped the Misty Mountains, and Bilbo has gained the One Ring. They all continue their journey to get their gold back from the Dragon, Smaug.",12.6977,2013-12-11,7.576,14105,2013,2010
"[28, 12, 878]",363088,Ant-Man and the Wasp,en,Ant-Man and the Wasp,"Just when his time under house arrest is about to end, Scott Lang once again puts his freedom at risk to help Hope van Dyne and Dr. Hank Pym dive into the quantum realm and try to accomplish, against time and any chance of success, a very dangerous rescue mission.",9.0672,2018-07-04,6.904,14102,2018,2010
"[16, 10751, 14, 12]",62177,Brave,en,Brave,"In the mystical Scottish Highlands, Merida is the princess of a kingdom ruled by King Fergus and Queen Elinor. An unruly daughter and an accomplished archer, Merida one day defies a sacred custom of the land and inadvertently brings turmoil to the kingdom. In an attempt to set things right, Merida seeks out an eccentric old Wise Woman and is granted an ill-fated wish. Also figuring into Merida's quest — and serving as comic relief — are the kingdom's three lords: the enormous Lord MacGuffin, the surly Lord Macintosh, and the disagreeable Lord Dingwall.",14.7809,2012-06-21,7.022,14089,2012,2010
"[28, 12, 878]",76600,Avatar: The Way of Water,en,Avatar: The Way of Water,"Set more than a decade after the events of the first film, learn the story of the Sully family (Jake, Neytiri, and their kids), the trouble that follows them, the lengths they go to keep each other safe, the battles they fight to stay alive, and the tragedies they endure.",30.9946,2022-12-14,7.593,13985,2022,2020
"[35, 18]",637,Life Is Beautiful,it,La vita è bella,A touching story of an Italian book seller of Jewish ancestry who lives in his own little fairy tale. His creative and happy life would come to an abrupt halt when his entire family is deported to a concentration camp during World War II. While locked up he tries to convince his son that the whole thing is just a game.,13.8343,1997-12-20,8.439,13913,1997,1990
"[35, 80, 9648]",546554,Knives Out,en,Knives Out,"When renowned crime novelist Harlan Thrombey is found dead at his estate just after his 85th birthday, the inquisitive and debonair Detective Benoit Blanc is mysteriously enlisted to investigate. From Harlan's dysfunctional family to his devoted staff, Blanc sifts through a web of red herrings and self-serving lies to uncover the truth behind Harlan's untimely death.",14.2217,2019-11-27,7.839,13897,2019,2010
"[12, 35, 878]",165,Back to the Future Part II,en,Back to the Future Part II,"Marty and Doc are at it again as the time-traveling duo head to 2015 to nip some McFly family woes in the bud. But things go awry thanks to bully Biff Tannen and a pesky sports almanac. In a last-ditch attempt to set things straight, Marty finds himself bound for 1955 and face to face with his teenage parents -- again.",10.6722,1989-11-22,7.778,13832,1989,1980
"[18, 80]",240,The Godfather Part II,en,The Godfather Part II,"In the continuing saga of the Corleone crime family, a young Vito Corleone grows up in Sicily and in 1910s New York. In the 1950s, Michael Corleone attempts to expand the family business into Las Vegas, Hollywood and Cuba.",24.5795,1974-12-20,8.6,13802,1974,1970
"[878, 80]",185,A Clockwork Orange,en,A Clockwork Orange,"In a near-future Britain, young Alexander DeLarge and his pals get their kicks beating and raping anyone they please. When not destroying the lives of others, Alex swoons to the music of Beethoven. The state, eager to crack down on juvenile crime, gives an incarcerated Alex the option to undergo an invasive procedure that'll rob him of all personal agency. In a time when conscience is a commodity, can Alex change his tune?",12.0736,1971-10-28,8.2,13747,1971,1970
[18],489,Good Will Hunting,en,Good Will Hunting,"Will Hunting is a headstrong, working-class genius who is failing the lessons of life. After one too many run-ins with the law, Will's last chance is a psychology professor, who might be the only man who can reach him.",14.0858,1997-12-05,8.16,13723,1997,1990
"[12, 18]",87827,Life of Pi,en,Life of Pi,"The story of an Indian boy named Pi, a zookeeper's son who finds himself in the company of a hyena, zebra, orangutan, and a Bengal tiger after a shipwreck sets them adrift in the Pacific Ocean.",8.9346,2012-11-20,7.408,13703,2012,2010
"[14, 18, 10749]",162,Edward Scissorhands,en,Edward Scissorhands,A small suburban town receives a visit from a castaway unfinished science experiment named Edward.,12.6239,1990-12-07,7.719,13700,1990,1990
"[878, 14, 28]",246655,X-Men: Apocalypse,en,X-Men: Apocalypse,"After the re-emergence of the world's first mutant, world-destroyer Apocalypse, the X-Men must unite to defeat his extinction level plan.",12.5823,2016-05-18,6.521,13692,2016,2010
"[12, 35, 10751, 16]",277834,Moana,en,Moana,"In Ancient Polynesia, when a terrible curse incurred by Maui reaches an impetuous Chieftain's daughter's island, she answers the Ocean's call to seek out the demigod to set things right.",3.3993,2016-10-13,7.565,13668,2016,2010
"[14, 12, 28, 10751, 10749]",102651,Maleficent,en,Maleficent,"A beautiful, pure-hearted young woman, Maleficent has an idyllic life growing up in a peaceable forest kingdom, until one day when an invading army threatens the harmony of the land. She rises to be the land's fiercest protector, but she ultimately suffers a ruthless betrayal – an act that begins to turn her heart into stone. Bent on revenge, Maleficent faces an epic battle with the invading King's successor and, as a result, places a curse upon his newborn infant Aurora. As the child grows, Maleficent realizes that Aurora holds the key to peace in the kingdom – and to Maleficent's true happiness as well.",12.3732,2014-05-28,7.087,13659,2014,2010
"[18, 14, 10749]",4922,The Curious Case of Benjamin Button,en,The Curious Case of Benjamin Button,"Born under unusual circumstances, Benjamin Button springs into being as an elderly man in a New Orleans nursing home and ages in reverse. Twelve years after his birth, he meets Daisy, a child who flits in and out of his life as she grows up to be a dancer. Though he has all sorts of unusual adventures over the course of his life, it is his relationship with Daisy, and the hope that they will come together at the right time, that drives Benjamin forward.",9.1298,2008-12-25,7.598,13638,2008,2000
"[28, 12, 16, 10751]",260513,Incredibles 2,en,Incredibles 2,"Elastigirl springs into action to save the day, while Mr. Incredible faces his greatest challenge yet – taking care of the problems of his three children.",11.3643,2018-06-14,7.451,13611,2018,2010
"[28, 12, 878]",141052,Justice League,en,Justice League,"Fuelled by his restored faith in humanity and inspired by Superman's selfless act, Bruce Wayne and Diana Prince assemble a team of metahumans consisting of Barry Allen, Arthur Curry and Victor Stone to face the catastrophic threat of Steppenwolf and the Parademons who are on the hunt for three Mother Boxes on Earth.",9.681,2017-11-15,6.071,13603,2017,2010
"[10752, 28]",190859,American Sniper,en,American Sniper,"U.S. Navy SEAL Chris Kyle takes his sole mission—protect his comrades—to heart and becomes one of the most lethal snipers in American history. His pinpoint accuracy not only saves countless lives but also makes him a prime target of insurgents. Despite grave danger and his struggle to be a good husband and father to his family back in the States, Kyle serves four tours of duty in Iraq. However, when he finally returns home, he finds that he cannot leave the war behind.",10.4793,2014-12-25,7.412,13578,2014,2010
"[12, 28]",85,Raiders of the Lost Ark,en,Raiders of the Lost Ark,"When Dr. Indiana Jones – the tweed-suited professor who just happens to be a celebrated archaeologist – is hired by the government to locate the legendary Ark of the Covenant, he finds himself up against the entire Nazi regime.",17.8023,1981-06-12,7.923,13545,1981,1980
"[18, 53, 80]",64690,Drive,en,Drive,"Driver is a skilled Hollywood stuntman who moonlights as a getaway driver for criminals. Though he projects an icy exterior, lately he's been warming up to a pretty neighbor named Irene and her young son, Benicio. When Irene's husband gets out of jail, he enlists Driver's help in a million-dollar heist. The job goes horribly wrong, and Driver must risk his life to protect Irene and Benicio from the vengeful masterminds behind the robbery.",13.168,2011-09-15,7.584,13522,2011,2010
"[18, 35]",194662,Birdman or (The Unexpected Virtue of Ignorance),en,Birdman or (The Unexpected Virtue of Ignorance),"A fading actor best known for his portrayal of a popular superhero attempts to mount a comeback by appearing in a Broadway play. As opening night approaches, his attempts to become more altruistic, rebuild his career, and reconnect with friends and family prove more difficult than expected.",9.2364,2014-10-17,7.444,13517,2014,2010
"[28, 878, 12]",49538,X-Men: First Class,en,X-Men: First Class,"Before Charles Xavier and Erik Lensherr took the names Professor X and Magneto, they were two young men discovering their powers for the first time. Before they were arch-enemies, they were closest of friends, working together with other mutants (some familiar, some new), to stop the greatest threat the world has ever known.",0.4037,2011-06-01,7.3,13469,2011,2010
"[10752, 36, 18]",530915,1917,en,1917,"At the height of the First World War, two young British soldiers must cross enemy territory and deliver a message that will stop a deadly attack on hundreds of soldiers.",9.8742,2019-12-25,7.987,13442,2019,2010
"[28, 12, 878]",157350,Divergent,en,Divergent,"In a world divided into factions based on personality types, Tris learns that she's been classified as Divergent and won't fit in. When she discovers a plot to destroy Divergents, Tris and the mysterious Four must find out what makes Divergents dangerous before it's too late.",11.2054,2014-03-14,6.905,13394,2014,2010
"[16, 10751, 35, 14, 10749]",809,Shrek 2,en,Shrek 2,"Happily ever after never seemed so far far away when a trip to meet the in-laws turns into a hilariously twisted adventure for Shrek and Fiona. With the help of his faithful Donkey, Shrek takes on a potion-brewing Fairy Godmother, the pompous Prince Charming, and the ogre-killer, Puss In Boots.",15.8533,2004-05-19,7.31,13342,2004,2000
"[80, 18]",103,Taxi Driver,en,Taxi Driver,"Suffering from insomnia, disturbed loner Travis Bickle takes a job as a New York City cabbie, haunting the streets nightly, growing increasingly detached from reality as he dreams of cleaning up the filthy city.",15.5564,1976-02-09,8.1,13343,1976,1970
"[14, 18, 9648]",141,Donnie Darko,en,Donnie Darko,"After narrowly escaping a bizarre accident, a troubled teenager is plagued by visions of a large bunny rabbit that manipulates him to commit a series of crimes.",10.7898,2001-01-19,7.8,13326,2001,2000
"[28, 12, 878]",131634,The Hunger Games: Mockingjay - Part 2,en,The Hunger Games: Mockingjay - Part 2,"As the war between the Capitol and the districts reaches its peak, Katniss Everdeen embarks on a perilous mission to liberate Panem and confront President Snow. Joined by a team of trusted allies, she navigates deadly traps, shifting loyalties, and the heavy cost of rebellion, determined to bring freedom to her people and end the Hunger Games once and for all.",10.1222,2015-11-18,6.899,13263,2015,2010
"[28, 878, 12]",68726,Pacific Rim,en,Pacific Rim,"Using massive piloted robots to combat the alien threat, earth's survivors take the fight to the invading alien force lurking in the depths of the Pacific Ocean. Nearly defenseless in the face of the relentless enemy, the forces of mankind have no choice but to turn to two unlikely heroes who now stand as earth's final hope against the mounting apocalypse.",12.1938,2013-07-11,6.918,13255,2013,2010
"[80, 53, 37]",6977,No Country for Old Men,en,No Country for Old Men,"Llewelyn Moss stumbles upon dead bodies, $2 million and a hoard of heroin in a Texas desert, but methodical killer Anton Chigurh comes looking for it, with local sheriff Ed Tom Bell hot on his trail. The roles of prey and predator blur as the violent pursuit of money and justice collide.",15.3429,2007-11-09,7.95,13196,2007,2000
"[878, 9648, 27]",70981,Prometheus,en,Prometheus,"A team of explorers discover a clue to the origins of mankind on Earth, leading them on a journey to the darkest corners of the universe. There, they must fight a terrifying battle to save the future of the human race.",11.0062,2012-05-30,6.594,13173,2012,2010
"[18, 10749]",296096,Me Before You,en,Me Before You,"Lou Clark, a directionless 26-year-old from the English countryside, takes a job at the local castle as a caregiver and companion to a wealthy young banker, Will Traynor. Wheelchair-bound from an accident two years prior, the once adventurous Will has all but given up — that is until Lou determines to show him that life is worth living.",13.9473,2016-06-01,7.916,13158,2016,2010
"[35, 14]",72105,Ted,en,Ted,"John Bennett, a man whose childhood wish of bringing his teddy bear to life came true, now must decide between keeping the relationship with the bear or his girlfriend, Lori.",13.0656,2012-06-29,6.448,13085,2012,2010
"[35, 27]",19908,Zombieland,en,Zombieland,"Columbus has made a habit of running from what scares him. Tallahassee doesn't have fears. If he did, he'd kick their ever-living ass. In a world overrun by zombies, these two are perfectly evolved survivors. But now, they're about to stare down the most terrifying prospect of all: each other.",9.1995,2009-10-02,7.26,13085,2009,2000
[18],37799,The Social Network,en,The Social Network,"In 2003, Harvard undergrad and computer programmer Mark Zuckerberg begins work on a new concept that eventually turns into the global social network known as Facebook. Six years later, Mark is one of the youngest billionaires ever, but his unprecedented success leads to both personal and legal complications when he ends up on the receiving end of two lawsuits, one involving his former friend.",9.9972,2010-10-01,7.372,13073,2010,2010
"[10751, 16, 35, 12]",82690,Wreck-It Ralph,en,Wreck-It Ralph,"Wreck-It Ralph is the 9-foot-tall, 643-pound villain of an arcade video game named Fix-It Felix Jr., in which the game's titular hero fixes buildings that Ralph destroys. Wanting to prove he can be a good guy and not just a villain, Ralph escapes his game and lands in Hero's Duty, a first-person shooter where he helps the game's hero battle against alien invaders. He later enters Sugar Rush, a kart racing game set on tracks made of candies, cookies and other sweets. There, Ralph meets Vanellope von Schweetz who has learned that her game is faced with a dire threat that could affect the entire arcade, and one that Ralph may have inadvertently started.",13.3728,2012-11-01,7.355,13006,2012,2010
[18],14,American Beauty,en,American Beauty,"Lester Burnham, a depressed suburban father in a mid-life crisis, decides to turn his hectic life around after developing an infatuation with his daughter's attractive friend.",10.7684,1999-09-15,8.0,12962,1999,1990
"[18, 35]",350,The Devil Wears Prada,en,The Devil Wears Prada,"A young woman from the Midwest gets more than she bargained for when she moves to New York to become a writer and ends up as the assistant to the tyrannical, larger-than-life editor-in-chief of a major fashion magazine.",99.7405,2006-06-29,7.39,12959,2006,2000
"[18, 53, 80]",146233,Prisoners,en,Prisoners,"Keller Dover is facing every parent’s worst nightmare. His six-year-old daughter, Anna, is missing, together with her young friend, Joy, and as minutes turn to hours, panic sets in. The only lead is a dilapidated RV that had earlier been parked on their street.",13.4018,2013-09-19,8.103,12944,2013,2010
"[28, 80, 18]",111,Scarface,en,Scarface,"After getting a green card in exchange for assassinating a Cuban government official, Tony Montana stakes a claim on the drug trade in Miami. Viciously murdering anyone who stands in his way, Tony eventually becomes the biggest drug lord in the state, controlling nearly all the cocaine that comes through Miami. But increased pressure from the police, wars with Colombian drug cartels and his own drug-fueled paranoia serve to fuel the flames of his eventual downfall.",19.9828,1983-12-09,8.155,12908,1983,1980
"[18, 10749]",64682,The Great Gatsby,en,The Great Gatsby,"An adaptation of F. Scott Fitzgerald's Long Island-set novel, where Midwesterner Nick Carraway is lured into the lavish world of his neighbor, Jay Gatsby. Soon enough, however, Carraway will see through the cracks of Gatsby's nouveau riche existence, where obsession, madness, and tragedy await.",9.2271,2013-05-09,7.4,12892,2013,2010
"[10752, 18, 28]",228150,Fury,en,Fury,"April, 1945. As the Allies make their final push in the European Theatre, a battle-hardened army sergeant named Wardaddy commands a Sherman tank and her five-man crew on a deadly mission behind enemy lines. Outnumbered and outgunned, and with a rookie soldier thrust into their platoon, Wardaddy and his men face overwhelming odds in their heroic attempts to strike at the heart of Nazi Germany.",17.6888,2014-10-15,7.543,12847,2014,2010
"[18, 14, 10749]",399055,The Shape of Water,en,The Shape of Water,"An other-worldly story, set against the backdrop of Cold War era America circa 1962, where a mute janitor working at a lab falls in love with an amphibious man being held captive there and devises a plan to help him escape.",9.7437,2017-12-01,7.237,12793,2017,2010
"[18, 35, 36]",490132,Green Book,en,Green Book,"Tony Lip, a bouncer in 1962, is hired to drive pianist Don Shirley on a tour through the Deep South in the days when African Americans, forced to find alternate accommodations and services due to segregation laws below the Mason-Dixon Line, relied on a guide called The Negro Motorist Green Book.",12.5085,2018-11-16,8.223,12765,2018,2010
"[9648, 53, 18]",745,The Sixth Sense,en,The Sixth Sense,"Following an unexpected tragedy, child psychologist Malcolm Crowe meets a nine year old boy named Cole Sear, who is hiding a dark secret.",13.6142,1999-08-06,7.95,12757,1999,1990
"[12, 28, 14]",166426,Pirates of the Caribbean: Dead Men Tell No Tales,en,Pirates of the Caribbean: Dead Men Tell No Tales,"Thrust into an all-new adventure, a down-on-his-luck Capt. Jack Sparrow feels the winds of ill-fortune blowing even more strongly when deadly ghost sailors led by his old nemesis, the evil Capt. Salazar, escape from the Devil's Triangle. Jack's only hope of survival lies in seeking out the legendary Trident of Poseidon, but to find it, he must forge an uneasy alliance with a brilliant and beautiful astronomer and a headstrong young man in the British navy.",11.6151,2017-05-23,6.653,12729,2017,2010
"[10749, 18]",398818,Call Me by Your Name,en,Call Me by Your Name,"In the summer of 1983, a 17-year-old Elio spends his days in his family's villa in Italy. One day Oliver, a graduate student, arrives to assist Elio's father, a professor of Greco-Roman culture. Soon, Elio and Oliver discover a summer that will alter their lives forever.",12.1823,2017-10-01,8.092,12692,2017,2010
"[28, 12, 878, 53]",351286,Jurassic World: Fallen Kingdom,en,Jurassic World: Fallen Kingdom,"Three years after Jurassic World was destroyed, Isla Nublar now sits abandoned. When the island's dormant volcano begins roaring to life, Owen and Claire mount a campaign to rescue the remaining dinosaurs from this extinction-level event.",10.7222,2018-06-06,6.53,12680,2018,2010
"[53, 28, 18, 878]",61791,Rise of the Planet of the Apes,en,Rise of the Planet of the Apes,"A highly intelligent chimpanzee named Caesar has been living a peaceful suburban life ever since he was born. But when he gets taken to a cruel primate facility, Caesar decides to revolt against those who have harmed him.",11.1978,2011-08-03,7.341,12679,2011,2010
"[28, 12, 878]",14161,2012,en,2012,"Dr. Adrian Helmsley, part of a worldwide geophysical team investigating the effect on the earth of radiation from unprecedented solar storms, learns that the earth's core is heating up. He warns U.S. President Thomas Wilson that the crust of the earth is becoming unstable and that without proper preparations for saving a fraction of the world's population, the entire race is doomed. Meanwhile, writer Jackson Curtis stumbles on the same information. While the world's leaders race to build ""arks"" to escape the impending cataclysm, Curtis struggles to find a way to save his family. Meanwhile, volcanic eruptions and earthquakes of unprecedented strength wreak havoc around the world.",16.3721,2009-10-10,5.873,12664,2009,2000
"[27, 53]",138843,The Conjuring,en,The Conjuring,"Paranormal investigators Ed and Lorraine Warren work to help a family terrorized by a dark presence in their farmhouse. Forced to confront a powerful entity, the Warrens find themselves caught in the most terrifying case of their lives.",17.3238,2013-07-18,7.536,12626,2013,2010
"[12, 16, 10751]",127380,Finding Dory,en,Finding Dory,Dory is reunited with her friends Nemo and Marlin in the search for answers about her past. What can she remember? Who are her parents? And where did she learn to speak Whale?,6.8982,2016-06-16,7.039,12607,2016,2010
"[878, 28, 12]",1724,The Incredible Hulk,en,The Incredible Hulk,"Scientist Bruce Banner scours the planet for an antidote to the unbridled force of rage within him: the Hulk. But when the military masterminds who dream of exploiting his powers force him back to civilization, he finds himself coming face to face with a new, deadly foe.",11.6045,2008-06-12,6.233,12606,2008,2000
"[18, 35, 10749]",82693,Silver Linings Playbook,en,Silver Linings Playbook,"After losing his job and wife, and spending time in an institution, a former teacher winds up living with his parents. He wants to rebuild his life and reconcile with his wife, but his father would be happy if he shared his obsession with the Philadelphia Eagles. Things get complicated when he meets Tiffany Maxwell who offers to help him reconnect with his wife if he will do something very important for her in exchange.",15.0267,2012-11-16,7.15,12596,2012,2010
"[28, 878]",2048,"I, Robot",en,"I, Robot","In 2035, where robots are commonplace and abide by the three laws of robotics, a technophobic cop investigates an apparent suicide. Suspecting that a robot may be responsible for the death, his investigation leads him to believe that humanity may be in danger.",10.1358,2004-07-15,6.961,12568,2004,2000
"[16, 10751, 18, 35, 28]",9502,Kung Fu Panda,en,Kung Fu Panda,"Chosen by prophecy but doubted by all, Po is an unlikely Dragon Warrior—a clumsy panda thrust into the world of kung fu as a deadly enemy threatens the Valley of Peace. Under reluctant guidance by Master Shifu and the Furious Five, Po must embrace who he is to unlock the power that no scroll can teach.",15.09,2008-06-04,7.319,12543,2008,2000
"[878, 9648, 12]",62,2001: A Space Odyssey,en,2001: A Space Odyssey,"Humanity finds a mysterious object buried beneath the lunar surface and sets off to find its origins with the help of HAL 9000, the world's most advanced super computer.",16.3936,1968-04-02,8.1,12495,1968,1960
[18],207,Dead Poets Society,en,Dead Poets Society,"At an elite, old-fashioned boarding school in New England, a passionate English teacher inspires his students to rebel against convention and seize the potential of every day, courting the disdain of the stern headmaster.",18.6516,1989-06-02,8.299,12492,1989,1980
[18],73,American History X,en,American History X,"Derek Vineyard is paroled after serving 3 years in prison for killing two African-American men. Through his brother, Danny Vineyard's narration, we learn that before going to prison, Derek was a skinhead and the leader of a violent white supremacist gang that committed acts of racial crime throughout L.A. and his actions greatly influenced Danny. Reformed and fresh out of prison, Derek severs contact with the gang and becomes determined to keep Danny from going down the same violent path as he did.",12.968,1998-07-01,8.328,12482,1998,1990
"[53, 80]",161,Ocean's Eleven,en,Ocean's Eleven,"Less than 24 hours into his parole, charismatic thief Danny Ocean is already rolling out his next plan: In one night, Danny's hand-picked crew of specialists will attempt to steal more than $150 million from three Las Vegas casinos. But to score the cash, Danny risks his chances of reconciling with ex-wife, Tess.",13.9641,2001-12-07,7.458,12461,2001,2000
"[10749, 18]",11036,The Notebook,en,The Notebook,"An epic love story centered around an older man who reads aloud to a woman with Alzheimer's. From a faded notebook, the old man's words bring to life the story about a couple who is separated by World War II, and is then passionately reunited, seven years later, after they have taken different paths.",17.8537,2004-06-25,7.9,12457,2004,2000
"[16, 10749, 18]",372058,Your Name.,ja,君の名は。,"High schoolers Mitsuha and Taki are complete strangers living separate lives. But one night, they suddenly switch places. Mitsuha wakes up in Taki’s body, and he in hers. This bizarre occurrence continues to happen randomly, and the two must adjust their lives around each other.",26.3698,2016-08-26,8.477,12434,2016,2010
"[35, 10751]",771,Home Alone,en,Home Alone,"Eight-year-old Kevin McCallister makes the most of the situation after his family unwittingly leaves him behind when they go on Christmas vacation. When thieves try to break into his home, he puts up a fight like no other.",0.7547,1990-11-16,7.463,12430,1990,1990
"[18, 10749, 53]",216015,Fifty Shades of Grey,en,Fifty Shades of Grey,"When college senior Anastasia Steele steps in for her sick roommate to interview prominent businessman Christian Grey for their campus paper, little does she realize the path her life will take. Christian, as enigmatic as he is rich and powerful, finds himself strangely drawn to Ana, and she to him. Though sexually inexperienced, Ana plunges headlong into an affair -- and learns that Christian's true sexual proclivities push the boundaries of pain and pleasure.",21.2685,2015-02-11,5.869,12336,2015,2010
"[35, 10749]",194,Amélie,fr,Le Fabuleux Destin d'Amélie Poulain,"At a tiny Parisian café, the adorable yet painfully shy Amélie accidentally discovers a gift for helping others. Soon Amelie is spending her days as a matchmaker, guardian angel, and all-around do-gooder. But when she bumps into a handsome stranger, will she find the courage to become the star of her very own love story?",8.4499,2001-04-25,7.9,12328,2001,2000
"[28, 80]",23483,Kick-Ass,en,Kick-Ass,"Dave Lizewski is an unnoticed high school student and comic book fan who one day decides to become a super-hero, even though he has no powers, training or meaningful reason to do so.",8.7742,2010-03-26,7.124,12314,2010,2010
"[16, 10751, 12]",38757,Tangled,en,Tangled,"Feisty teenager Rapunzel, who has long and magical hair, wants to go and see sky lanterns on her eighteenth birthday, but she's bound to a tower by her overprotective mother. She strikes a deal with Flynn Rider, a charming wanted thief, and the duo set off on an action-packed escapade.",17.4446,2010-11-24,7.61,12306,2010,2010
"[12, 18]",8358,Cast Away,en,Cast Away,"Chuck Noland, a top international manager for FedEx, and Kelly, a Ph.D. student, are in love and heading towards marriage. Then Chuck's plane to Malaysia crashes at sea during a terrible storm. He's the only survivor, and finds himself marooned on a desolate island. With no way to escape, Chuck must find ways to survive in his new home.",10.7031,2000-12-22,7.662,12190,2000,2000
"[10402, 18, 10749]",332562,A Star Is Born,en,A Star Is Born,"Seasoned musician Jackson Maine discovers — and falls in love with — struggling artist Ally. She has just about given up on her dream to make it big as a singer — until Jack coaxes her into the spotlight. But even as Ally's career takes off, the personal side of their relationship is breaking down, as Jack fights an ongoing battle with his own internal demons.",7.2872,2018-10-03,7.493,12187,2018,2010
"[28, 53]",562,Die Hard,en,Die Hard,"NYPD cop John McClane's plan to reconcile with his estranged wife is thrown for a serious loop when, minutes after he arrives at her office's Christmas Party, the entire building is overtaken by a group of terrorists. With little help from the LAPD, wisecracking McClane sets out to single-handedly rescue the hostages and bring the bad guys down.",11.625,1988-07-15,7.809,12187,1988,1980
"[53, 18, 80]",1359,American Psycho,en,American Psycho,"A wealthy New York investment banking executive hides his alternate psychopathic ego from his co-workers and friends as he escalates deeper into his illogical, gratuitous fantasies.",16.2207,2000-04-13,7.408,12187,2000,2000
"[878, 28, 18, 53]",119450,Dawn of the Planet of the Apes,en,Dawn of the Planet of the Apes,"A group of scientists in San Francisco struggle to stay alive in the aftermath of a plague that is wiping out humanity, while Caesar tries to maintain dominance over his community of intelligent apes.",11.8385,2014-07-08,7.337,12163,2014,2010
"[12, 878, 28]",1858,Transformers,en,Transformers,Young teenager Sam Witwicky becomes involved in the ancient struggle between two extraterrestrial factions of transforming robots – the heroic Autobots and the evil Decepticons. Sam holds the clue to unimaginable power and the Decepticons will stop at nothing to retrieve it.,3.912,2007-06-27,6.821,12118,2007,2000
"[12, 28, 878]",36657,X-Men,en,X-Men,"Two mutants, Rogue and Wolverine, come to a private academy for their kind whose resident superhero team, the X-Men, must oppose a terrorist organization with similar powers.",0.4521,2000-07-13,7.011,12111,2000,2000
"[35, 80]",115,The Big Lebowski,en,The Big Lebowski,"Jeffrey 'The Dude' Lebowski, a Los Angeles slacker who only wants to bowl and drink White Russians, is mistaken for another Jeffrey Lebowski, a wheelchair-bound millionaire, and finds himself dragged into a strange series of events involving nihilists, adult film producers, ferrets, errant toes, and large sums of money.",10.8297,1998-03-06,7.84,12091,1998,1990
"[28, 53, 878]",49530,In Time,en,In Time,"In the not-too-distant future, the aging gene has been switched off. To avoid overpopulation, time has become the currency and the way people pay for luxuries and necessities. The rich can live forever, while the rest struggle to negotiate for their immortality. A poor young man who suddenly comes into a fortune of time finds himself on the run from a corrupt police force known as the ""time keepers"".",10.5412,2011-10-27,6.969,12075,2011,2010
"[28, 53]",8681,Taken,en,Taken,"Bryan Mills, a former government operative, is trying to reconnect with his teenage daughter Kim. After reluctantly agreeing with his ex-wife to let Kim go to Paris on vacation with a friend, his worst nightmare comes true. While on the phone with his daughter shortly after she arrives in Paris, she and her friend are abducted by a gang of human traffickers. Working against the clock, Bryan relies on his extensive training and skills to track down the ruthless gang that abducted her and launch a one-man war to rescue his daughter.",11.389,2008-02-18,7.402,12017,2008,2000
"[16, 10751, 12, 14, 10749]",812,Aladdin,en,Aladdin,"In the boorish city of Agrabah, kind-hearted street urchin Aladdin and Princess Jasmine fall in love, although she can only marry a prince. He and power-hungry Grand Vizier Jafar vie for a magic lamp that can fulfill their wishes.",15.9738,1992-11-25,7.653,11952,1992,1990
"[16, 35, 10751]",93456,Despicable Me 2,en,Despicable Me 2,Gru is recruited by the Anti-Villain League to help deal with a powerful new super criminal.,11.5628,2013-06-26,6.944,11943,2013,2010
"[878, 12, 10751, 14]",601,E.T. the Extra-Terrestrial,en,E.T. the Extra-Terrestrial,"An alien is left behind on Earth and saved by the 10-year-old Elliott who decides to keep him hidden in his home. While a task force hunts for the extra-terrestrial, Elliott, his brother, and his little sister Gertie form an emotional bond with their new friend, and try to help him find his way home.",11.7732,1982-06-11,7.512,11933,1982,1980
"[18, 36]",76203,12 Years a Slave,en,12 Years a Slave,"In the pre-Civil War United States, Solomon Northup, a free black man from upstate New York, is abducted and sold into slavery. Facing cruelty as well as unexpected kindnesses Solomon struggles not only to stay alive, but to retain his dignity. In the twelfth year of his unforgettable odyssey, Solomon’s chance meeting with a Canadian abolitionist will forever alter his life.",8.7931,2013-10-18,7.932,11925,2013,2010
"[12, 28, 53, 878]",604,The Matrix Reloaded,en,The Matrix Reloaded,"The Resistance builds in numbers as humans are freed from the Matrix and brought to the city of Zion. Neo discovers his superpowers, including the ability to see the code inside the Matrix. With machine sentinels digging to Zion in 72 hours, Neo, Morpheus and Trinity must find the Keymaker to ultimately reach the Source.",13.2525,2003-05-15,7.072,11861,2003,2000
"[80, 9648, 53]",414906,The Batman,en,The Batman,"In his second year of fighting crime, Batman uncovers corruption in Gotham City that connects to his own family while facing a serial killer known as the Riddler.",20.4858,2022-03-01,7.658,11798,2022,2020
"[16, 12, 35, 10751]",953,Madagascar,en,Madagascar,Four animal friends get a taste of the wild life when they break out of captivity at the Central Park Zoo and wash ashore on the island of Madagascar.,14.7496,2005-05-25,6.921,11652,2005,2000
"[28, 53, 80]",458156,John Wick: Chapter 3 - Parabellum,en,John Wick: Chapter 3 - Parabellum,"Super-assassin John Wick returns with a $14 million price tag on his head and an army of bounty-hunting killers on his trail. After killing a member of the shadowy international assassin’s guild, the High Table, John Wick is excommunicado, but the world’s most ruthless hit men and women await his every turn.",12.886,2019-05-15,7.438,11637,2019,2010
"[80, 18, 53]",242582,Nightcrawler,en,Nightcrawler,"When Lou Bloom, desperate for work, muscles into the world of L.A. crime journalism, he blurs the line between observer and participant to become the star of his own story. Aiding him in his effort is Nina, a TV-news veteran.",13.5603,2014-10-23,7.709,11637,2014,2010
"[18, 36]",872585,Oppenheimer,en,Oppenheimer,The story of J. Robert Oppenheimer's role in the development of the atomic bomb during World War II.,31.9529,2023-07-19,8.0,11620,2023,2020
"[12, 28, 53]",36557,Casino Royale,en,Casino Royale,"Le Chiffre, a banker to the world's terrorists, is scheduled to participate in a high-stakes poker game in Montenegro, where he intends to use his winnings to establish his financial grip on the terrorist market. M sends Bond—on his maiden mission as a 00 Agent—to attend this game and prevent Le Chiffre from winning. With the help of Vesper Lynd and Felix Leiter, Bond enters the most important poker game in his already dangerous career.",12.6276,2006-11-14,7.569,11606,2006,2000
"[878, 28, 12]",18,The Fifth Element,fr,Le Cinquième Élément,"In 2257, a taxi driver is unintentionally given the task of saving a young girl who is part of the key that will ensure the survival of humanity.",12.5369,1997-05-02,7.566,11598,1997,1990
"[10749, 18]",222935,The Fault in Our Stars,en,The Fault in Our Stars,"Despite the tumor-shrinking medical miracle that has bought her a few years, Hazel has never been anything but terminal, her final chapter inscribed upon diagnosis. But when a patient named Augustus Waters suddenly appears at Cancer Kid Support Group, Hazel's story is about to be completely rewritten.",6.8104,2014-06-02,7.591,11533,2014,2010
"[80, 53]",291805,Now You See Me 2,en,Now You See Me 2,"One year after outwitting the FBI and winning the public’s adulation with their mind-bending spectacles, the Four Horsemen resurface only to find themselves face to face with a new enemy who enlists them to pull off their most dangerous heist yet.",11.1473,2016-06-02,6.827,11504,2016,2010
[18],13223,Gran Torino,en,Gran Torino,"Disgruntled Korean War veteran Walt Kowalski sets out to reform his neighbor, Thao Lor, a Hmong teenager who tried to steal Kowalski's prized possession: a 1972 Gran Torino.",7.6819,2008-12-12,7.988,11485,2008,2000
"[80, 9648, 53]",1949,Zodiac,en,Zodiac,"Over the course of a decade, editors of the San Francisco Chronicle entice themselves in the murders of the Zodiac Killer. However, as time runs its course, interest in the case dwindles in the eyes of the professionals. The Killer stops interacting with the public. However, believing he has the answers, an amateur cartoonist from the initial sightings races against time to prevent what he believes is another murder.",10.651,2007-03-02,7.529,11467,2007,2000
"[27, 53, 12]",578,Jaws,en,Jaws,"When the seaside community of Amity finds itself under attack by a dangerous great white shark, the town's chief of police, a young marine biologist, and a grizzled shark hunter embark on a desperate quest to kill the beast before it strikes again.",13.1004,1975-06-20,7.681,11450,1975,1970
"[12, 35, 878]",196,Back to the Future Part III,en,Back to the Future Part III,"The final installment finds Marty digging the trusty DeLorean out of a mineshaft and looking for Doc in the Wild West of 1885. But when their time machine breaks down, the travelers are stranded in a land of spurs. More problems arise when Doc falls for pretty schoolteacher Clara Clayton, and Marty tangles with Buford Tannen.",7.5885,1990-05-25,7.491,11438,1990,1990
"[12, 10751, 14]",411,"The Chronicles of Narnia: The Lion, the Witch and the Wardrobe",en,"The Chronicles of Narnia: The Lion, the Witch and the Wardrobe","Siblings Lucy, Edmund, Susan and Peter step through a magical wardrobe and find the land of Narnia. There, they discover a charming, once peaceful kingdom that has been plunged into eternal winter by the evil White Witch, Jadis. Aided by the wise and magnificent lion, Aslan, the children lead Narnia into a spectacular, climactic battle to be free of the Witch's glacial powers forever.",17.8293,2005-12-07,7.136,11428,2005,2000
"[14, 35]",310,Bruce Almighty,en,Bruce Almighty,"Bruce Nolan toils as a ""human interest"" television reporter in Buffalo, NY, but despite his high ratings and the love of his beautiful girlfriend, Bruce remains unfulfilled. At the end of the worst day in his life, he angrily ridicules God — and the Almighty responds, endowing Bruce with all of His divine powers.",7.9845,2003-05-23,6.724,11425,2003,2000
"[28, 878, 12, 9648]",75612,Oblivion,en,Oblivion,"Jack Harper is one of the last few drone repairmen stationed on Earth. Part of a massive operation to extract vital resources after decades of war with a terrifying threat known as the Scavs, Jack’s mission is nearly complete. His existence is brought crashing down when he rescues a beautiful  stranger from a downed spacecraft. Her arrival triggers a chain of events that  forces him to question everything he knows and puts the fate of humanity in his hands.",9.8775,2013-04-10,6.674,11422,2013,2010
"[14, 12]",338952,Fantastic Beasts: The Crimes of Grindelwald,en,Fantastic Beasts: The Crimes of Grindelwald,"Gellert Grindelwald has escaped imprisonment and has begun gathering followers to his cause—elevating wizards above all non-magical beings. The only one capable of putting a stop to him is the wizard he once called his closest friend, Albus Dumbledore. However, Dumbledore will need to seek help from the wizard who had thwarted Grindelwald once before, his former student Newt Scamander, who agrees to help, unaware of the dangers that lie ahead. Lines are drawn as love and loyalty are tested, even among the truest friends and family, in an increasingly divided wizarding world.",5.851,2018-11-14,6.835,11416,2018,2010
"[53, 9648, 878]",51876,Limitless,en,Limitless,The life of an unsuccessful writer is transformed by a top-secret 'smart drug' that allows him to use 100% of his brain and become a perfect version of himself. His enhanced abilities soon attract shadowy forces that threaten his new life.,9.807,2011-03-17,7.197,11388,2011,2010
"[14, 18, 10752]",1417,Pan's Labyrinth,es,El laberinto del fauno,"In post–civil war Spain, 10-year-old Ofelia moves with her pregnant mother to live under the control of her cruel stepfather. Drawn into a mysterious labyrinth, she meets a faun who reveals that she may be a lost princess from an underground kingdom. To return to her true father, she must complete a series of surreal and perilous tasks that blur the line between reality and fantasy.",9.7353,2006-10-11,7.8,11373,2006,2000
"[18, 10752]",600,Full Metal Jacket,en,Full Metal Jacket,A pragmatic U.S. Marine observes the dehumanizing effects the U.S.-Vietnam War has on his fellow recruits from their brutal boot camp training to the bloody street fighting in Hue.,11.998,1987-06-26,8.119,11365,1987,1980
[18],510,One Flew Over the Cuckoo's Nest,en,One Flew Over the Cuckoo's Nest,"A petty criminal fakes insanity to serve his sentence in a mental ward rather than prison. He soon finds himself as a leader to the other patients—and an enemy to the cruel, domineering nurse who runs the ward.",15.6572,1975-11-19,8.412,11362,1975,1970
"[16, 10751, 18, 10402, 14]",508442,Soul,en,Soul,"Joe Gardner is a middle school teacher with a love for jazz music. After a successful audition at the Half Note Club, he suddenly gets into an accident that separates his soul from his body and is transported to the You Seminar, a center in which souls develop and gain passions before being transported to a newborn child. Joe must enlist help from the other souls-in-training, like 22, a soul who has spent eons in the You Seminar, in order to get back to Earth.",13.2143,2020-12-25,8.093,11330,2020,2020
"[18, 80, 53]",629,The Usual Suspects,en,The Usual Suspects,"Held in an L.A. interrogation room, Verbal Kint attempts to convince the feds that a mythic crime lord, Keyser Soze, not only exists, but was also responsible for drawing him and his four partners into a multi-million dollar heist that ended with an explosion in San Pedro harbor – leaving few survivors. Verbal lures his interrogators with an incredible story of the crime lord's almost supernatural prowess.",12.5182,1995-07-19,8.2,11317,1995,1990
"[18, 10749]",12405,Slumdog Millionaire,en,Slumdog Millionaire,"A teenager reflects on his life after being accused of cheating on the Indian version of ""Who Wants to be a Millionaire?"".",8.0599,2008-11-12,7.731,11255,2008,2000
"[16, 10751]",62211,Monsters University,en,Monsters University,A look at the relationship between Mike and Sulley during their days at Monsters University — when they weren't necessarily the best of friends.,7.3508,2013-06-19,7.046,11252,2013,2010
"[12, 14, 10751]",8844,Jumanji,en,Jumanji,"When siblings Judy and Peter discover an enchanted board game that opens the door to a magical world, they unwittingly invite Alan -- an adult who's been trapped inside the game for 26 years -- into their living room. Alan's only hope for freedom is to finish the game, which proves risky as all three find themselves running from giant rhinoceroses, evil monkeys and other terrifying creatures.",3.1232,1995-12-15,7.244,11229,1995,1990
"[28, 80, 53]",168259,Furious 7,en,Furious 7,Deckard Shaw seeks revenge against Dominic Toretto and his family for his comatose brother.,10.5311,2015-04-01,7.218,11222,2015,2010
[35],45243,The Hangover Part II,en,The Hangover Part II,"The Hangover crew heads to Thailand for Stu's wedding. After the disaster of a bachelor party in Las Vegas last year, Stu is playing it safe with a mellow pre-wedding brunch. However, nothing goes as planned and Bangkok is the perfect setting for another adventure with the rowdy group.",8.3562,2011-05-25,6.5,11204,2011,2010
"[28, 12, 53]",206647,Spectre,en,Spectre,"A cryptic message from Bond’s past sends him on a trail to uncover a sinister organization. While M battles political forces to keep the secret service alive, Bond peels back the layers of deceit to reveal the terrible truth behind SPECTRE.",8.9846,2015-10-26,6.569,11182,2015,2010
"[12, 28, 878]",2080,X-Men Origins: Wolverine,en,X-Men Origins: Wolverine,"After seeking to live a normal life, Logan sets out to avenge the death of his girlfriend by undergoing the mutant Weapon X program and becoming Wolverine.",1.0672,2009-04-28,6.286,11175,2009,2000
"[35, 14, 80, 10749]",854,The Mask,en,The Mask,"Stanley Ipkiss, an insecure banker who has lost his zest for life stumbles upon an ancient mask, that turns him into a confident suave cartoon-like character who upsets his ordinary life.",12.3116,1994-07-29,6.98,11167,1994,1990
"[28, 12, 878]",497698,Black Widow,en,Black Widow,"Natasha Romanoff, also known as Black Widow, confronts the darker parts of her ledger when a dangerous conspiracy with ties to her past arises. Pursued by a force that will stop at nothing to bring her down, Natasha must deal with her history as a spy and the broken relationships left in her wake long before she became an Avenger.",14.3852,2021-07-07,7.17,11147,2021,2020
"[28, 35, 18, 53]",787,Mr. & Mrs. Smith,en,Mr. & Mrs. Smith,"A husband and wife struggle to keep their marriage alive until they realize they are both secretly working as assassins. Now, their respective assignments require them to kill each other.",11.0037,2005-06-07,6.691,11143,2005,2000
[18],84892,The Perks of Being a Wallflower,en,The Perks of Being a Wallflower,"Pittsburgh, Pennsylvania, 1991. High school freshman Charlie is a wallflower, always watching life from the sidelines, until two senior students, Sam and her stepbrother Patrick, become his mentors, helping him discover the joys of friendship, music and love.",10.0992,2012-09-20,7.802,11140,2012,2010
"[28, 53, 80]",82992,Fast & Furious 6,en,Fast & Furious 6,"Hobbs has Dominic and Brian reassemble their crew to take down a team of mercenaries; Dominic unexpectedly gets sidetracked with facing his presumed deceased girlfriend, Letty.",1.1299,2013-05-21,6.814,11115,2013,2010
"[878, 28, 12]",580489,Venom: Let There Be Carnage,en,Venom: Let There Be Carnage,"After finding a host body in investigative reporter Eddie Brock, the alien symbiote must face a new enemy, Carnage, the alter ego of serial killer Cletus Kasady.",12.9848,2021-09-30,6.746,11108,2021,2020
"[28, 12, 35, 80]",343668,Kingsman: The Golden Circle,en,Kingsman: The Golden Circle,"When an attack on the Kingsman headquarters takes place and a new villain rises, Eggsy and Merlin are forced to work together with the American agency known as the Statesman to save the world.",8.7737,2017-09-20,6.945,11077,2017,2010
"[28, 12, 14]",293167,Kong: Skull Island,en,Kong: Skull Island,"Explore the mysterious and dangerous home of the king of the apes as a team of explorers ventures deep inside the treacherous, primordial island.",10.8749,2017-03-08,6.552,11072,2017,2010
"[18, 10749]",266856,The Theory of Everything,en,The Theory of Everything,"The Theory of Everything is the extraordinary story of one of the world’s greatest living minds, the renowned astrophysicist Stephen Hawking, who falls deeply in love with fellow Cambridge student Jane Wilde.",5.563,2014-11-07,7.833,11069,2014,2010
"[10751, 16, 12, 35]",211672,Minions,en,Minions,"Minions Stuart, Kevin and Bob are recruited by Scarlet Overkill, a super-villain who, alongside her inventor husband Herb, hatches a plot to take over the world.",6.3618,2015-06-17,6.419,11054,2015,2010
"[28, 18, 36, 10752]",197,Braveheart,en,Braveheart,"Enraged at the slaughter of Murron, his new bride and childhood love, Scottish warrior William Wallace slays a platoon of the local English lord's soldiers. This leads the village to revolt and, eventually, the entire country to rise up against English rule.",12.1794,1995-05-24,7.943,11023,1995,1990
"[28, 53, 878]",577922,Tenet,en,Tenet,"Armed with only one word - Tenet - and fighting for the survival of the entire world, the Protagonist journeys through a twilight world of international espionage on a mission that will unfold in something beyond real time.",11.9015,2020-08-22,7.173,11011,2020,2020
"[18, 10749]",453,A Beautiful Mind,en,A Beautiful Mind,"From the heights of notoriety to the depths of depravity, John Forbes Nash Jr. experiences it all. As a brilliant but socially awkward mathematician, he made a groundbreaking discovery early in his career and stands on the brink of international acclaim. But as the handsome and arrogant Nash accepts secret work in cryptography, he becomes entangled in a mysterious conspiracy. His life takes a nightmarish turn and he soon finds himself on a painful and harrowing journey of self-discovery.",9.519,2001-12-14,7.855,11008,2001,2000
"[12, 28]",89,Indiana Jones and the Last Crusade,en,Indiana Jones and the Last Crusade,"In 1938, an art collector appeals to eminent archaeologist Dr. Indiana Jones to embark on a search for the Holy Grail. Indy learns that a medieval historian has vanished while searching for it, and the missing man is his own father, Dr. Henry Jones Sr.. He sets out to rescue his father by following clues in the old man's notebook, which his father had mailed to him before he went missing. Indy arrives in Venice, where he enlists the help of a beautiful academic, Dr. Elsa Schneider, along with Marcus Brody and Sallah. Together they must stop the Nazis from recovering the power of eternal life and taking over the world!",9.4716,1989-05-24,7.851,10989,1989,1980
"[35, 12]",346698,Barbie,en,Barbie,"Barbie and Ken are having the time of their lives in the colorful and seemingly perfect world of Barbie Land. However, when they get a chance to go to the real world, they soon discover the joys and perils of living among humans.",31.0376,2023-07-19,6.926,10981,2023,2020
"[14, 16, 12]",4935,Howl's Moving Castle,ja,ハウルの動く城,"Sophie, a young milliner, is turned into an elderly woman by a witch who enters her shop and curses her. She encounters a wizard named Howl and gets caught up in his resistance to fighting for the king.",23.4518,2004-09-09,8.387,10974,2004,2000
"[35, 18, 10749]",19913,(500) Days of Summer,en,(500) Days of Summer,"Tom, greeting-card writer and hopeless romantic, is caught completely off-guard when his girlfriend, Summer, suddenly dumps him. He reflects on their 500 days together to try to figure out where their love affair went sour, and in doing so, Tom rediscovers his true passions in life.",8.7336,2009-07-17,7.3,10970,2009,2000
"[878, 28, 53, 12]",294254,Maze Runner: The Scorch Trials,en,Maze Runner: The Scorch Trials,"Thomas and his fellow Gladers face their greatest challenge yet: searching for clues about the mysterious and powerful organization known as WCKD. Their journey takes them to the Scorch, a desolate landscape filled with unimaginable obstacles. Teaming up with resistance fighters, the Gladers take on WCKD’s vastly superior forces and uncover its shocking plans for them all.",10.4378,2015-09-09,6.729,10956,2015,2010
"[10752, 28, 36]",652,Troy,en,Troy,"In year 1250 B.C. during the late Bronze age, two emerging nations begin to clash. Paris, the Trojan prince, convinces Helen, Queen of Sparta, to leave her husband Menelaus, and sail with him back to Troy. After Menelaus finds out that his wife was taken by the Trojans, he asks his brother Agamemnon to help him get her back. Agamemnon sees this as an opportunity for power. They set off with 1,000 ships holding 50,000 Greeks to Troy.",20.0531,2004-05-13,7.167,10956,2004,2000
"[28, 35, 80]",64688,21 Jump Street,en,21 Jump Street,"When cops Schmidt and Jenko join the secret Jump Street unit, they use their youthful appearances to go undercover as high school students. They trade in their guns and badges for backpacks, and set out to shut down a dangerous drug ring. But, as time goes on, Schmidt and Jenko discover that high school is nothing like it was just a few years earlier -- and, what's more, they must again confront the teenage terror and anxiety they thought they had left behind.",9.0224,2012-03-14,6.885,10945,2012,2010
"[27, 53, 9648]",539,Psycho,en,Psycho,"When larcenous real estate clerk Marion Crane goes on the lam with a wad of cash and hopes of starting a new life, she ends up at the notorious Bates Motel, where manager Norman Bates cares for his housebound mother.",15.9242,1960-06-22,8.415,10926,1960,1960
"[28, 35, 878]",41154,Men in Black 3,en,Men in Black 3,"Agents J and K are back...in time. J has seen some inexplicable things in his 15 years with the Men in Black, but nothing, not even aliens, perplexes him as much as his wry, reticent partner. But when K's life and the fate of the planet are put at stake, Agent J will have to travel back in time to put things right. J discovers that there are secrets to the universe that K never told him - secrets that will reveal themselves as he teams up with the young Agent K to save his partner, the agency, and the future of humankind.",8.2684,2012-05-23,6.5,10919,2012,2010
"[14, 10751, 35]",1593,Night at the Museum,en,Night at the Museum,"Chaos reigns at the natural history museum when night watchman Larry Daley accidentally stirs up an ancient curse, awakening Attila the Hun, an army of gladiators, a Tyrannosaurus rex and other exhibits.",8.8625,2006-12-20,6.598,10891,2006,2000
"[12, 9648, 28]",58574,Sherlock Holmes: A Game of Shadows,en,Sherlock Holmes: A Game of Shadows,"There is a new criminal mastermind at large (Professor Moriarty) and not only is he Holmes’ intellectual equal, but his capacity for evil and lack of conscience may give him an advantage over the detective.",8.3828,2011-11-22,7.144,10883,2011,2010
"[80, 18]",641,Requiem for a Dream,en,Requiem for a Dream,The drug-induced utopias of four Coney Island residents are shattered when their addictions run deep.,4.8981,2000-10-06,8.011,10883,2000,2000
"[80, 18]",359940,"Three Billboards Outside Ebbing, Missouri",en,"Three Billboards Outside Ebbing, Missouri","After seven months have passed without a culprit in her daughter's murder case, Mildred Hayes makes a bold move, painting three signs leading into her town with a controversial message directed at Bill Willoughby, the town's revered chief of police. When his second-in-command Officer Jason Dixon, an immature mother's boy with a penchant for violence, gets involved, the battle between Mildred and Ebbing's law enforcement is only exacerbated.",7.6617,2017-12-01,8.059,10832,2017,2010
"[12, 28, 878]",36658,X2,en,X2,"Professor Charles Xavier and his team of genetically gifted superheroes face a rising tide of anti-mutant sentiment led by Col. William Stryker. Storm, Wolverine and Jean Grey must join their usual nemeses—Magneto and Mystique—to unhinge Stryker's scheme to exterminate all mutants.",0.5018,2003-04-27,7.034,10825,2003,2000
"[28, 53, 878]",59967,Looper,en,Looper,"In the year 2044, time travel has not yet been invented but in 30 years it will have been. When the mob wants to get rid of someone, they will send their target into the past where a looper, a hired gun, like Joe is waiting to mop up. Joe is getting rich and life is good until the day the mob decides to close the loop, sending back Joe's future self for assassination.",8.5299,2012-09-26,6.906,10822,2012,2010
"[28, 18]",361743,Top Gun: Maverick,en,Top Gun: Maverick,"After more than thirty years of service as one of the Navy’s top aviators, and dodging the advancement in rank that would ground him, Pete “Maverick” Mitchell finds himself training a detachment of TOP GUN graduates for a specialized mission the likes of which no living pilot has ever seen.",28.5748,2022-05-21,8.2,10779,2022,2020
"[28, 80, 53]",337339,The Fate of the Furious,en,The Fate of the Furious,"When a mysterious woman seduces Dom into the world of crime and a betrayal of those closest to him, the crew face trials that will test them as never before.",7.6195,2017-04-12,6.856,10764,2017,2010
"[28, 80]",495764,Birds of Prey (and the Fantabulous Emancipation of One Harley Quinn),en,Birds of Prey (and the Fantabulous Emancipation of One Harley Quinn),"Harley Quinn joins forces with a singer, an assassin and a police detective to help a young girl who had a hit placed on her after she stole a rare diamond from a crime lord.",8.7841,2020-02-05,6.88,10758,2020,2020
"[12, 28, 878]",181812,Star Wars: The Rise of Skywalker,en,Star Wars: The Rise of Skywalker,"The surviving Resistance faces the First Order once again as the journey of Rey, Finn and Poe Dameron continues. With the power and knowledge of generations behind them, the final battle begins.",11.812,2019-12-18,6.3,10749,2019,2010
"[28, 53, 878]",679,Aliens,en,Aliens,"Ripley, the sole survivor of the Nostromo's deadly encounter with the monstrous Alien, returns to Earth after drifting through space in hypersleep for 57 years. Although her story is initially met with skepticism, she agrees to accompany a team of Colonial Marines back to LV-426.",15.0296,1986-07-18,7.961,10751,1986,1980
"[28, 80, 53]",9799,The Fast and the Furious,en,The Fast and the Furious,"Dominic Toretto is a Los Angeles street racer suspected of masterminding a series of big-rig hijackings. When undercover cop Brian O'Conner infiltrates Toretto's iconoclastic crew, he falls for Toretto's sister and must choose a side: the gang or the LAPD.",1.1344,2001-06-22,7.003,10748,2001,2000
"[28, 12, 14]",791373,Zack Snyder's Justice League,en,Zack Snyder's Justice League,"Determined to ensure Superman's ultimate sacrifice was not in vain, Bruce Wayne aligns forces with Diana Prince with plans to recruit a team of metahumans to protect the world from an approaching threat of catastrophic proportions.",13.4258,2021-03-18,8.1,10735,2021,2020
"[12, 28, 53, 878]",605,The Matrix Revolutions,en,The Matrix Revolutions,The human city of Zion defends itself against the massive invasion of the machines as Neo fights to end the war at another front while also opposing the rogue Agent Smith.,10.7509,2003-11-05,6.749,10722,2003,2000
"[12, 18, 10751, 16]",420818,The Lion King,en,The Lion King,"Simba idolizes his father, King Mufasa, and takes to heart his own royal destiny. But not everyone in the kingdom celebrates the new cub's arrival. Scar, Mufasa's brother—and former heir to the throne—has plans of his own. The battle for Pride Rock is ravaged with betrayal, tragedy and drama, ultimately resulting in Simba's exile. With help from a curious pair of newfound friends, Simba will have to figure out how to grow up and take back what is rightfully his.",12.9091,2019-07-12,7.098,10704,2019,2010
"[28, 53, 12]",56292,Mission: Impossible - Ghost Protocol,en,Mission: Impossible - Ghost Protocol,"Ethan Hunt and his team are racing against time to track down a dangerous terrorist named Hendricks, who has gained access to Russian nuclear launch codes and is planning a strike on the United States. An attempt to stop him ends in an explosion causing severe destruction to the Kremlin and the IMF to be implicated in the bombing, forcing the President to disavow them. No longer being aided by the government, Ethan and his team chase Hendricks around the globe, although they might still be too late to stop a disaster.",12.9834,2011-12-07,7.111,10699,2011,2010
"[10749, 10751, 16, 14]",10020,Beauty and the Beast,en,Beauty and the Beast,"Follow the adventures of Belle, a bright young woman who finds herself in the castle of a prince who's been turned into a mysterious beast. With the help of the castle's enchanted staff, Belle soon learns the most important lesson of all -- that true beauty comes from within.",12.8905,1991-10-22,7.7,10614,1991,1990
"[28, 35, 878]",608,Men in Black II,en,Men in Black II,"Kay and Jay reunite to provide our best, last and only line of defense against a sinister seductress who levels the toughest challenge yet to the MIB's untarnished mission statement – protecting Earth from the scum of the universe. It's been four years since the alien-seeking agents averted an intergalactic disaster of epic proportions. Now it's a race against the clock as Jay must convince Kay – who not only has absolutely no memory of his time spent with the MIB, but is also the only living person left with the expertise to save the galaxy – to reunite with the MIB before the earth submits to ultimate destruction.",9.1153,2002-07-03,6.4,10588,2002,2000
"[12, 14, 10749, 10751]",420817,Aladdin,en,Aladdin,A kindhearted street urchin named Aladdin embarks on a magical adventure after finding a lamp that releases a wisecracking genie while a power-hungry Grand Vizier vies for the same lamp that has the power to make their deepest wishes come true.,12.1624,2019-05-22,7.085,10567,2019,2010
"[28, 878, 12]",399566,Godzilla vs. Kong,en,Godzilla vs. Kong,"In a time when monsters walk the Earth, humanity’s fight for its future sets Godzilla and Kong on a collision course that will see the two most powerful forces of nature on the planet collide in a spectacular battle for the ages.",12.7023,2021-03-24,7.538,10562,2021,2020
"[35, 10751, 12]",772,Home Alone 2: Lost in New York,en,Home Alone 2: Lost in New York,"Instead of flying to Florida with his folks, Kevin ends up alone in New York, where he gets a hotel room with his dad's credit card—despite problems from a clerk and meddling bellboy. But when Kevin runs into his old nemeses, the Wet Bandits, he's determined to foil their plans to rob a toy store on Christmas Eve.",11.6888,1992-11-15,6.784,10548,1992,1990
[18],1402,The Pursuit of Happyness,en,The Pursuit of Happyness,A struggling salesman takes custody of his son as he's poised to begin a life-changing professional career.,11.3146,2006-12-14,7.885,10523,2006,2000
"[27, 53, 18]",405774,Bird Box,en,Bird Box,"Five years after an ominous unseen presence drives most of society to suicide, a survivor and her two children make a desperate bid to reach safety.",7.9022,2018-12-13,6.826,10511,2018,2010
"[10751, 35, 12, 14, 16]",502356,The Super Mario Bros. Movie,en,The Super Mario Bros. Movie,"While working underground to fix a water main, Brooklyn plumbers—and brothers—Mario and Luigi are transported down a mysterious pipe and wander into a magical new world. But when the brothers are separated, Mario embarks on an epic quest to find Luigi.",146.0888,2023-04-05,7.587,10504,2023,2020
"[9648, 18, 80]",392044,Murder on the Orient Express,en,Murder on the Orient Express,Genius Belgian detective Hercule Poirot investigates the murder of an American tycoon aboard the Orient Express train.,11.543,2017-11-03,6.707,10483,2017,2010
"[10751, 35, 16, 12]",301528,Toy Story 4,en,Toy Story 4,"Woody has always been confident about his place in the world, devoted to taking care of his kid—whether that's Andy or Bonnie. But after Bonnie creates a reluctant new toy called ""Forky"", a road trip adventure alongside old and new friends challenges everything Woody believes about loyalty, purpose, and what it truly means to be a toy.",13.5853,2019-06-19,7.465,10451,2019,2010
"[14, 12, 18, 10751]",283366,Miss Peregrine's Home for Peculiar Children,en,Miss Peregrine's Home for Peculiar Children,A teenager finds himself transported to an island where he must help protect a group of orphans with special powers from creatures intent on destroying them.,8.1862,2016-09-28,6.837,10443,2016,2010
"[878, 28, 12]",13475,Star Trek,en,Star Trek,"The fate of the galaxy rests in the hands of bitter rivals. One, James Kirk, is a delinquent, thrill-seeking Iowa farm boy. The other, Spock, a Vulcan, was raised in a logic-based society that rejects all emotion. As fiery instinct clashes with calm reason, their unlikely but powerful partnership is the only thing capable of leading their crew through unimaginable danger, boldly going where no one has gone before. The human adventure has begun again.",9.9702,2009-05-06,7.43,10427,2009,2000
"[28, 878, 53]",262500,Insurgent,en,Insurgent,Beatrice Prior must confront her inner demons and continue her fight against a powerful alliance which threatens to tear her society apart.,10.894,2015-03-18,6.4,10387,2015,2010
"[14, 28, 12, 16, 10751]",82702,How to Train Your Dragon 2,en,How to Train Your Dragon 2,"Five years after uniting the dragons and Vikings of Berk, Hiccup and Toothless soar beyond their homeland, charting the vast unknown. During one of their adventures, the pair discover a secret cave that houses hundreds of wild dragons -- and a mysterious dragon rider with a startling connection to Hiccup. And as the ruthless dragon conqueror Drago Bludvist rises to seize control of both dragons and people alike, Hiccup must step into his role as a true leader and, alongside his friends and Toothless, protect Berk from a devastating war.",10.8803,2014-06-05,7.679,10356,2014,2010
"[28, 878, 18]",110415,Snowpiercer,ko,설국열차,"In a future where a failed global-warming experiment kills off most life on the planet, a class system evolves aboard the Snowpiercer; a train that travels around the globe via a perpetual-motion engine.",8.6787,2013-08-01,6.909,10354,2013,2010
"[16, 10751, 12]",10674,Mulan,en,Mulan,"When Imperial China calls one man from every family to defend the empire from invading Huns, a young woman disguises herself as a soldier to take her ailing father’s place. Facing ruthless invaders, brutal training, and the risk of execution if discovered, she must decide who she truly is— and what she’s willing to fight for.",13.3467,1998-06-18,7.901,10355,1998,1990
"[18, 36]",381284,Hidden Figures,en,Hidden Figures,"The untold story of Katherine G. Johnson, Dorothy Vaughan and Mary Jackson – brilliant African-American women working at NASA and serving as the brains behind one of the greatest operations in history – the launch of astronaut John Glenn into orbit. The visionary trio crossed all gender and race lines to inspire generations to dream big.",10.3081,2016-12-10,8.04,10349,2016,2010
"[28, 878, 35, 10751]",454626,Sonic the Hedgehog,en,Sonic the Hedgehog,"Powered with incredible speed, Sonic The Hedgehog embraces his new home on Earth. That is, until Sonic sparks the attention of super-uncool evil genius Dr. Robotnik. Now it’s super-villain vs. super-sonic in an all-out race across the globe to stop Robotnik from using Sonic’s unique power for world domination.",12.3752,2020-02-12,7.285,10340,2020,2020
"[18, 80]",627,Trainspotting,en,Trainspotting,"Heroin addict Mark Renton stumbles through bad ideas and sobriety attempts with his unreliable friends --Sick Boy, Begbie, Spud and Tommy. He also has an underage girlfriend, Diane, along for the ride. After cleaning up and moving from Edinburgh to London, Mark finds he can't escape the life he left behind as Begbie and Sick Boy come knocking.",9.1608,1996-02-23,8.0,10338,1996,1990
"[28, 12, 878]",602,Independence Day,en,Independence Day,"Strange phenomena surface around the globe. The skies ignite. Terror races through the world's major cities. As these extraordinary events unfold, it becomes increasingly clear that a force of incredible magnitude has arrived. Its mission: total annihilation over the Fourth of July weekend. The last hope to stop the destruction is an unlikely group of people united by fate and unimaginable circumstances.",10.2642,1996-06-25,6.902,10337,1996,1990
"[35, 10752, 18]",515001,Jojo Rabbit,en,Jojo Rabbit,"Jojo, a lonely German boy during World War II has his world shaken when he learns that his single mother is hiding a Jewish girl in their home. Influenced by a buffoonish imaginary version of Adolf Hitler, he begins to question his beliefs and confront the conflict between propaganda and his own humanity.",8.3079,2019-10-18,7.988,10333,2019,2010
"[12, 28, 878, 53]",36668,X-Men: The Last Stand,en,X-Men: The Last Stand,"When a cure is found to treat mutations, lines are drawn amongst the X-Men—led by Professor Charles Xavier—and the Brotherhood, a band of powerful mutants organised under Xavier's former ally, Magneto.",0.4333,2006-05-24,6.417,10308,2006,2000
"[28, 12, 14]",566525,Shang-Chi and the Legend of the Ten Rings,en,Shang-Chi and the Legend of the Ten Rings,Shang-Chi must confront the past he thought he left behind when he is drawn into the web of the mysterious Ten Rings organization.,10.7164,2021-09-01,7.495,10293,2021,2020
"[16, 10751, 35, 12]",950,Ice Age: The Meltdown,en,Ice Age: The Meltdown,"Diego, Manny and Sid return in this sequel to the hit animated movie Ice Age. This time around, the deep freeze is over, and the ice-covered earth is starting to melt, which will destroy the trio's cherished valley. The impending disaster prompts them to reunite and warn all the other beasts about the desperate situation.",11.8858,2006-03-29,6.716,10291,2006,2000
[18],70,Million Dollar Baby,en,Million Dollar Baby,"Despondent over a painful estrangement from his daughter, trainer Frankie Dunn isn't prepared for boxer Maggie Fitzgerald to enter his life. But Maggie's determined to go pro and to convince Dunn and his cohort to help her.",9.1275,2004-12-05,7.952,10291,2004,2000
"[14, 16, 10751]",9479,The Nightmare Before Christmas,en,The Nightmare Before Christmas,"Tired of scaring humans every October 31 with the same old bag of tricks, Jack Skellington, the spindly king of Halloween Town, kidnaps Santa Claus and plans to deliver shrunken heads and other ghoulish gifts to children on Christmas morning. But as Christmas approaches, Jack's rag-doll girlfriend, Sally, tries to foil his misguided plans.",9.8405,1993-10-09,7.83,10272,1993,1990
[878],17654,District 9,en,District 9,"Thirty years ago, aliens arrive on Earth. Not to conquer or give aid, but to find refuge from their dying planet. Separated from humans in a South African area called District 9, the aliens are managed by Multi-National United, which is unconcerned with the aliens' welfare but will do anything to master their advanced technology. When a company field agent contracts a mysterious virus that begins to alter his DNA, there is only one place he can hide: District 9.",10.5834,2009-08-05,7.463,10251,2009,2000
"[10751, 16, 12, 35, 14]",330457,Frozen II,en,Frozen II,"Elsa, Anna, Kristoff and Olaf head far into the forest to learn the truth about an ancient mystery of their kingdom.",11.7053,2019-11-20,7.232,10234,2019,2010
"[28, 878, 12]",76170,The Wolverine,en,The Wolverine,"Wolverine faces his ultimate nemesis - and tests of his physical, emotional, and mortal limits - in a life-changing voyage to modern-day Japan.",1.5988,2013-07-21,6.4,10223,2013,2010
"[14, 28, 12]",453395,Doctor Strange in the Multiverse of Madness,en,Doctor Strange in the Multiverse of Madness,"Doctor Strange, with the help of mystical allies both old and new, traverses the mind-bending and dangerous alternate realities of the Multiverse to confront a mysterious new adversary.",16.3273,2022-05-04,7.224,10218,2022,2020
"[14, 28]",8960,Hancock,en,Hancock,"Hancock is a down-and-out superhero who's forced to employ a PR expert to help repair his image when the public grows weary of all the damage he's inflicted during his lifesaving heroics. The agent's idea of imprisoning the antihero to make the world miss him proves successful, but will Hancock stick to his new sense of purpose or slip back into old habits?",7.1675,2008-07-01,6.353,10186,2008,2000
"[28, 35, 14]",287947,Shazam!,en,Shazam!,A boy is given the ability to become an adult superhero in times of need with a single magic word.,7.8608,2019-03-29,6.979,10145,2019,2010
"[16, 35, 10751, 14]",568124,Encanto,en,Encanto,"The tale of an extraordinary family, the Madrigals, who live hidden in the mountains of Colombia, in a magical house, in a vibrant town, in a wondrous, charmed place called an Encanto. The magic of the Encanto has blessed every child in the family—every child except one, Mirabel. But when she discovers that the magic surrounding the Encanto is in danger, Mirabel decides that she, the only ordinary Madrigal, might just be her exceptional family's last hope.",13.1739,2021-10-13,7.57,10144,2021,2020
"[10749, 14, 16]",3933,Corpse Bride,en,Corpse Bride,"In a 19th-century European village, a young man about to be married is whisked away to the underworld and wed to a mysterious corpse bride, while his real bride waits bereft in the land of the living.",11.1751,2005-09-12,7.6,10111,2005,2000
"[12, 18]",5915,Into the Wild,en,Into the Wild,"After graduating from Emory University in 1992, top student and athlete Christopher McCandless abandons his possessions, gives his entire $24,000 savings account to charity, and hitchhikes to Alaska to live in the wilderness.",7.1345,2007-09-21,7.799,10078,2007,2000
"[18, 10752]",423,The Pianist,en,The Pianist,"The true story of pianist Władysław Szpilman's experiences in Warsaw during the Nazi occupation. When the Jews of the city find themselves forced into a ghetto, Szpilman finds work playing in a café; and when his family is deported in 1942, he stays behind, works for a while as a laborer, and eventually goes into hiding in the ruins of the war-torn city.",14.6391,2002-09-17,8.375,10059,2002,2000
"[12, 28]",87,Indiana Jones and the Temple of Doom,en,Indiana Jones and the Temple of Doom,"After arriving in India, Indiana Jones is asked by a desperate village to find a mystical stone. He agrees – and stumbles upon a secret cult plotting a terrible plan in the catacombs of an ancient palace.",10.8369,1984-05-23,7.307,10049,1984,1980
"[28, 18, 9648, 53]",2501,The Bourne Identity,en,The Bourne Identity,"Wounded to the brink of death and suffering from amnesia, Jason Bourne is rescued at sea by a fisherman. With nothing to go on but a Swiss bank account number, he starts to reconstruct his life, but finds that many people he encounters want him dead. However, Bourne realizes that he has the combat and mental skills of a world-class spy—but who does he work for?",10.4123,2002-06-14,7.473,10008,2002,2000
"[53, 9648]",591,The Da Vinci Code,en,The Da Vinci Code,"A murder in Paris’ Louvre Museum and cryptic clues in some of Leonardo da Vinci’s most famous paintings lead to the discovery of a religious mystery. For 2,000 years a secret society closely guards information that — should it come to light — could rock the very foundations of Christianity.",8.5072,2006-05-17,6.7,9996,2006,2000
[18],316029,The Greatest Showman,en,The Greatest Showman,"The story of American showman P.T. Barnum, founder of the circus that became the famous traveling Ringling Bros. and Barnum & Bailey Circus.",9.7172,2017-12-20,7.862,9996,2017,2010
"[35, 80, 18]",337404,Cruella,en,Cruella,"In 1970s London amidst the punk rock revolution, a young grifter named Estella is determined to make a name for herself with her designs. She befriends a pair of young thieves who appreciate her appetite for mischief, and together they are able to build a life for themselves on the London streets. One day, Estella’s flair for fashion catches the eye of the Baroness von Hellman, a fashion legend who is devastatingly chic and terrifyingly haute. But their relationship sets in motion a course of events and revelations that will cause Estella to embrace her wicked side and become the raucous, fashionable and revenge-bent Cruella.",19.8117,2021-05-26,7.972,9990,2021,2020
"[27, 9648, 80]",176,Saw,en,Saw,"Two men wake up to find themselves shackled in a grimy, abandoned bathroom. As they struggle to comprehend their predicament, they discover a disturbing tape left behind by the sadistic mastermind known as Jigsaw. With a chilling voice and cryptic instructions, Jigsaw informs them that they must partake in a gruesome game in order to secure their freedom.",13.8206,2004-10-01,7.42,9982,2004,2000
"[28, 14, 878]",9738,Fantastic Four,en,Fantastic Four,"During a space voyage, four scientists are altered by cosmic rays: Reed Richards gains the ability to stretch his body; Sue Storm can become invisible; Johnny Storm controls fire; and Ben Grimm is turned into a super-strong … thing. Together, these ""Fantastic Four"" must now thwart the evil plans of Dr. Doom and save the world from certain destruction.",8.8814,2005-06-29,5.804,9929,2005,2000
"[9648, 28, 878]",13183,Watchmen,en,Watchmen,"In a gritty and alternate 1985, the glory days of costumed vigilantes have been brought to a close by a government crackdown. But after one of the masked veterans is brutally murdered, an investigation into the killer is initiated. The reunited heroes set out to prevent their own destruction, but in doing so they uncover a sinister plot that puts all of humanity in grave danger.",8.9647,2009-03-04,7.351,9915,2009,2000
"[28, 878, 12]",399579,Alita: Battle Angel,en,Alita: Battle Angel,"When Alita awakens with no memory of who she is in a future world she does not recognize, she is taken in by Ido, a compassionate doctor who realizes that somewhere in this abandoned cyborg shell is the heart and soul of a young woman with an extraordinary past.",13.3188,2019-01-31,7.2,9906,2019,2010
"[12, 28, 53]",954,Mission: Impossible,en,Mission: Impossible,"When Ethan Hunt, the leader of a crack espionage team whose perilous operation has gone awry with no explanation, discovers that a mole has penetrated the CIA, he's surprised to learn that he's the prime suspect. To clear his name, Hunt now must ferret out the real double agent and, in the process, even the score.",12.7241,1996-05-22,7.023,9904,1996,1990
[18],389,12 Angry Men,en,12 Angry Men,"The defense and the prosecution have rested and the jury is filing into the jury room to decide if a young Spanish-American is guilty or innocent of murdering his father. What begins as an open and shut case soon becomes a mini-drama of each of the jurors' prejudices and preconceptions about the trial, the accused, and each other.",19.0283,1957-04-10,8.559,9903,1957,1950
"[12, 28, 14]",564,The Mummy,en,The Mummy,Dashing legionnaire Rick O'Connell stumbles upon the hidden ruins of Hamunaptra while in the midst of a battle to claim the area in 1920s Egypt. It has been over three thousand years since former High Priest Imhotep suffered a fate worse than death as a punishment for a forbidden love—along with a curse that guarantees eternal doom upon the world if he is ever awoken.,26.5616,1999-04-16,6.965,9898,1999,1990
"[80, 35]",107,Snatch,en,Snatch,"Unscrupulous boxing promoters, violent bookies, a Russian gangster, incompetent amateur robbers, and supposedly Jewish jewellers fight to track down a priceless stolen diamond.",10.2057,2000-09-01,7.8,9896,2000,2000
"[53, 18, 9648]",9741,Unbreakable,en,Unbreakable,"An ordinary man makes an extraordinary discovery when a train accident leaves his fellow passengers dead — and him unscathed. The answer to this mystery could lie with the mysterious Elijah Price, a man who suffers from a disease that renders his bones as fragile as glass.",7.09,2000-11-22,7.143,9870,2000,2000
"[53, 28, 80]",156022,The Equalizer,en,The Equalizer,"McCall believes he has put his mysterious past behind him and dedicated himself to beginning a new, quiet life. But when he meets Teri, a young girl under the control of ultra-violent Russian gangsters, he can’t stand idly by – he has to help her. Armed with hidden skills that allow him to serve vengeance against anyone who would brutalize the helpless, McCall comes out of his self-imposed retirement and finds his desire for justice reawakened. If someone has a problem, if the odds are stacked against them, if they have nowhere else to turn, McCall will help. He is The Equalizer.",20.3787,2014-09-24,7.284,9861,2014,2010
"[35, 18]",318846,The Big Short,en,The Big Short,The men who made millions from a global economic meltdown.,9.365,2015-12-11,7.364,9776,2015,2010
"[18, 53, 9648, 28]",670,Oldboy,ko,올드보이,"With no clue how he came to be imprisoned, drugged and tortured for 15 years, a desperate man seeks revenge on his captors.",20.5828,2003-11-21,8.238,9738,2003,2000
"[14, 12, 16, 35, 10751]",810,Shrek the Third,en,Shrek the Third,"The King of Far Far Away has died and Shrek and Fiona are to become King & Queen. However, Shrek wants to return to his cozy swamp and live in peace and quiet, so when he finds out there is another heir to the throne, they set off to bring him back to rule the kingdom.",10.2431,2007-05-17,6.305,9718,2007,2000
"[35, 12, 878]",550988,Free Guy,en,Free Guy,"A bank teller discovers he is actually a background player in an open-world video game, and decides to become the hero of his own story. Now, in a world where there are no limits, he is determined to be the guy who saves his world his way before it's too late.",11.679,2021-08-11,7.452,9712,2021,2020
"[28, 18, 878]",124905,Godzilla,en,Godzilla,"Ford Brody, a Navy bomb expert, has just reunited with his family in San Francisco when he is forced to go to Japan to help his estranged father, Joe. Soon, both men are swept up in an escalating crisis when an ancient alpha predator arises from the sea to combat malevolent adversaries that threaten the survival of humanity. The creatures leave colossal destruction in their wake, as they make their way toward their final battleground: San Francisco.",11.9009,2014-05-14,6.353,9710,2014,2010
"[12, 14, 18, 10749]",18239,The Twilight Saga: New Moon,en,The Twilight Saga: New Moon,"Forks, Washington resident Bella Swan is reeling from the departure of her vampire love, Edward Cullen, and finds comfort in her friendship with Jacob Black, a werewolf. But before she knows it, she's thrust into a centuries-old conflict, and her desire to be with Edward at any cost leads her to take greater and greater risks.",12.0644,2009-11-18,5.99,9696,2009,2000
"[35, 14]",620,Ghostbusters,en,Ghostbusters,"After losing their university jobs, three parapsychologists start a ghost-catching business in New York City and uncover a supernatural threat that could destroy the world.",11.0088,1984-06-08,7.494,9685,1984,1980
"[10751, 16, 12, 35]",9487,A Bug's Life,en,A Bug's Life,"On behalf of ""oppressed bugs everywhere,"" an inventive ant named Flik hires a troupe of warrior bugs to defend his bustling colony from a horde of freeloading grasshoppers led by the evil-minded Hopper.",10.3193,1998-11-25,6.974,9678,1998,1990
"[18, 878, 10752]",281338,War for the Planet of the Apes,en,War for the Planet of the Apes,"Caesar and his apes are forced into a deadly conflict with an army of humans led by a ruthless Colonel. After the apes suffer unimaginable losses, Caesar wrestles with his darker instincts and begins his own mythic quest to avenge his kind. As the journey finally brings them face to face, Caesar and the Colonel are pitted against each other in an epic battle that will determine the fate of both their species and the future of the planet.",10.0326,2017-07-11,7.218,9667,2017,2010
"[28, 12]",177677,Mission: Impossible - Rogue Nation,en,Mission: Impossible - Rogue Nation,"Ethan and team take on their most impossible mission yet—eradicating 'The Syndicate', an International and highly-skilled rogue organization committed to destroying the IMF.",9.8567,2015-07-28,7.222,9648,2015,2010
"[18, 53]",264644,Room,en,Room,"Held captive for 7 years in an enclosed space, a woman and her young son finally gain their freedom, allowing the boy to experience the outside world for the first time.",5.9236,2015-10-16,7.995,9641,2015,2010
"[28, 12, 878]",54138,Star Trek Into Darkness,en,Star Trek Into Darkness,"When the crew of the Enterprise is called back home, they find an unstoppable force of terror from within their own organization has detonated the fleet and everything it stands for, leaving our world in a state of crisis.  With a personal score to settle, Captain Kirk leads a manhunt to a war-zone world to capture a one man weapon of mass destruction. As our heroes are propelled into an epic chess game of life and death, love will be challenged, friendships will be torn apart, and sacrifices must be made for the only family Kirk has left: his crew.",8.6882,2013-05-05,7.318,9598,2013,2010
[37],429,"The Good, the Bad and the Ugly",it,"Il buono, il brutto, il cattivo","While the Civil War rages on between the Union and the Confederacy, three men – a quiet loner, a ruthless hitman, and a Mexican bandit – comb the American Southwest in search of a strongbox containing $200,000 in stolen gold.",22.7796,1966-12-23,8.5,9559,1966,1960
"[27, 53, 18]",474350,It Chapter Two,en,It Chapter Two,"27 years after overcoming the malevolent supernatural entity Pennywise, the former members of the Losers' Club, who have grown up and moved away from Derry, are brought back together by a devastating phone call.",10.4693,2019-09-04,6.837,9545,2019,2010
"[878, 28, 53]",180,Minority Report,en,Minority Report,"John Anderton is a top 'Precrime' cop in the late-21st century, when technology can predict crimes before they're committed. But Anderton becomes the quarry when another investigator targets him for a murder charge.",8.7952,2002-06-20,7.351,9541,2002,2000
"[878, 28, 18, 53]",68724,Elysium,en,Elysium,"In the year 2159, two classes of people exist: the very wealthy who live on a pristine man-made space station called Elysium, and the rest, who live on an overpopulated, ruined Earth. Secretary Rhodes, a hard line government official, will stop at nothing to enforce anti-immigration laws and preserve the luxurious lifestyle of the citizens of Elysium. That doesn’t stop the people of Earth from trying to get in, by any means they can. When unlucky Max is backed into a corner, he agrees to take on a daunting mission that, if successful, will not only save his life, but could bring equality to these polarized worlds.",7.3856,2013-08-07,6.517,9510,2013,2010
"[28, 35, 12]",436969,The Suicide Squad,en,The Suicide Squad,"Supervillains Harley Quinn, Bloodsport, Peacemaker and a collection of nutty cons at Belle Reve prison join the super-secret, super-shady Task Force X as they are dropped off at the remote, enemy-infused island of Corto Maltese.",14.7273,2021-07-28,7.463,9508,2021,2020
"[28, 80, 53]",273481,Sicario,en,Sicario,An idealistic FBI agent is enlisted by a government task force to aid in the escalating war against drugs at the border area between the U.S. and Mexico.,12.5058,2015-09-17,7.418,9469,2015,2010
"[28, 18, 10749]",744,Top Gun,en,Top Gun,"For Lieutenant Pete 'Maverick' Mitchell and his friend and co-pilot Nick 'Goose' Bradshaw, being accepted into an elite training school for fighter pilots is a dream come true. But a tragedy, as well as personal demons, will threaten Pete's dreams of becoming an ace pilot.",15.4093,1986-05-16,7.1,9458,1986,1980
"[35, 80]",138832,We're the Millers,en,We're the Millers,A veteran pot dealer creates a fake family as part of his plan to move a huge shipment of weed into the U.S. from Mexico.,9.6445,2013-08-07,6.84,9401,2013,2010
"[18, 35]",10625,Mean Girls,en,Mean Girls,"Cady Heron is a hit with The Plastics, the A-list girl clique at her new school, until she makes the mistake of falling for Aaron Samuels, the ex-boyfriend of alpha Plastic Regina George.",15.9706,2004-04-30,7.223,9390,2004,2000
"[27, 878]",126889,Alien: Covenant,en,Alien: Covenant,"The crew of the colony ship Covenant, bound for a remote planet on the far side of the galaxy, discovers what they think is an uncharted paradise but is actually a dark, dangerous world.",10.1671,2017-05-09,6.174,9352,2017,2010
"[14, 18, 10749]",50620,The Twilight Saga: Breaking Dawn - Part 2,en,The Twilight Saga: Breaking Dawn - Part 2,"After the birth of Renesmee, the Cullens gather other vampire clans in order to protect the child from a false allegation that puts the family in front of the Volturi.",11.2012,2012-11-13,6.456,9331,2012,2010
"[878, 27]",300668,Annihilation,en,Annihilation,"A biologist signs up for a dangerous, secret expedition into a mysterious zone where the laws of nature don't apply.",12.1811,2018-02-22,6.4,9295,2018,2010
"[12, 35, 14]",512200,Jumanji: The Next Level,en,Jumanji: The Next Level,"As the gang return to Jumanji to rescue one of their own, they discover that nothing is as they expect. The players will have to brave parts unknown and unexplored in order to escape the world’s most dangerous game.",9.4592,2019-12-04,6.876,9291,2019,2010
"[27, 35]",747,Shaun of the Dead,en,Shaun of the Dead,"Shaun lives a supremely uneventful life, which revolves around his girlfriend, his mother, and, above all, his local pub. This gentle routine is threatened when the dead return to life and make strenuous attempts to snack on ordinary Londoners.",8.4599,2004-04-09,7.541,9261,2004,2000
"[18, 36]",45269,The King's Speech,en,The King's Speech,"The King's Speech tells the story of the man who became King George VI, the father of Queen Elizabeth II. After his brother abdicates, George ('Bertie') reluctantly assumes the throne. Plagued by a dreaded stutter and considered unfit to be king, Bertie engages the help of an unorthodox speech therapist named Lionel Logue. Through a set of unexpected techniques, and as a result of an unlikely friendship, Bertie is able to find his voice and boldly lead the country into war.",6.7361,2010-11-26,7.7,9248,2010,2010
"[35, 878, 18]",646380,Don't Look Up,en,Don't Look Up,Two astronomers go on a media tour to warn humankind of a planet-killing comet hurtling toward Earth. The response from a distracted world: Meh.,19.3616,2021-12-08,7.064,9248,2021,2020
"[12, 14, 10749]",50619,The Twilight Saga: Breaking Dawn - Part 1,en,The Twilight Saga: Breaking Dawn - Part 1,Bella Swan and Edward Cullen's honeymoon phase is abruptly disrupted by betrayals and unforeseen tragedies that endanger their world.,35.3055,2011-11-16,6.189,9225,2011,2010
"[35, 18, 10749]",50646,"Crazy, Stupid, Love.",en,"Crazy, Stupid, Love.","Cal Weaver is living the American dream. He has a good job, a beautiful house, great children and a beautiful wife, named Emily. Cal's seemingly perfect life unravels, however, when he learns that Emily has been unfaithful and wants a divorce. Over 40 and suddenly single, Cal is adrift in the fickle world of dating. Enter, Jacob Palmer, a self-styled player who takes Cal under his wing and teaches him how to be a hit with the ladies.",10.7154,2011-07-29,7.271,9209,2011,2010
"[12, 14, 18, 10749]",24021,The Twilight Saga: Eclipse,en,The Twilight Saga: Eclipse,"Bella once again finds herself surrounded by danger as Seattle is ravaged by a string of mysterious killings and a malicious vampire continues her quest for revenge. In the midst of it all, she is forced to choose between her love for Edward and her friendship with Jacob, knowing that her decision has the potential to ignite the ageless struggle between vampire and werewolf. With her graduation quickly approaching, Bella is confronted with the most important decision of her life.",9.5542,2010-06-23,6.195,9204,2010,2010
"[28, 12, 80]",47971,xXx: Return of Xander Cage,en,xXx: Return of Xander Cage,"Xander Cage is left for dead after an incident, though he secretly returns to action for a new, tough assignment with his handler Augustus Gibbons.",14.1631,2017-01-13,6.132,9202,2017,2010
"[878, 12, 28]",348350,Solo: A Star Wars Story,en,Solo: A Star Wars Story,"Through a series of daring escapades deep within a dark and dangerous criminal underworld, Han Solo meets his mighty future copilot Chewbacca and encounters the notorious gambler Lando Calrissian.",8.6421,2018-05-15,6.558,9198,2018,2010
"[18, 10749, 14]",122906,About Time,en,About Time,"The night after another unsatisfactory New Year's party, Tim's father tells his son that the men in his family have always had the ability to travel through time. They can't change history, but they can change what happens and has happened in their own lives. Thus begins the start of a lesson in learning to appreciate life itself as it is, as it comes, and most importantly, the people living alongside us.",9.6324,2013-09-04,7.907,9190,2013,2010
[35],109439,The Hangover Part III,en,The Hangover Part III,"This time, there's no wedding. No bachelor party. What could go wrong, right? But when the Wolfpack hits the road, all bets are off.",7.443,2013-05-23,6.2,9178,2013,2010
"[12, 28, 878]",330,The Lost World: Jurassic Park,en,The Lost World: Jurassic Park,"Four years after Jurassic Park's genetically bred dinosaurs ran amok, multimillionaire John Hammond shocks chaos theorist Ian Malcolm by revealing that he has been breeding more beasties at a secret location. Malcolm, his paleontologist ladylove and a wildlife videographer join an expedition to document the lethal lizards' natural behavior in this action-packed thriller.",0.4767,1997-05-23,6.562,9163,1997,1990
"[16, 35, 10751, 14]",76492,Hotel Transylvania,en,Hotel Transylvania,"Welcome to Hotel Transylvania, Dracula's lavish five-stake resort, where monsters and their families can live it up and no humans are allowed. One special weekend, Dracula has invited all his best friends to celebrate his beloved daughter Mavis's 118th birthday. For Dracula catering to all of these legendary monsters is no problem but the party really starts when one ordinary guy stumbles into the hotel and changes everything!",14.0449,2012-09-20,6.963,9133,2012,2010
[27],259693,The Conjuring 2,en,The Conjuring 2,Lorraine and Ed Warren travel to north London to help a single mother raising four children alone in a house plagued by malicious spirits.,11.2242,2016-06-08,7.292,9115,2016,2010
"[878, 28, 12]",8373,Transformers: Revenge of the Fallen,en,Transformers: Revenge of the Fallen,"Sam Witwicky leaves the Autobots behind for a normal life. But when his mind is filled with cryptic symbols, the Decepticons target him and he is dragged back into the Transformers' war.",3.9328,2009-06-19,6.209,9097,2009,2000
"[12, 53, 878]",74,War of the Worlds,en,War of the Worlds,"Ray Ferrier is a divorced dockworker and less-than-perfect father. Soon after his ex-wife and her new husband drop off his teenage son and young daughter for a rare weekend visit, a strange and powerful lightning storm touches down.",10.7746,2005-06-28,6.535,9096,2005,2000
"[28, 12]",353081,Mission: Impossible - Fallout,en,Mission: Impossible - Fallout,"When an IMF mission ends badly, the world is faced with dire consequences. As Ethan Hunt takes it upon himself to fulfill his original briefing, the CIA begin to question his loyalty and his motives. The IMF team find themselves in a race against time, hunted by assassins while trying to prevent a global catastrophe.",10.5261,2018-07-25,7.448,9067,2018,2010
"[878, 28, 12]",524434,Eternals,en,Eternals,"The Eternals are a team of ancient aliens who have been living on Earth in secret for thousands of years. When an unexpected tragedy forces them out of the shadows, they are forced to reunite against mankind’s most ancient enemy, the Deviants.",11.6196,2021-11-03,6.773,9062,2021,2020
"[878, 53, 9648]",63,Twelve Monkeys,en,Twelve Monkeys,"In the year 2035, convict James Cole reluctantly volunteers to be sent back in time to discover the origin of a deadly virus that wiped out nearly all of the earth's population and forced the survivors into underground communities. But when Cole is mistakenly sent to 1990 instead of 1996, he's arrested and locked up in a mental hospital. There he meets psychiatrist Dr. Kathryn Railly and the son of a famous virus expert who may hold the key to the Army of the 12 Monkeys; thought to be responsible for unleashing the killer disease.",9.7162,1995-12-29,7.605,9056,1995,1990
"[53, 878, 9648]",45612,Source Code,en,Source Code,"When decorated soldier Captain Colter Stevens wakes up in the body of an unknown man, he discovers he's part of a mission to find the bomber of a Chicago commuter train.",7.8444,2011-03-30,7.31,9038,2011,2010
"[53, 18, 878]",450465,Glass,en,Glass,"In a series of escalating encounters, former security guard David Dunn uses his supernatural abilities to track Kevin Wendell Crumb, a disturbed man who has twenty-four personalities. Meanwhile, the shadowy presence of Elijah Price emerges as an orchestrator who holds secrets critical to both men.",7.393,2019-01-16,6.664,9025,2019,2010
"[18, 36]",152532,Dallas Buyers Club,en,Dallas Buyers Club,"Loosely based on the true-life tale of Ron Woodroof, a drug-taking, women-loving, homophobic man who in 1986 was diagnosed with HIV/AIDS and given thirty days to live.",8.3662,2013-11-01,7.9,9023,2013,2010
"[80, 18, 53]",275,Fargo,en,Fargo,"Jerry, a small-town Minnesota car salesman is bursting at the seams with debt... but he's got a plan. He's going to hire two thugs to kidnap his wife in a scheme to collect a hefty ransom from his wealthy father-in-law. It's going to be a snap and nobody's going to get hurt... until people start dying. Enter Police Chief Marge, a coffee-drinking, parka-wearing - and extremely pregnant - investigator who'll stop at nothing to get her man. And if you think her small-time investigative skills will give the crooks a run for their ransom... you betcha!",9.8565,1996-03-08,7.849,9021,1996,1990
"[28, 878, 18]",39254,Real Steel,en,Real Steel,"Charlie Kenton is a washed-up fighter who retired from the ring when robots took over the sport. After his robot is trashed, he reluctantly teams up with his estranged son to rebuild and train an unlikely contender.",17.8454,2011-09-28,7.069,9019,2011,2010
"[18, 10752]",28,Apocalypse Now,en,Apocalypse Now,"At the height of the Vietnam war, Captain Benjamin Willard is sent on a dangerous mission that, officially, ""does not exist, nor will it ever exist."" His goal is to locate - and eliminate - a mysterious Green Beret Colonel named Walter Kurtz, who has been leading his personal army on illegal guerrilla missions into enemy territory.",15.3548,1979-05-19,8.269,9013,1979,1970
"[878, 28, 12, 53]",106,Predator,en,Predator,A team of elite commandos on a secret mission in a Central American jungle come to find themselves hunted by an extraterrestrial warrior.,18.8065,1987-06-12,7.546,9005,1987,1980
"[28, 12, 14]",464052,Wonder Woman 1984,en,Wonder Woman 1984,A botched store robbery places Wonder Woman in a global battle against a powerful and mysterious ancient force that puts her powers in jeopardy.,8.5854,2020-12-16,6.368,8994,2020,2020
"[18, 35]",391713,Lady Bird,en,Lady Bird,"Lady Bird McPherson, a strong willed, deeply opinionated, artistic 17 year old comes of age in Sacramento. Her relationship with her mother and her upbringing are questioned and tested as she plans to head off to college.",6.4112,2017-09-01,7.25,8977,2017,2010
"[12, 28]",217,Indiana Jones and the Kingdom of the Crystal Skull,en,Indiana Jones and the Kingdom of the Crystal Skull,"Set during the Cold War, the Soviets—led by sword-wielding Irina Spalko—are in search of a crystal skull which has supernatural powers related to a mystical Lost City of Gold. Indy is coerced to head to Peru at the behest of a young man whose friend—and Indy's colleague—Professor Oxley has been captured for his knowledge of the skull's whereabouts.",9.4773,2008-05-21,6.023,8969,2008,2000
"[28, 18, 53]",254128,San Andreas,en,San Andreas,"In the aftermath of a massive earthquake in California, a rescue-chopper pilot makes a dangerous journey across the state in order to rescue his estranged daughter.",8.0785,2015-05-27,6.244,8964,2015,2010
[18],50014,The Help,en,The Help,"Aibileen Clark is a middle-aged African-American maid who has spent her life raising white children and has recently lost her only son; Minny Jackson is an African-American maid who has often offended her employers despite her family's struggles with money and her desperate need for jobs; and Eugenia ""Skeeter"" Phelan is a young white woman who has recently moved back home after graduating college to find out her childhood maid has mysteriously disappeared. These three stories intertwine to explain how life in Jackson, Mississippi revolves around ""the help""; yet they are always kept at a certain distance because of racial lines.",12.3203,2011-08-09,8.197,8956,2011,2010
"[10749, 35]",114,Pretty Woman,en,Pretty Woman,"Vivian is a carefree, streetwise diamond in the rough when she meets sophisticated billionaire Edward in a chance encounter that turns into a week-long business arrangement. But Vivian's energetic spirit challenges Edward's no-nonsense approach to life, and soon they are teaching each other – and falling in love!",10.9122,1990-03-23,7.447,8929,1990,1990
"[878, 28, 53]",87101,Terminator Genisys,en,Terminator Genisys,"The year is 2029. John Connor, leader of the resistance continues the war against the machines. At the Los Angeles offensive, John's fears of the unknown future begin to emerge when TECOM spies reveal a new plot by SkyNet that will attack him from both fronts; past and future, and will ultimately change warfare forever.",12.7006,2015-06-23,5.952,8920,2015,2010
"[12, 14, 16]",128,Princess Mononoke,ja,もののけ姫,"Ashitaka, a prince of the disappearing Emishi people, is cursed by a demonized boar god and must journey to the west to find a cure. Along the way, he encounters San, a young human woman fighting to protect the forest, and Lady Eboshi, who is trying to destroy it. Ashitaka must find a way to bring balance to this conflict.",15.3952,1997-07-12,8.324,8908,1997,1990
"[16, 10751, 14, 35, 18]",508943,Luca,en,Luca,Luca and his best friend Alberto experience an unforgettable summer on the Italian Riviera. But all the fun is threatened by a deeply-held secret: they are sea monsters from another world just below the water’s surface.,10.6386,2021-06-17,7.783,8903,2021,2020
"[18, 28, 36]",359724,Ford v Ferrari,en,Ford v Ferrari,"American car designer Carroll Shelby and the British-born driver Ken Miles work together to battle corporate interference, the laws of physics, and their own personal demons to build a revolutionary race car for Ford Motor Company and take on the dominating race cars of Enzo Ferrari at the 24 Hours of Le Mans in France in 1966.",10.8067,2019-11-13,8.005,8894,2019,2010
"[18, 53]",68734,Argo,en,Argo,"As the Iranian revolution reaches a boiling point, a CIA 'exfiltration' specialist concocts a risky plan to free six Americans who have found shelter at the home of the Canadian ambassador.",8.3004,2012-10-11,7.283,8893,2012,2010
"[28, 878, 12]",38356,Transformers: Dark of the Moon,en,Transformers: Dark of the Moon,"The Autobots continue to work for NEST, now no longer in secret. But after discovering a strange artifact during a mission in Chernobyl, it becomes apparent to Optimus Prime that the United States government has been less than forthright with them.",2.6705,2011-06-28,6.224,8881,2011,2010
"[16, 10751, 14]",14836,Coraline,en,Coraline,"Wandering her rambling old house in her boring new town, 11-year-old Coraline discovers a hidden door to a strangely idealized version of her life. In order to stay in the fantasy, she must make a frighteningly real sacrifice.",30.6481,2009-02-05,7.9,8875,2009,2000
"[35, 10749, 18]",4951,10 Things I Hate About You,en,10 Things I Hate About You,"On the first day at his new school, Cameron instantly falls for Bianca, the gorgeous girl of his dreams. The only problem is that Bianca is forbidden to date until her ill-tempered, completely un-dateable older sister Kat goes out, too. In an attempt to solve his problem, Cameron singles out the only guy who could possibly be a match for Kat: a mysterious bad boy with a nasty reputation of his own.",13.0496,1999-03-30,7.59,8846,1999,1990
"[10749, 14, 35]",137,Groundhog Day,en,Groundhog Day,"A cynical TV weatherman, along with his idealistic producer and his sardonic cameraman, is sent to report on Groundhog Day in the small town of Punxsutawney, where he finds himself repeating the same day over and over.",7.7729,1993-02-11,7.627,8821,1993,1990
"[16, 35, 10751, 12]",8355,Ice Age: Dawn of the Dinosaurs,en,Ice Age: Dawn of the Dinosaurs,"Times are changing for Manny the moody mammoth, Sid the motor mouthed sloth and Diego the crafty saber-toothed tiger. Life heats up for our heroes when they meet some new and none-too-friendly neighbors – the mighty dinosaurs.",11.5812,2009-06-26,6.763,8814,2009,2000
"[878, 27, 53]",158015,The Purge,en,The Purge,"Given the country's overcrowded prisons, the U.S. government begins to allow 12-hour periods of time in which all illegal activity is legal. During one of these free-for-alls, a family must protect themselves from a home invasion.",7.4052,2013-05-31,6.25,8795,2013,2010
"[28, 53, 80]",51497,Fast Five,en,Fast Five,"Former cop Brian O'Conner partners with ex-con Dom Toretto on the opposite side of the law. Since Brian and Mia Toretto broke Dom out of custody, they've blown across many borders to elude authorities. Now backed into a corner in Rio de Janeiro, they must pull one last job in order to gain their freedom.",1.3231,2011-04-20,7.237,8787,2011,2010
"[878, 53, 12]",435,The Day After Tomorrow,en,The Day After Tomorrow,"After paleoclimatologist Jack Hall is largely ignored by UN officials when presenting his environmental concerns about the beginning of a new Ice Age, his research proves true when a superstorm develops, setting off catastrophic natural disasters throughout the world. Trying to get to his son, Sam, who is trapped in New York City with his friend Laura and others, Jack and his crew must travel to get to Sam before it's too late.",7.4528,2004-05-26,6.552,8779,2004,2000
"[80, 53]",187,Sin City,en,Sin City,"Welcome to Sin City. This town beckons to the tough, the corrupt, the brokenhearted. Some call it dark… Hard-boiled. Then there are those who call it home — Crooked cops, sexy dames, desperate vigilantes. Some are seeking revenge, others lust after redemption, and then there are those hoping for a little of both. A universe of unlikely and reluctant heroes still trying to do the right thing in a city that refuses to care.",8.7698,2005-04-01,7.464,8773,2005,2000
"[80, 35, 28]",402900,Ocean's Eight,en,Ocean's Eight,"Debbie Ocean, a criminal mastermind, gathers a crew of female thieves to pull off the heist of the century at New York's annual Met Gala.",8.7935,2018-06-07,6.96,8744,2018,2010
"[14, 16, 10751]",8392,My Neighbor Totoro,ja,となりのトトロ,"Two sisters move to the country with their father in order to be closer to their hospitalized mother, and discover the surrounding trees are inhabited by Totoros, magical spirits of the forest. When the youngest runs away from home, the older sister seeks help from the spirits to find her.",15.8443,1988-04-16,8.1,8744,1988,1980
"[18, 36]",314365,Spotlight,en,Spotlight,"The true story of how the Boston Globe uncovered the massive scandal of child molestation and cover-up within the local Catholic Archdiocese, shaking the entire Catholic Church to its core.",6.229,2015-11-06,7.815,8744,2015,2010
"[16, 12, 14, 35, 10751]",315162,Puss in Boots: The Last Wish,en,Puss in Boots: The Last Wish,"Puss in Boots discovers that his passion for adventure has taken its toll: He has burned through eight of his nine lives, leaving him with only one life left. Puss sets out on an epic journey to find the mythical Last Wish and restore his nine lives.",18.1293,2022-12-07,8.201,8743,2022,2020
"[18, 10749]",4348,Pride & Prejudice,en,Pride & Prejudice,"A story of love and life among the landed English gentry during the Georgian era. Mr. Bennet is a gentleman living in Hertfordshire with his overbearing wife and five daughters, but if he dies their house will be inherited by a distant cousin whom they have never met, so the family's future happiness and security is dependent on the daughters making good marriages.",15.645,2005-09-16,8.049,8704,2005,2000
"[53, 28, 80]",38700,Bad Boys for Life,en,Bad Boys for Life,"Marcus and Mike are forced to confront new threats, career changes, and midlife crises as they join the newly created elite team AMMO of the Miami police department to take down the ruthless Armando Armas, the vicious leader of a Miami drug cartel.",11.2675,2020-01-15,7.117,8696,2020,2020
"[35, 10749]",466282,To All the Boys I've Loved Before,en,To All the Boys I've Loved Before,Lara Jean's love life goes from imaginary to out of control when her secret letters to every boy she's ever fallen for are mysteriously mailed out.,8.3781,2018-08-17,7.595,8694,2018,2010
"[878, 28, 12]",91314,Transformers: Age of Extinction,en,Transformers: Age of Extinction,"As humanity picks up the pieces after the battle of Chicago, a shadowy group reveals itself in an attempt to control the direction of history…while an ancient, powerful new menace sets Earth in its crosshairs. With help from Cade Yeager, Optimus Prime and the Autobots rise to meet their most fearsome challenge yet.",9.8722,2014-06-25,5.958,8690,2014,2010
"[35, 18]",594,The Terminal,en,The Terminal,"An Eastern European tourist unexpectedly finds himself stranded in JFK airport, and must take up temporary residence there.",7.1951,2004-06-17,7.35,8629,2004,2000
"[53, 878, 18, 27]",333371,10 Cloverfield Lane,en,10 Cloverfield Lane,"After a catastrophic car crash, a young woman wakes up in a survivalist's underground bunker, where he claims to have saved her from an apocalyptic attack that has left the outside world uninhabitable.",7.228,2016-03-10,7.0,8606,2016,2010
"[35, 80, 28]",290250,The Nice Guys,en,The Nice Guys,A private eye investigates the apparent suicide of a fading porn star in 1970s Los Angeles and uncovers a conspiracy.,9.1406,2016-05-15,7.128,8572,2016,2010
"[27, 18]",9552,The Exorcist,en,The Exorcist,"When a mysterious entity possesses a young girl, her mother seeks the help of two Catholic priests to save her life.",14.182,1973-12-26,7.74,8570,1973,1970
[18],1366,Rocky,en,Rocky,"Rocky Balboa is a Philadelphia club fighter who seems to be going nowhere. But when a stroke of fate puts him in the ring with a world heavyweight champion, Rocky knows that it's his one shot at the big time — a once-in-a-lifetime opportunity to go the distance and come out a winner!",12.6772,1976-12-03,7.794,8552,1976,1970
"[878, 18, 28]",315837,Ghost in the Shell,en,Ghost in the Shell,"In the near future, Major is the first of her kind: a human saved from a terrible crash, then cyber-enhanced to be a perfect soldier devoted to stopping the world's most dangerous criminals.",8.3536,2017-03-29,6.106,8516,2017,2010
"[28, 53, 878, 12]",95,Armageddon,en,Armageddon,"When an asteroid threatens to collide with Earth, NASA honcho Dan Truman determines the only way to stop it is to drill into its surface and detonate a nuclear bomb. This leads him to renowned driller Harry Stamper, who agrees to helm the dangerous space mission provided he can bring along his own hotshot crew. Among them is the cocksure A.J. who Harry thinks isn't good enough for his daughter, until the mission proves otherwise.",9.5621,1998-07-01,6.8,8510,1998,1990
"[28, 35, 10749]",22538,Scott Pilgrim vs. the World,en,Scott Pilgrim vs. the World,"As bass guitarist for a garage-rock band, Scott Pilgrim has never had trouble getting a girlfriend; usually, the problem is getting rid of them. But when Ramona Flowers skates into his heart, he finds she has the most troublesome baggage of all: an army of ex-boyfriends who will stop at nothing to eliminate him from her list of suitors.",9.4329,2010-08-12,7.485,8510,2010,2010
"[14, 28, 80]",268,Batman,en,Batman,"Having witnessed his parents' brutal murder as a child, millionaire philanthropist Bruce Wayne fights crime in Gotham City disguised as Batman, a costumed hero who strikes fear into the hearts of villains. But when a deformed madman known as 'The Joker' seizes control of Gotham's criminal underworld, Batman must face his most ruthless nemesis ever while protecting both his identity and his love interest, reporter Vicki Vale.",10.8132,1989-06-21,7.229,8508,1989,1980
"[18, 10749]",537915,After,en,After,"Tessa Young is a dedicated student, dutiful daughter and loyal girlfriend to her high school sweetheart. Entering her first semester of college, Tessa's guarded world opens up when she meets Hardin Scott, a mysterious and brooding rebel who makes her question all she thought she knew about herself -- and what she wants out of life.",13.4738,2019-04-11,7.109,8501,2019,2010
"[16, 35, 10751]",35,The Simpsons Movie,en,The Simpsons Movie,"After Homer accidentally pollutes the town's water supply, Springfield is encased in a gigantic dome by the EPA and the Simpsons are declared fugitives.",7.8482,2007-07-25,7.02,8498,2007,2000
"[28, 35, 878]",533535,Deadpool & Wolverine,en,Deadpool & Wolverine,"A listless Wade Wilson toils away in civilian life with his days as the morally flexible mercenary, Deadpool, behind him. But when his homeworld faces an existential threat, Wade must reluctantly suit-up again with an even more reluctant Wolverine.",35.724,2024-07-24,7.558,8492,2024,2020
"[14, 28, 35]",616037,Thor: Love and Thunder,en,Thor: Love and Thunder,"After his retirement is interrupted by Gorr the God Butcher, a galactic killer who seeks the extinction of the gods, Thor Odinson enlists the help of King Valkyrie, Korg, and ex-girlfriend Jane Foster, who now wields Mjolnir as the Mighty Thor. Together they embark upon a harrowing cosmic adventure to uncover the mystery of the God Butcher’s vengeance and stop him before it’s too late.",12.7408,2022-07-06,6.371,8490,2022,2020
"[27, 9648, 53]",493922,Hereditary,en,Hereditary,"Following the death of the Leigh family matriarch, Annie and her children uncover disturbing secrets about their heritage. Their daily lives are not only impacted, but they also become entangled in a chilling fate from which they cannot escape, driving them to the brink of madness.",12.5979,2018-06-07,7.294,8488,2018,2010
"[35, 18]",2108,The Breakfast Club,en,The Breakfast Club,"Five high school students from different walks of life endure a Saturday detention under a power-hungry principal. The disparate group includes rebel John, princess Claire, outcast Allison, brainy Brian and Andrew, the jock. Each has a chance to tell his or her story, making the others see them a little differently -- and when the day ends, they question whether school will ever be the same.",9.4759,1985-02-15,7.723,8488,1985,1980
"[12, 28, 53]",10764,Quantum of Solace,en,Quantum of Solace,"Betrayed by Vesper, the woman he loved, 007 fights the urge to make his latest mission personal. Pursuing his determination to uncover the truth, Bond and M interrogate Mr. White, who reveals that the organization that blackmailed Vesper is far more complex and dangerous than anyone had imagined.",8.2782,2008-10-29,6.335,8482,2008,2000
"[10751, 35, 12, 16]",328111,The Secret Life of Pets,en,The Secret Life of Pets,"The quiet life of a terrier named Max is upended when his owner takes in Duke, a stray whom Max instantly dislikes.",3.8339,2016-06-18,6.316,8475,2016,2010
"[27, 9648, 35]",22970,The Cabin in the Woods,en,The Cabin in the Woods,"Five friends set out for a weekend at a remote cabin in the woods, expecting nothing more than fun and relaxation. As night falls, they discover that something far more unsettling is at work and that nothing about their getaway is what it seems.",9.8663,2012-04-12,6.648,8474,2012,2010
"[80, 35, 28]",187017,22 Jump Street,en,22 Jump Street,"After making their way through high school (twice), big changes are in store for officers Schmidt and Jenko when they go deep undercover at a local college. But when Jenko meets a kindred spirit on the football team, and Schmidt infiltrates the bohemian art major scene, they begin to question their partnership. Now they don't have to just crack the case - they have to figure out if they can have a mature relationship. If these two overgrown adolescents can grow from freshmen into real men, college might be the best thing that ever happened to them.",7.7032,2014-06-05,6.825,8469,2014,2010
"[16, 28, 12, 878]",569094,Spider-Man: Across the Spider-Verse,en,Spider-Man: Across the Spider-Verse,"After reuniting with Gwen Stacy, Brooklyn’s full-time, friendly neighborhood Spider-Man is catapulted across the Multiverse, where he encounters the Spider Society, a team of Spider-People charged with protecting the Multiverse's very existence. But when the heroes clash on how to handle a new threat, Miles finds himself pitted against the other Spiders and must set out on his own to save those he loves most.",28.2436,2023-05-31,8.333,8469,2023,2020
"[35, 28, 80]",339846,Baywatch,en,Baywatch,"Devoted lifeguard Mitch Buchannon butts heads with a brash new recruit. Together, they uncover a local criminal plot that threatens the future of the Bay.",11.3876,2017-05-25,6.085,8465,2017,2010
"[10751, 12, 14]",278927,The Jungle Book,en,The Jungle Book,"After a threat from the tiger Shere Khan, Mowgli, a man-cub fostered by wolves, is forced to flee the jungle, and he embarks on a journey of self-discovery with the help of the panther, Bagheera, and the free-spirited bear, Baloo.",8.9088,2016-04-07,6.87,8460,2016,2010
"[12, 18, 28]",254,King Kong,en,King Kong,"In 1933 New York, an overly ambitious movie producer coerces his cast and hired ship crew to travel to mysterious Skull Island, where they encounter Kong, a giant ape who is immediately smitten with the leading lady.",11.3136,2005-12-12,6.887,8440,2005,2000
"[16, 10751, 12, 35]",49013,Cars 2,en,Cars 2,Star race car Lightning McQueen and his pal Mater head overseas to compete in the World Grand Prix race. But the road to the championship becomes rocky as Mater gets caught up in an intriguing adventure of his own: international espionage.,13.6502,2011-06-11,6.176,8426,2011,2010
"[80, 28, 878]",198184,Chappie,en,Chappie,"Every child comes into the world full of promise, and none more so than Chappie: he is gifted, special, a prodigy. Like any child, Chappie will come under the influence of his surroundings—some good, some bad—and he will rely on his heart and soul to find his way in the world and become his own man. But there's one thing that makes Chappie different from any one else: he is a robot.",11.4647,2015-03-04,6.788,8418,2015,2010
"[16, 10751, 12, 35, 14]",137106,The Lego Movie,en,The Lego Movie,"An ordinary Lego mini-figure, mistakenly thought to be the extraordinary MasterBuilder, is recruited to join a quest to stop an evil Lego tyrant from conquering the universe.",9.1427,2014-02-06,7.422,8398,2014,2010
"[16, 10402, 35, 10751]",335797,Sing,en,Sing,A koala named Buster recruits his best friend to help him drum up business for his theater by hosting a singing competition.,9.6622,2016-11-23,7.122,8393,2016,2010
"[27, 53, 878]",170,28 Days Later,en,28 Days Later,"Twenty-eight days after a killer virus was accidentally unleashed from a British research facility, a small group of London survivors are caught in a desperate struggle to protect themselves from the infected. Carried by animals and humans, the virus turns those it infects into homicidal maniacs -- and it's absolutely impossible to contain.",12.2972,2002-10-31,7.2,8391,2002,2000
"[14, 35]",4011,Beetlejuice,en,Beetlejuice,A newly dead New England couple seeks help from a deranged demon exorcist to scare an affluent New York family out of their home.,9.1565,1988-03-30,7.368,8388,1988,1980
"[16, 10751, 14]",10144,The Little Mermaid,en,The Little Mermaid,This colorful adventure tells the story of an impetuous mermaid princess named Ariel who falls in love with the very human Prince Eric and puts everything on the line for the chance to be with him. Memorable songs and characters -- including the villainous sea witch Ursula.,11.0106,1989-11-17,7.4,8364,1989,1980
"[10749, 35]",50544,Friends with Benefits,en,Friends with Benefits,Dylan is done with relationships. Jamie decides to stop buying into the Hollywood clichés of true love. When the two become friends they decide to try something new and take advantage of their mutual attraction - but without any emotional attachment.,8.5629,2011-07-21,6.643,8354,2011,2010
"[878, 12, 28]",1979,Fantastic Four: Rise of the Silver Surfer,en,Fantastic Four: Rise of the Silver Surfer,"The Fantastic Four return to the big screen as a new and all powerful enemy threatens the Earth. The seemingly unstoppable 'Silver Surfer', but all is not what it seems and there are old and new enemies that pose a greater threat than the intrepid superheroes realize.",6.5749,2007-06-13,5.631,8351,2007,2000
"[878, 28, 12, 53]",336843,Maze Runner: The Death Cure,en,Maze Runner: The Death Cure,"Thomas leads his group of escaped Gladers on their final and most dangerous mission yet. To save their friends, they must break into the legendary Last City, a WCKD-controlled labyrinth that may turn out to be the deadliest maze of all. Anyone who makes it out alive will get answers to the questions the Gladers have been asking since they first arrived in the maze.",11.6316,2018-01-10,7.083,8340,2018,2010
"[18, 10749]",337167,Fifty Shades Freed,en,Fifty Shades Freed,"Believing they have left behind shadowy figures from their past, newlyweds Christian and Ana fully embrace an inextricable connection and shared life of luxury. But just as she steps into her role as Mrs. Grey and he relaxes into an unfamiliar stability, new threats could jeopardize their happy ending before it even begins.",17.9117,2018-01-17,6.673,8321,2018,2010
"[28, 12, 14]",338970,Tomb Raider,en,Tomb Raider,"Lara Croft, the fiercely independent daughter of a missing adventurer, must push herself beyond her limits when she finds herself on the island where her father disappeared.",7.5867,2018-03-05,6.365,8305,2018,2010
"[28, 18, 9648, 53]",2503,The Bourne Ultimatum,en,The Bourne Ultimatum,"Bourne is brought out of hiding once again by reporter Simon Ross who is trying to unveil Operation Blackbriar, an upgrade to Project Treadstone, in a series of newspaper columns. Information from the reporter stirs a new set of memories, and Bourne must finally uncover his dark past while dodging The Company's best efforts to eradicate him.",9.1255,2007-08-03,7.436,8298,2007,2000
"[27, 53, 28, 12]",396535,Train to Busan,ko,부산행,"When a zombie virus pushes Korea into a state of emergency, those trapped on an express train to Busan must fight for their own survival.",20.1033,2016-07-20,7.7,8288,2016,2010
"[18, 53, 28]",1372,Blood Diamond,en,Blood Diamond,"An ex-mercenary turned smuggler. A Mende fisherman. Amid the explosive civil war overtaking 1999 Sierra Leone, these men join for two desperate missions: recovering a rare pink diamond of immense value and rescuing the fisherman's son, conscripted as a child soldier into the brutal rebel forces ripping a swath of torture and bloodshed countrywide.",9.8161,2006-12-08,7.556,8260,2006,2000
"[80, 28, 35]",4638,Hot Fuzz,en,Hot Fuzz,"Former London constable Nicholas Angel finds it difficult to adapt to his new assignment in the sleepy British village of Sandford. Not only does he miss the excitement of the big city, but he also has a well-meaning oaf for a partner. However, when a series of grisly accidents rocks Sandford, Angel smells something rotten in the idyllic village.",7.6378,2007-02-14,7.562,8258,2007,2000
"[18, 53]",340666,Nocturnal Animals,en,Nocturnal Animals,"Susan Morrow receives a book manuscript from her ex-husband – a man she left 20 years earlier – asking for her opinion of his writing. As she reads, she is drawn into the fictional life of Tony Hastings, a mathematics professor whose family vacation turns violent.",5.5605,2016-11-04,7.414,8253,2016,2010
"[80, 18, 28]",949,Heat,en,Heat,Obsessive master thief Neil McCauley leads a top-notch crew on various daring heists throughout Los Angeles while determined detective Vincent Hanna pursues him without rest. Each man recognizes and respects the ability and the dedication of the other even though they are aware their cat-and-mouse game may end in violence.,18.5688,1995-12-15,7.931,8248,1995,1990
"[10749, 35, 80]",256591,Focus,en,Focus,"Nicky, an accomplished con artist, gets romantically involved with his disciple Jess but later ends their relationship. Years later, she returns as a femme fatale to spoil his plans.",7.5339,2015-02-25,6.868,8243,2015,2010
"[35, 10749]",2105,American Pie,en,American Pie,"At a high-school party, four friends find that losing their collective virginity isn't as easy as they had thought. But they still believe that they need to do so before college. To motivate themselves, they enter a pact to all ""score"" by their senior prom.",17.189,1999-07-09,6.6,8237,1999,1990
"[53, 12, 28]",27578,The Expendables,en,The Expendables,"Barney Ross leads a band of highly skilled mercenaries including knife enthusiast Lee Christmas, a martial arts expert Yin Yang, heavy weapons specialist Hale Caesar, demolitionist Toll Road, and a loose-cannon sniper Gunner Jensen. When the group is commissioned by the mysterious Mr. Church to assassinate the dictator of a small South American island, Barney and Lee visit the remote locale to scout out their opposition and discover the true nature of the conflict engulfing the city.",11.4666,2010-08-07,6.252,8236,2010,2010
"[10751, 35, 14]",8871,How the Grinch Stole Christmas,en,How the Grinch Stole Christmas,The Grinch decides to rob Whoville of Christmas - but a dash of kindness from little Cindy Lou Who and her family may be enough to melt his heart...,8.1731,2000-11-17,6.778,8230,2000,2000
"[28, 53]",615457,Nobody,en,Nobody,"Hutch Mansell, a suburban dad, overlooked husband, nothing neighbor — a ""nobody."" When two thieves break into his home one night, Hutch's unknown long-simmering rage is ignited and propels him on a brutal path that will uncover dark secrets he fought to leave behind.",15.6248,2021-03-18,7.881,8227,2021,2020
"[10751, 18]",406997,Wonder,en,Wonder,"The story of August Pullman – a boy with facial differences – who enters fifth grade, attending a mainstream elementary school for the first time.",8.666,2017-11-13,8.107,8222,2017,2010
"[12, 14, 18]",58595,Snow White and the Huntsman,en,Snow White and the Huntsman,"After the Evil Queen marries the King, she performs a violent coup in which the King is murdered and his daughter, Snow White, is taken captive. Almost a decade later, a grown Snow White is still in the clutches of the Queen. In order to obtain immortality, The Evil Queen needs the heart of Snow White. After Snow escapes the castle, the Queen sends the Huntsman to find her in the Dark Forest.",6.8748,2012-05-30,5.987,8195,2012,2010
"[878, 12, 28]",447365,Guardians of the Galaxy Vol. 3,en,Guardians of the Galaxy Vol. 3,"Peter Quill, still reeling from the loss of Gamora, must rally his team around him to defend the universe along with protecting one of their own. A mission that, if not completed successfully, could quite possibly lead to the end of the Guardians as we know them.",18.0609,2023-05-03,7.923,8191,2023,2020
"[12, 35, 18, 14]",116745,The Secret Life of Walter Mitty,en,The Secret Life of Walter Mitty,A timid magazine photo manager who lives life vicariously through daydreams embarks on a true-life adventure when a negative goes missing.,7.5298,2013-12-18,7.218,8187,2013,2010
"[878, 53]",1954,The Butterfly Effect,en,The Butterfly Effect,"A young man struggles to access sublimated childhood memories. He finds a technique that allows him to travel back into the past, to occupy his childhood body and change history. However, he soon finds that every change he makes has unexpected consequences.",9.1904,2004-01-17,7.575,8162,2004,2000
"[28, 878, 27]",345940,The Meg,en,The Meg,"A deep sea submersible pilot revisits his past fears in the Mariana Trench, and accidentally unleashes the seventy foot ancestor of the Great White Shark believed to be extinct.",11.8781,2018-08-09,6.247,8141,2018,2010
"[18, 80]",598,City of God,pt,Cidade de Deus,"In the poverty-stricken favelas of Rio de Janeiro in the 1970s, two young men choose different paths. Rocket is a budding photographer who documents the increasing drug-related violence of his neighborhood, while José “Zé” Pequeno is an ambitious drug dealer diving into a dangerous life of crime.",13.536,2002-08-30,8.429,8111,2002,2000
"[28, 18, 53]",2502,The Bourne Supremacy,en,The Bourne Supremacy,"A CIA operation to purchase classified Russian documents is blown by a rival agent, who then shows up in the sleepy seaside village where Bourne and Marie have been living. The pair run for their lives and Bourne, who promised retaliation should anyone from his former life attempt contact, is forced to once again take up his life as a trained assassin to survive.",8.7019,2004-07-23,7.327,8088,2004,2000
"[28, 80, 53]",584,2 Fast 2 Furious,en,2 Fast 2 Furious,"It's a major double-cross when former police officer Brian O'Conner teams up with his ex-con buddy Roman Pearce to transport a shipment of ""dirty"" money for shady Miami-based import-export dealer Carter Verone. But the guys are actually working with undercover agent Monica Fuentes to bring Verone down.",1.8988,2003-06-05,6.517,8082,2003,2000
"[28, 12, 878]",121856,Assassin's Creed,en,Assassin's Creed,"Through a technology that unlocks the genetic memories of his ancestor in 15th century Spain, Callum Lynch discovers he is a descendant of an ancient line of Assassins and amasses lethal skills to take on the oppressive Templar Order.",4.2982,2016-12-21,5.433,8079,2016,2010
"[16, 35, 12, 10751]",57800,Ice Age: Continental Drift,en,Ice Age: Continental Drift,"Manny, Diego, and Sid embark upon another adventure after their continent is set adrift. Using an iceberg as a ship, they encounter sea creatures and battle pirates as they explore a new world.",11.9527,2012-06-27,6.383,8061,2012,2010
"[80, 35, 18, 36]",487558,BlacKkKlansman,en,BlacKkKlansman,"Colorado Springs, late 1970s. Ron Stallworth, an African American police officer, and Flip Zimmerman, his Jewish colleague, run an undercover operation to infiltrate the Ku Klux Klan.",5.8833,2018-08-09,7.49,8055,2018,2010
"[16, 10751, 12, 878, 35]",404368,Ralph Breaks the Internet,en,Ralph Breaks the Internet,"Video game bad guy Ralph and fellow misfit Vanellope von Schweetz must risk it all by traveling to the World Wide Web in search of a replacement part to save Vanellope's video game, Sugar Rush. In way over their heads, Ralph and Vanellope rely on the citizens of the internet — the netizens — to help navigate their way, including an entrepreneur named Yesss, who is the head algorithm and the heart and soul of trend-making site BuzzzTube.",20.1806,2018-11-20,7.16,8049,2018,2010
"[12, 18, 53]",44115,127 Hours,en,127 Hours,The true story of mountain climber Aron Ralston's remarkable adventure to save himself after a fallen boulder crashes on his arm and traps him in an isolated canyon in Utah.,7.2101,2010-11-12,7.087,8040,2010,2010
"[18, 35, 10749]",153,Lost in Translation,en,Lost in Translation,"Two lost souls visiting Tokyo -- the young, neglected wife of a photographer and a washed-up movie star shooting a TV commercial -- find an odd solace and pensive freedom to be real in each other's company, away from their lives in America.",8.0008,2003-09-18,7.382,8025,2003,2000
"[27, 9648]",458723,Us,en,Us,"Husband and wife Gabe and Adelaide Wilson take their kids to their beach house expecting to unplug and unwind with friends. But as night descends, their serenity turns to tension and chaos when some shocking visitors arrive uninvited.",7.8462,2019-03-14,6.951,8005,2019,2010
[35],8363,Superbad,en,Superbad,Two co-dependent high school seniors are forced to deal with separation anxiety after their plan to stage a booze-soaked party goes awry.,11.5204,2007-08-17,7.26,8001,2007,2000
"[28, 35, 878]",257344,Pixels,en,Pixels,Video game experts are recruited by the military to fight 1980s-era video game characters who've attacked New York.,10.9474,2015-07-16,5.8,7995,2015,2010
"[27, 18, 9648]",530385,Midsommar,en,Midsommar,"Several friends travel to Sweden to study as anthropologists a summer festival that is held every ninety years in the remote hometown of one of them. What begins as a dream vacation in a place where the sun never sets, gradually turns into a dark nightmare as the mysterious inhabitants invite them to participate in their disturbing festive activities.",12.3482,2019-07-03,7.151,7989,2019,2010
"[14, 16, 10751]",408,Snow White and the Seven Dwarfs,en,Snow White and the Seven Dwarfs,"A beautiful girl, Snow White, takes refuge in the forest in the house of seven dwarfs to hide from her stepmother, the wicked Queen. The Queen is jealous because she wants to be known as ""the fairest in the land,"" and Snow White's beauty surpasses her own.",10.7873,1938-01-14,7.122,7952,1938,1930
"[12, 878, 28]",339964,Valerian and the City of a Thousand Planets,en,Valerian and the City of a Thousand Planets,"In the 28th century, Valerian and Laureline are special operatives charged with keeping order throughout the human territories. On assignment from the Minister of Defense, the two undertake a mission to Alpha, an ever-expanding metropolis where species from across the universe have converged over centuries to share knowledge, intelligence, and cultures. At the center of Alpha is a mysterious dark force which threatens the peaceful existence of the City of a Thousand Planets, and Valerian and Laureline must race to identify the menace and safeguard not just Alpha, but the future of the universe.",8.5524,2017-07-19,6.633,7937,2017,2010
"[14, 28, 27]",561,Constantine,en,Constantine,"John Constantine has literally been to Hell and back. When he teams up with a policewoman to solve the mysterious suicide of her twin sister, their investigation takes them through the world of demons and angels that exists beneath the landscape of contemporary Los Angeles.",12.8675,2005-02-08,7.122,7936,2005,2000
"[35, 14]",214756,Ted 2,en,Ted 2,"Newlywed couple Ted and Tami-Lynn want to have a baby, but in order to qualify to be a parent, Ted will have to prove he's a person in a court of law.",27.9789,2015-06-25,6.316,7932,2015,2010
"[27, 53, 80]",300669,Don't Breathe,en,Don't Breathe,A group of teens break into a blind man's home thinking they'll get away with the perfect crime. They're wrong.,6.7464,2016-06-08,7.014,7914,2016,2010
"[18, 10749]",341174,Fifty Shades Darker,en,Fifty Shades Darker,"When a wounded Christian Grey tries to entice a cautious Ana Steele back into his life, she demands a new arrangement before she will give him another chance. As the two begin to build trust and find stability, shadowy figures from Christian’s past start to circle the couple, determined to destroy their hopes for a future together.",8.556,2017-02-08,6.472,7912,2017,2010
[18],312221,Creed,en,Creed,"The former World Heavyweight Champion Rocky Balboa serves as a trainer and mentor to Adonis Johnson, the son of his late friend and former rival Apollo Creed.",8.7805,2015-11-25,7.403,7907,2015,2010
"[35, 12, 14, 16, 10751]",10192,Shrek Forever After,en,Shrek Forever After,"A midlife-crisis burdened Shrek, longing for the days when he felt like a real ogre, makes a pact with magic deal-maker Rumpelstiltskin. But when he's duped and sent to a twisted version of Far Far Away—where Rumpelstiltskin is king, ogres are hunted, and he and Fiona have never met—he sets out to restore his world and reclaim his true love.",12.4628,2010-05-20,6.393,7891,2010,2010
"[27, 878, 9648]",395992,Life,en,Life,"The six-member crew of the International Space Station is tasked with studying a sample from Mars that may be the first proof of extra-terrestrial life, which proves more intelligent than ever expected.",8.591,2017-03-22,6.452,7883,2017,2010
"[16, 10751, 14, 12, 35, 10749]",11970,Hercules,en,Hercules,"Bestowed with superhuman strength, a young mortal named Hercules sets out to prove himself a hero in the eyes of his father, the great god Zeus. Along with his friends Pegasus, a flying horse, and Phil, a personal trainer, Hercules is tricked by the hilarious, hotheaded villain Hades, who's plotting to take over Mount Olympus!",11.9335,1997-06-13,7.5,7876,1997,1990
"[80, 27, 9648]",4232,Scream,en,Scream,"A year after the murder of her mother, a teenage girl is terrorized by a masked killer who targets her and her friends by using scary movies as part of a deadly game.",17.0438,1996-12-20,7.429,7865,1996,1990
"[12, 28, 878]",20526,TRON: Legacy,en,TRON: Legacy,"Sam Flynn, the tech-savvy and daring son of Kevin Flynn, investigates his father's disappearance and is pulled into The Grid. With the help of a mysterious program named Quorra, Sam quests to stop evil dictator Clu from crossing into the real world.",9.7769,2010-12-14,6.539,7859,2010,2010
"[28, 12, 878]",545611,Everything Everywhere All at Once,en,Everything Everywhere All at Once,"An aging Chinese immigrant is swept up in an insane adventure, where she alone can save what's important to her by connecting with the lives she could have led in other universes.",14.5715,2022-03-24,7.719,7843,2022,2020
"[27, 9648, 878]",1091,The Thing,en,The Thing,A research team in Antarctica is hunted by a shape-shifting alien that assumes the appearance of its victims.,13.9122,1982-06-25,8.069,7841,1982,1980
"[53, 80]",163,Ocean's Twelve,en,Ocean's Twelve,"Despite pulling off one of the biggest heists in Las Vegas history and splitting the $160 million take, each of the infamous Ocean's crew have tried to go straight, lay low and live a legit life... but that's proven to be a challenge. Casino owner Terry Benedict demands that Danny Ocean return the money, plus millions more in interest. Unable to come up the cash, the crew is forced to come together to pull off another series of heists, this time in Rome, Paris, and Amsterdam – but a Europol agent is hot on their heels.",8.2607,2004-12-09,6.565,7835,2004,2000
"[28, 53, 80]",603692,John Wick: Chapter 4,en,John Wick: Chapter 4,"With the price on his head ever increasing, John Wick uncovers a path to defeating The High Table. But before he can earn his freedom, Wick must face off against a new enemy with powerful alliances across the globe and forces that turn old friends into foes.",18.8988,2023-03-21,7.706,7835,2023,2020
"[16, 10751, 35]",49444,Kung Fu Panda 2,en,Kung Fu Panda 2,"Po is finally living the dream as the Dragon Warrior—until a shadow from his past comes roaring back. When the ruthless peacock Lord Shen unleashes a devastating new weapon used to wipe out kung fu masters across the land, Po and the Furious Five race across China to put an end to his plans. But if Po is to have any hope of stopping him, he must first confront the truth of his origins—and find inner peace before his past tears him apart.",10.6571,2011-05-25,7.059,7827,2011,2010
"[878, 12]",693134,Dune: Part Two,en,Dune: Part Two,"Follow the mythic journey of Paul Atreides as he unites with Chani and the Fremen while on a path of revenge against the conspirators who destroyed his family. Facing a choice between the love of his life and the fate of the known universe, Paul endeavors to prevent a terrible future only he can foresee.",22.7822,2024-02-27,8.128,7799,2024,2020
"[35, 18]",773,Little Miss Sunshine,en,Little Miss Sunshine,"A family loaded with quirky, colorful characters piles into an old van and road trips to California for little Olive to compete in a beauty pageant.",6.0471,2006-07-26,7.69,7789,2006,2000
"[12, 28, 53, 878]",331,Jurassic Park III,en,Jurassic Park III,"In need of funds for research, Dr. Alan Grant accepts a large sum of money to accompany Paul and Amanda Kirby on an aerial tour of the infamous Isla Sorna. It isn't long before all hell breaks loose and the stranded wayfarers must fight for survival as a host of new -- and even more deadly -- dinosaurs try to make snacks of them.",0.4086,2001-07-18,6.171,7788,2001,2000
"[12, 14, 10751]",32657,Percy Jackson & the Olympians: The Lightning Thief,en,Percy Jackson & the Olympians: The Lightning Thief,"Accident prone teenager, Percy discovers he's actually a demi-God, the son of Poseidon, and he is needed when Zeus' lightning is stolen. Percy must master his new found skills in order to prevent a war between the Gods that could devastate the entire world.",10.1475,2010-02-01,6.212,7784,2010,2010
"[878, 53, 28]",9693,Children of Men,en,Children of Men,"In 2027, in a chaotic world in which humans can no longer procreate, a former activist agrees to help transport a miraculously pregnant woman to a sanctuary at sea, where her child's birth may help scientists save the future of humankind.",8.0595,2006-09-22,7.6,7779,2006,2000
"[18, 28]",96721,Rush,en,Rush,"In the 1970s, a rivalry propels race car drivers Niki Lauda and James Hunt to fame and glory — until a horrible accident threatens to end it all.",8.3068,2013-09-02,7.735,7768,2013,2010
"[18, 10402]",65,8 Mile,en,8 Mile,"For Jimmy Smith, Jr., life is a daily fight just to keep hope alive. Feeding his dreams in Detroit's vibrant music scene, Jimmy wages an extraordinary personal struggle to find his own voice - and earn a place in a world where rhymes rule, legends are born and every moment… is another chance.",7.7827,2002-11-08,7.141,7765,2002,2000
"[18, 878, 53]",619264,The Platform,es,El hoyo,"A slab of food descends down a vertical facility. The residents above eat heartily, leaving those below starving and desperate. A rebellion is imminent.",5.3316,2019-11-08,6.969,7757,2019,2010
"[28, 80, 53]",13804,Fast & Furious,en,Fast & Furious,"When a crime brings them back to L.A., fugitive ex-con Dom Toretto reignites his feud with agent Brian O'Conner. But as they are forced to confront a shared enemy, Dom and Brian must give in to an uncertain new trust if they hope to outmaneuver him. And the two men will find the best way to get revenge: push the limits of what's possible behind the wheel.",1.4913,2009-04-02,6.69,7747,2009,2000
"[28, 53, 878]",7191,Cloverfield,en,Cloverfield,"Five young New Yorkers throw their friend a going-away party the night that a monster the size of a skyscraper descends upon the city. Told from the point of view of their video camera, the film is a document of their attempt to survive the most surreal, horrifying event of their lives.",8.4855,2008-01-15,6.7,7722,2008,2000
"[12, 14, 18]",587,Big Fish,en,Big Fish,"Throughout his life Edward Bloom has always been a man of big appetites, enormous passions and tall tales. In his later years, he remains a huge mystery to his son, William. Now, to get to know the real man, Will begins piecing together a true picture of his father from flashbacks of his amazing adventures.",9.6805,2003-12-10,7.757,7715,2003,2000
"[28, 12, 35]",384018,Fast & Furious Presents: Hobbs & Shaw,en,Fast & Furious Presents: Hobbs & Shaw,"Ever since US Diplomatic Security Service Agent Hobbs and lawless outcast Shaw first faced off, they just have traded smack talk and body blows. But when cyber-genetically enhanced anarchist Brixton's ruthless actions threaten the future of humanity, they join forces to defeat him.",11.4091,2019-07-31,6.832,7702,2019,2010
"[14, 35, 10749]",59436,Midnight in Paris,en,Midnight in Paris,"While on a trip to Paris with his fiancée's family, a nostalgic screenwriter finds himself mysteriously going back to the 1920s every day at midnight.",5.9949,2011-05-11,7.5,7702,2011,2010
"[18, 80]",168672,American Hustle,en,American Hustle,"A conman and his seductive partner are forced to work for a wild FBI agent, who pushes them into a world of Jersey power-brokers and the Mafia.",6.4704,2013-12-03,6.855,7696,2013,2010
"[12, 16, 35, 14]",223702,Sausage Party,en,Sausage Party,Hot dog Frank leads a group of supermarket products on a quest to discover the truth about their existence and what really happens when they become chosen to leave the grocery store.,6.5479,2016-07-11,5.753,7683,2016,2010
[35],4247,Scary Movie,en,Scary Movie,"A familiar-looking group of teenagers find themselves being stalked by a more-than-vaguely recognizable masked killer! As the victims begin to pile up and the laughs pile on, none of your favorite scary movies escape the razor-sharp satire of this outrageously funny parody!",15.5525,2000-07-07,6.389,7683,2000,2000
"[35, 10749]",1824,50 First Dates,en,50 First Dates,"Henry is a player skilled at seducing women. But when this veterinarian meets Lucy, a girl with a quirky problem when it comes to total recall, he realizes it's possible to fall in love all over again…and again, and again. That's because the delightful Lucy has no short-term memory, so Henry must woo her day after day until he finally sweeps her off her feet.",8.5284,2004-02-13,6.871,7672,2004,2000
"[18, 36]",363676,Sully,en,Sully,"On 15 January 2009, the world witnessed the 'Miracle on the Hudson' when Captain 'Sully' Sullenberger glided his disabled plane onto the Hudson River, saving the lives of all 155 souls aboard. However, even as Sully was being heralded by the public and the media for his unprecedented feat of aviation skill, an investigation was unfolding that threatened to destroy his reputation and career.",7.1215,2016-09-07,7.201,7670,2016,2010
"[28, 12, 80]",385128,F9,en,F9,Dominic Toretto and his crew battle the most skilled assassin and high-performance driver they've ever encountered: his forsaken brother.,7.002,2021-05-19,7.01,7656,2021,2020
"[53, 28, 878]",766507,Prey,en,Prey,"When danger threatens her camp, the fierce and highly skilled Comanche warrior Naru sets out to protect her people. But the prey she stalks turns out to be a highly evolved alien predator with a technically advanced arsenal.",17.9064,2022-08-02,7.66,7633,2022,2020
"[10749, 35]",621,Grease,en,Grease,"Australian good girl Sandy and greaser Danny fell in love over the summer. But when they unexpectedly discover they're now in the same high school, will they be able to rekindle their romance despite their eccentric friends?",12.5134,1978-06-16,7.371,7631,1978,1970
"[12, 18, 10751]",44826,Hugo,en,Hugo,"Orphaned and alone except for an uncle, Hugo Cabret lives in the walls of a train station in 1930s Paris. Hugo's job is to oil and maintain the station's clocks, but to him, his more important task is to protect a broken automaton and notebook left to him by his late father. Accompanied by the goddaughter of an embittered toy merchant, Hugo embarks on a quest to solve the mystery of the automaton and find a place he can call home.",6.0657,2011-11-22,7.174,7623,2011,2010
"[18, 10752, 36]",14574,The Boy in the Striped Pyjamas,en,The Boy in the Striped Pyjamas,"When his family moves from their home in Berlin to a strange new house in Poland, young Bruno befriends Shmuel, a boy who lives on the other side of the fence where everyone seems to be wearing striped pajamas. Unaware of Shmuel's fate as a Jewish prisoner or the role his own Nazi father plays in his imprisonment, Bruno embarks on a dangerous journey inside the camp's walls.",12.8749,2008-05-07,7.8,7613,2008,2000
"[12, 28, 53, 878]",44912,Green Lantern,en,Green Lantern,"For centuries, a small but powerful force of warriors called the Green Lantern Corps has sworn to keep intergalactic order. Each Green Lantern wears a ring that grants him superpowers. But when a new enemy called Parallax threatens to destroy the balance of power in the Universe, their fate and the fate of Earth lie in the hands of the first human ever recruited.",7.5826,2011-06-14,5.181,7612,2011,2010
"[12, 28, 14]",1734,The Mummy Returns,en,The Mummy Returns,"Rick and Evelyn O’Connell, along with their 8-year-old son Alex, discover the key to the legendary Scorpion King’s might: the fabled Bracelet of Anubis. Unfortunately, a newly resurrected Imhotep has designs on the bracelet as well, and isn’t above kidnapping its new bearer, Alex, to gain control of Anubis’s otherworldly army.",16.682,2001-05-04,6.397,7604,2001,2000
"[28, 16, 35, 10751, 12]",324852,Despicable Me 3,en,Despicable Me 3,Gru and his wife Lucy must stop former '80s child star Balthazar Bratt from achieving world domination.,7.4083,2017-06-15,6.466,7599,2017,2010
"[14, 53, 28, 12, 27]",282035,The Mummy,en,The Mummy,"Though safely entombed in a crypt deep beneath the unforgiving desert, an ancient queen whose destiny was unjustly taken from her is awakened in our current day, bringing with her malevolence grown over millennia, and terrors that defy human comprehension.",10.7033,2017-06-06,5.517,7595,2017,2010
"[35, 18, 10749]",7326,Juno,en,Juno,"Faced with an unplanned pregnancy, sixteen year old high-schooler, Juno MacGuff, makes an unusual decision regarding her unborn child.",6.5621,2007-12-05,7.058,7593,2007,2000
[27],310131,The Witch,en,The Witch,"In 1630, a farmer relocates his family to a remote plot of land on the edge of a forest where strange, unsettling things happen. With suspicion and paranoia mounting, each family member's faith, loyalty and love are tested in shocking ways.",9.7729,2016-02-19,6.999,7589,2016,2010
"[35, 14]",62213,Dark Shadows,en,Dark Shadows,Vampire Barnabas Collins is inadvertently freed from his tomb and emerges into the very changed world of 1972. He returns to Collinwood Manor to find that his once-grand estate and family have fallen into ruin.,9.3894,2012-05-09,6.097,7579,2012,2010
"[80, 18, 53, 28]",75780,Jack Reacher,en,Jack Reacher,"One morning in an ordinary town, five people are shot dead in a seemingly random attack. All evidence points to a single suspect: an ex-military sniper who is quickly brought into custody. The interrogation yields one written note: 'Get Jack Reacher!'. Reacher, an enigmatic ex-Army investigator, believes the authorities have the right man but agrees to help the sniper's defense attorney. However, the more Reacher delves into the case, the less clear-cut it appears. So begins an extraordinary chase for the truth, pitting Jack Reacher against an unexpected enemy, with a skill for violence and a secret to keep.",10.9116,2012-12-20,6.659,7574,2012,2010
"[12, 28, 53]",956,Mission: Impossible III,en,Mission: Impossible III,"Retired from active duty, and training recruits for the Impossible Mission Force, agent Ethan Hunt faces the toughest foe of his career: Owen Davian, an international broker of arms and information, who's as cunning as he is ruthless. Davian emerges to threaten Hunt and all that he holds dear – including the woman Hunt loves.",9.326,2006-04-25,6.762,7559,2006,2000
"[28, 80, 18, 53]",9615,The Fast and the Furious: Tokyo Drift,en,The Fast and the Furious: Tokyo Drift,"In order to avoid a jail sentence, Sean Boswell heads to Tokyo to live with his military father. In a low-rent section of the city, Sean gets caught up in the underground world of drift racing",2.7089,2006-06-03,6.541,7547,2006,2000
"[53, 80, 9648]",65754,The Girl with the Dragon Tattoo,en,The Girl with the Dragon Tattoo,"Disgraced journalist Mikael Blomkvist investigates the disappearance of a weary patriarch's niece from 40 years ago. He is aided by the pierced, tattooed, punk computer hacker named Lisbeth Salander. As they work together in the investigation, Blomkvist and Salander uncover immense corruption beyond anything they have ever imagined.",7.8392,2011-12-14,7.383,7544,2011,2010
"[28, 53, 80]",8909,Wanted,en,Wanted,"Doormat Wesley Gibson is an office worker whose life is going nowhere. He meets an attractive woman named Fox and discovers that his recently murdered father - whom Wesley never knew - belonged to the Fraternity, a secret society of assassins which takes its orders from Fate itself. Fox and Sloan, the Fraternity's leader, teach Wesley, through intense training, to tap into dormant powers and hone his innate killing skills. Though he enjoys his newfound abilities, he begins to suspect that there is more to the Fraternity than meets the eye.",9.4729,2008-06-19,6.529,7541,2008,2000
"[35, 18, 14]",9339,Click,en,Click,"A married workaholic, Michael Newman doesn't have time for his wife and children, not if he's to impress his ungrateful boss and earn a well-deserved promotion. So when he meets Morty, a loopy sales clerk, he gets the answer to his prayers: a magical remote that allows him to bypass life's little distractions with increasingly hysterical results.",7.862,2006-06-23,6.303,7509,2006,2000
"[12, 28, 53]",955,Mission: Impossible II,en,Mission: Impossible II,"With computer genius Luther Stickell at his side and a beautiful thief on his mind, agent Ethan Hunt races across Australia and Spain to stop a former IMF agent from unleashing a genetically engineered biological weapon called Chimera. This mission, should Hunt choose to accept it, plunges him into the center of an international crisis of terrifying magnitude.",9.9423,2000-05-24,6.143,7510,2000,2000
"[18, 10749]",142,Brokeback Mountain,en,Brokeback Mountain,"In 1960s Wyoming, two men develop a strong emotional and sexual relationship that endures as a lifelong connection complicating their lives as they get married and start families of their own.",9.3782,2005-10-22,7.784,7501,2005,2000
"[16, 12, 10751, 35]",49519,The Croods,en,The Croods,"The prehistoric Croods family live in a particularly dangerous moment in time. Patriarch Grug, his mate Ugga, teenage daughter Eep, son Thunk, and feisty Gran gather food by day and huddle together in a cave at night. When a more evolved caveman named Guy arrives on the scene, Grug is distrustful, but it soon becomes apparent that Guy is correct about the impending destruction of their world.",10.4487,2013-03-15,6.934,7493,2013,2010
[18],376867,Moonlight,en,Moonlight,"The tender, heartbreaking story of a young man’s struggle to find himself, told across three defining chapters in his life as he experiences the ecstasy, pain, and beauty of falling in love, while grappling with his own sexuality.",8.4215,2016-10-21,7.356,7489,2016,2010
"[18, 878]",83542,Cloud Atlas,en,Cloud Atlas,"A set of six nested stories spanning time between the 19th century and a distant post-apocalyptic future. Cloud Atlas explores how the actions and consequences of individual lives impact one another throughout the past, the present and the future. Action, mystery and romance weave through the story as one soul is shaped from a killer into a hero and a single act of kindness ripples across centuries to inspire a revolution in the distant future.  Based on the award winning novel by David Mitchell. Directed by Tom Tykwer and the Wachowskis.",7.3428,2012-10-26,6.892,7476,2012,2010
"[18, 28, 10752]",616,The Last Samurai,en,The Last Samurai,"Nathan Algren is an American hired to instruct the Japanese army in the ways of modern warfare, which finds him learning to respect the samurai and the honorable principles that rule them. Pressed to destroy the samurai's way of life in the name of modernization and open trade, Algren decides to become an ultimate warrior himself and to fight for their right to exist.",10.6738,2003-12-05,7.601,7472,2003,2000
"[28, 12, 878]",427641,Rampage,en,Rampage,"Primatologist Davis Okoye shares an unshakable bond with George, the extraordinarily intelligent, silverback gorilla who has been in his care since birth.  But a rogue genetic experiment gone awry mutates this gentle ape into a raging creature of enormous size.  To make matters worse, it’s soon discovered there are other similarly altered animals.  As these newly created alpha predators tear across North America, destroying everything in their path, Okoye teams with a discredited genetic engineer to secure an antidote, fighting his way through an ever-changing battlefield, not only to halt a global catastrophe but to save the fearsome creature that was once his friend.",10.4104,2018-04-11,6.448,7461,2018,2010
"[80, 18, 36]",398978,The Irishman,en,The Irishman,"Pennsylvania, 1956. Frank Sheeran, a war veteran of Irish origin who works as a truck driver, accidentally meets mobster Russell Bufalino. Once Frank becomes his trusted man, Bufalino sends him to Chicago with the task of helping Jimmy Hoffa, a powerful union leader related to organized crime, with whom Frank will maintain a close friendship for nearly twenty years.",8.7704,2019-11-01,7.575,7452,2019,2010
"[10749, 35]",454983,The Kissing Booth,en,The Kissing Booth,"When teenager Elle's first kiss leads to a forbidden romance with the hottest boy in high school, she risks her relationship with her best friend.",8.588,2018-05-11,7.164,7432,2018,2010
"[28, 18, 53]",109424,Captain Phillips,en,Captain Phillips,"The true story of Captain Richard Phillips and the 2009 hijacking by Somali pirates of the US-flagged MV Maersk Alabama, the first American cargo ship to be hijacked in two hundred years.",6.5118,2013-10-10,7.539,7432,2013,2010
"[16, 35, 10751]",295693,The Boss Baby,en,The Boss Baby,"A story about how a new baby's arrival impacts a family, told from the point of view of a delightfully unreliable narrator, a wildly imaginative 7 year old named Tim.",3.572,2017-03-23,6.452,7430,2017,2010
"[28, 35, 53]",718930,Bullet Train,en,Bullet Train,"Unlucky assassin Ladybug is determined to do his job peacefully after one too many gigs gone off the rails. Fate, however, may have other plans, as Ladybug's latest mission puts him on a collision course with lethal adversaries from around the globe—all with connected, yet conflicting, objectives—on the world's fastest train.",12.7356,2022-08-03,7.412,7419,2022,2020
"[16, 28, 35, 10751, 878]",38055,Megamind,en,Megamind,"After Megamind, a highly intelligent alien supervillain, defeats his long-time nemesis Metro Man, Megamind creates a new hero to fight, but must act to save the city when his ""creation"" becomes an even worse villain than he was.",10.3782,2010-10-28,7.022,7417,2010,2010
"[35, 10749, 18]",18240,The Proposal,en,The Proposal,"When she learns she's in danger of losing her visa status and being deported, overbearing book editor Margaret Tate forces her put-upon assistant, Andrew Paxton, to marry her.",16.8467,2009-06-02,7.143,7399,2009,2000
"[28, 12, 878]",505642,Black Panther: Wakanda Forever,en,Black Panther: Wakanda Forever,"Queen Ramonda, Shuri, M’Baku, Okoye and the Dora Milaje fight to protect their nation from intervening world powers in the wake of King T’Challa’s death.  As the Wakandans strive to embrace their next chapter, the heroes must band together with the help of War Dog Nakia and Everett Ross and forge a new path for the kingdom of Wakanda.",13.9245,2022-11-09,7.006,7394,2022,2020
"[53, 80, 18, 9648]",322,Mystic River,en,Mystic River,The lives of three men who were childhood friends are shattered when one of them suffers a family tragedy.,9.8845,2003-10-08,7.743,7391,2003,2000
"[12, 16, 35, 10751]",10527,Madagascar: Escape 2 Africa,en,Madagascar: Escape 2 Africa,"Alex, Marty, and other zoo animals find a way to escape from Madagascar when the penguins reassemble a wrecked airplane. The precariously repaired craft stays airborne just long enough to make it to the African continent. There the New Yorkers encounter members of their own species for the first time. Africa proves to be a wild place, but Alex and company wonder if it is better than their Central Park home.",10.0209,2008-10-30,6.523,7381,2008,2000
"[14, 28]",1487,Hellboy,en,Hellboy,"In the final days of World War II, the Nazis attempt to use black magic to aid their dying cause. The Allies raid the camp where the ceremony is taking place, but not before they summon a baby demon who is rescued by Allied forces and dubbed ""Hellboy"". Sixty years later, Hellboy serves the cause of good rather than evil as an agent in the Bureau of Paranormal Research & Defense, along with Abe Sapien - a merman with psychic powers, and Liz Sherman - a woman with pyrokinesis, protecting America against dark forces.",6.6285,2004-04-02,6.674,7374,2004,2000
[18],492188,Marriage Story,en,Marriage Story,"A stage director and an actress struggle through a grueling, coast-to-coast divorce that pushes them to their personal extremes.",5.2894,2019-09-28,7.733,7371,2019,2010
[18],7345,There Will Be Blood,en,There Will Be Blood,"Ruthless silver miner, turned oil prospector, Daniel Plainview, moves to oil-rich California. Using his son to project a trustworthy, family-man image, Plainview cons local landowners into selling him their valuable properties for a pittance. However, local preacher Eli Sunday suspects Plainview's motives and intentions, starting a slow-burning feud that threatens both their lives.",9.9157,2007-12-26,8.077,7365,2007,2000
"[10749, 14, 10751, 18]",150689,Cinderella,en,Cinderella,"When her father unexpectedly passes away, young Ella finds herself at the mercy of her cruel stepmother and her daughters. Never one to give up hope, Ella's fortunes begin to change after meeting a dashing stranger in the woods.",13.0679,2015-03-06,6.823,7363,2015,2010
"[35, 10749, 18]",508,Love Actually,en,Love Actually,Eight very different couples deal with their love lives in various loosely interrelated tales all set during a frantic month before Christmas in London.,7.6426,2003-09-07,7.095,7344,2003,2000
[35],37735,Easy A,en,Easy A,"Olive, an average high school student, sees her below-the-radar existence turn around overnight once she decides to use the school's gossip grapevine to advance her social standing. Now her classmates are turning against her and the school board is becoming concerned, including her favorite teacher and the distracted guidance counselor. With the support of her hilariously idiosyncratic parents and a little help from a long-time crush, Olive attempts to take on her notorious new identity and crush the rumor mill once and for all.",8.0802,2010-09-16,6.805,7333,2010,2010
"[35, 10749]",10201,Yes Man,en,Yes Man,"Carl Allen, a guy whose life is going nowhere, signs up for a self-help program based on one simple covenant: say yes to everything…and anything.",7.0031,2008-12-09,6.688,7333,2008,2000
"[12, 10751, 9648, 878]",158852,Tomorrowland,en,Tomorrowland,"Bound by a shared destiny, a bright, optimistic teen bursting with scientific curiosity and a former boy-genius inventor jaded by disillusionment embark on a danger-filled mission to unearth the secrets of an enigmatic place somewhere in time and space that exists in their collective memory as ""Tomorrowland.""",9.0483,2015-05-19,6.29,7325,2015,2010
"[14, 53, 9648, 27]",2668,Sleepy Hollow,en,Sleepy Hollow,"Skeptical young detective Ichabod Crane gets transferred to the hamlet of Sleepy Hollow, New York, where he is tasked with investigating the decapitations of three people – murders the townsfolk attribute to a legendary specter, The Headless Horseman.",8.2252,1999-11-19,7.188,7309,1999,1990
"[878, 53, 27]",520763,A Quiet Place Part II,en,A Quiet Place Part II,"Following the events at home, the Abbott family now face the terrors of the outside world. Forced to venture into the unknown, they realize that the creatures that hunt by sound are not the only threats that lurk beyond the sand path.",10.2417,2021-05-21,7.435,7308,2021,2020
"[28, 12, 14]",447404,Pokémon Detective Pikachu,en,Pokémon Detective Pikachu,"In a world where people collect pocket-size monsters (Pokémon) to do battle, a boy comes across an intelligent monster who seeks to be a detective.",7.9785,2019-05-03,6.906,7307,2019,2010
"[80, 53, 18]",302946,The Accountant,en,The Accountant,"As a math savant uncooks the books for a new client, the Treasury Department closes in on his activities and the body count starts to rise.",7.3172,2016-10-13,7.133,7284,2016,2010
"[16, 10751, 12]",37135,Tarzan,en,Tarzan,"Tarzan was a small orphan who was raised by an ape named Kala since he was a child. He believed that this was his family, but on an expedition Jane Porter is rescued by Tarzan. He then finds out that he's human. Now Tarzan must make the decision as to which family he should belong to...",10.731,1999-06-17,7.4,7277,1999,1990
"[53, 9648]",13448,Angels & Demons,en,Angels & Demons,"Harvard symbologist Robert Langdon is recruited by the Vatican to investigate the apparent return of the Illuminati – a secret, underground organization – after four cardinals are kidnapped on the night of the papal conclave.",9.0893,2009-04-20,6.718,7274,2009,2000
"[27, 53]",49018,Insidious,en,Insidious,"A family discovers that dark spirits have invaded their home after their son inexplicably falls into an endless sleep. When they reach out to a professional for help, they learn things are a lot more personal than they thought.",12.5626,2011-03-31,6.941,7264,2011,2010
"[18, 53, 9648]",2649,The Game,en,The Game,"In honor of his birthday, San Francisco banker Nicholas Van Orton, a financial genius and a cold-hearted loner, receives an unusual present from his younger brother, Conrad: a gift certificate to play a unique kind of game. In nary a nanosecond, Nicholas finds himself consumed by a dangerous set of ever-changing rules, unable to distinguish where the charade ends and reality begins.",8.5919,1997-09-12,7.57,7262,1997,1990
[35],257211,The Intern,en,The Intern,"70-year-old widower Ben Whittaker has discovered that retirement isn't all it's cracked up to be. Seizing an opportunity to get back in the game, he becomes a senior intern at an online fashion site, founded and run by Jules Ostin.",9.6186,2015-09-23,7.227,7261,2015,2010
"[12, 14, 28, 35, 10751]",18360,Night at the Museum: Battle of the Smithsonian,en,Night at the Museum: Battle of the Smithsonian,"Hapless museum night watchman Larry Daley must help his living, breathing exhibit friends out of a pickle now that they've been transferred to the archives at the Smithsonian Institution. Larry's (mis)adventures this time include close encounters with Amelia Earhart, Abe Lincoln and Ivan the Terrible.",5.9512,2009-05-20,6.153,7255,2009,2000
[35],195589,Neighbors,en,Neighbors,A couple with a newborn baby face unexpected difficulties after they are forced to live next to a fraternity house.,5.5643,2014-05-08,6.181,7244,2014,2010
"[12, 16, 35, 10751, 14]",11688,The Emperor's New Groove,en,The Emperor's New Groove,"When the self‑absorbed Emperor Kuzco is accidentally transformed into a llama, he must rely on a humble villager to survive the jungle and reclaim his throne.",12.5003,2000-12-15,7.6,7244,2000,2000
"[53, 18]",296098,Bridge of Spies,en,Bridge of Spies,"During the Cold War, the Soviet Union captures U.S. pilot Francis Gary Powers after shooting down his U-2 spy plane. Sentenced to 10 years in prison, Powers' only hope is New York lawyer James Donovan, recruited by a CIA operative to negotiate his release. Donovan boards a plane to Berlin, hoping to win the young man's freedom through a prisoner exchange. If all goes well, the Russians would get Rudolf Abel, the convicted spy who Donovan defended in court.",7.2602,2015-10-15,7.238,7242,2015,2010
"[16, 10751, 14, 12, 28]",527774,Raya and the Last Dragon,en,Raya and the Last Dragon,"Long ago, in the fantasy world of Kumandra, humans and dragons lived together in harmony. But when an evil force threatened the land, the dragons sacrificed themselves to save humanity. Now, 500 years later, that same evil has returned and it’s up to a lone warrior, Raya, to track down the legendary last dragon to restore the fractured land and its divided people.",10.5769,2021-03-03,7.801,7233,2021,2020
"[28, 12, 14]",68735,Warcraft,en,Warcraft,"The peaceful realm of Azeroth stands on the brink of war as its civilization faces a fearsome race of invaders: orc warriors fleeing their dying home to colonize another. As a portal opens to connect the two worlds, one army faces destruction and the other faces extinction. From opposing sides, two heroes are set on a collision course that will decide the fate of their family, their people, and their home.",8.1475,2016-05-25,6.399,7210,2016,2010
"[28, 53, 878]",296,Terminator 3: Rise of the Machines,en,Terminator 3: Rise of the Machines,"It's been 10 years since John Connor saved Earth from Judgment Day, and he's now living under the radar, steering clear of using anything Skynet can trace. That is, until he encounters T-X, a robotic assassin ordered to finish what T-1000 started. Good thing Connor's former nemesis, the Terminator, is back to aid the now-adult Connor … just like he promised.",11.1951,2003-07-02,6.187,7191,2003,2000
[18],11321,Seven Pounds,en,Seven Pounds,An IRS agent with a fateful secret embarks on an extraordinary journey of redemption by forever changing the lives of seven strangers.,4.4351,2008-12-18,7.601,7190,2008,2000
"[878, 18]",419704,Ad Astra,en,Ad Astra,"The near future, a time when both hope and hardships drive humanity to look to the stars and beyond. While a mysterious phenomenon menaces to destroy life on planet Earth, astronaut Roy McBride undertakes a mission across the immensity of space and its many perils to uncover the truth about a lost expedition that decades before boldly faced emptiness and silence in search of the unknown.",3.6434,2019-09-17,6.127,7178,2019,2010
"[35, 10749]",6957,The 40 Year Old Virgin,en,The 40 Year Old Virgin,"Andy Stitzer has a pleasant life with a nice apartment and a job stamping invoices at an electronics store. But at age 40, there's one thing Andy hasn't done, and it's really bothering his sex-obsessed male co-workers: Andy is still a virgin. Determined to help Andy get laid, the guys make it their mission to de-virginize him. But it all seems hopeless until Andy meets small business owner Trish, a single mom.",10.5371,2005-08-11,6.4,7166,2005,2000
"[18, 36, 80]",3131,Gangs of New York,en,Gangs of New York,"In early 1860s New York, Irish immigrant Amsterdam Vallon is released from prison and returns to the Five Points, seeking revenge against his father's killer, William Cutting, a powerful anti-immigrant gang leader. He knows that revenge can only be attained by infiltrating Cutting's inner circle. Vallon's journey becomes a fight for personal survival and to find a place for the Irish people.",8.1366,2002-12-14,7.3,7162,2002,2000
"[878, 28, 12, 35]",98566,Teenage Mutant Ninja Turtles,en,Teenage Mutant Ninja Turtles,"When a kingpin threatens New York City, a group of mutated turtle warriors must emerge from the shadows to protect their home.",9.7432,2014-08-07,5.928,7150,2014,2010
"[35, 80]",100,"Lock, Stock and Two Smoking Barrels",en,"Lock, Stock and Two Smoking Barrels",A card shark and his unwillingly-enlisted friends need to make a lot of cash quick after losing a sketchy poker match. To do this they decide to pull a heist on a small-time gang who happen to be operating out of the flat next door.,4.4095,1998-08-28,8.1,7146,1998,1990
[27],439079,The Nun,en,The Nun,A priest with a dark past and a novice nearing her final vows are sent by the Vatican to Romania to investigate a nun's death and face a demonic force.,11.1157,2018-09-05,5.902,7133,2018,2010
"[18, 10751]",28178,Hachi: A Dog's Tale,en,Hachi: A Dog's Tale,"Professor Wilson discovers a lost Akita puppy on his way home. Despite objections from his wife, Hachi endears himself to the family and grows to be Parker's loyal companion. As their bond grows deeper, a beautiful relationship unfolds.",9.4217,2009-06-08,8.0,7131,2009,2000
"[28, 12, 53]",76163,The Expendables 2,en,The Expendables 2,"Mr. Church reunites the Expendables for what should be an easy paycheck, but when one of their men is murdered on the job, their quest for revenge puts them deep in enemy territory and up against an unexpected threat.",7.9237,2012-08-08,6.354,7130,2012,2010
"[16, 12, 35, 10751]",46195,Rio,en,Rio,"Captured by smugglers when he was just a hatchling, a macaw named Blu never learned to fly and lives a happily domesticated life in Minnesota with his human friend, Linda. Blu is thought to be the last of his kind, but when word comes that Jewel, a lone female, lives in Rio de Janeiro, Blu and Linda go to meet her. Animal smugglers kidnap Blu and Jewel, but the pair soon escape and begin a perilous adventure back to freedom -- and Linda.",10.6653,2011-04-03,6.761,7130,2011,2010
"[12, 14, 28]",9543,Prince of Persia: The Sands of Time,en,Prince of Persia: The Sands of Time,"A rogue prince reluctantly joins forces with a mysterious princess and together, they race against dark forces to safeguard an ancient dagger capable of releasing the Sands of Time – gift from the gods that can reverse time and allow its possessor to rule the world.",7.2376,2010-05-19,6.296,7122,2010,2010
"[10751, 14, 16, 10749]",11224,Cinderella,en,Cinderella,"Cinderella has faith her dreams of a better life will come true. With help from her loyal mice friends and a wave of her Fairy Godmother's wand, Cinderella's rags are magically turned into a glorious gown and off she goes to the Royal Ball. But when the clock strikes midnight, the spell is broken, leaving a single glass slipper... the only key to the ultimate fairy-tale ending!",10.3109,1950-02-22,7.043,7108,1950,1950
"[16, 10751, 14, 28, 12]",81188,Rise of the Guardians,en,Rise of the Guardians,"When an evil spirit known as Pitch lays down the gauntlet to take over the world, the immortal Guardians must join forces for the first time to protect the hopes, beliefs and imagination of children all over the world.",9.1653,2012-11-21,7.372,7107,2012,2010
"[28, 12, 35, 80, 53]",39514,RED,en,RED,"After surviving an assault from a squad of hit men, retired CIA black ops agent Frank Moses reassembles his old team for an all-out war. Frank reunites with old Joe, crazy Marvin and wily Victoria to uncover a massive conspiracy that threatens their lives. Only their expert training will allow them to survive a near-impossible mission -- breaking into CIA headquarters.",9.0179,2010-10-13,6.706,7106,2010,2010
"[27, 9648, 53]",1933,The Others,en,The Others,"Grace is a religious woman who lives in an old house kept dark because her two children, Anne and Nicholas, have a rare sensitivity to light. When the family begins to suspect the house is haunted, Grace fights to protect her children at any cost in the face of strange events and disturbing visions.",9.0969,2001-08-02,7.617,7106,2001,2000
"[53, 9648, 18]",567,Rear Window,en,Rear Window,A wheelchair-bound photographer spies on his neighbors from his apartment window and becomes convinced one of them has committed murder.,10.02,1954-08-01,8.34,7105,1954,1950
"[878, 14, 28]",76757,Jupiter Ascending,en,Jupiter Ascending,"In a universe where human genetic material is the most precious commodity, an impoverished young Earth woman becomes the key to strategic maneuvers and internal strife within a powerful dynasty…",8.9606,2015-02-04,5.46,7063,2015,2010
"[10749, 14, 18]",293863,The Age of Adaline,en,The Age of Adaline,"After 29-year-old Adaline recovers from a nearly lethal accident, she inexplicably stops growing older. As the years stretch on and on, Adaline keeps her secret to herself  until she meets a man who changes her life.",7.1106,2015-04-16,7.466,7062,2015,2010
"[28, 80, 53]",82675,Taken 2,en,Taken 2,"In Istanbul, retired CIA operative Bryan Mills and his wife are taken hostage by the father of a kidnapper Mills killed while rescuing his daughter.",7.1443,2012-09-27,6.364,7061,2012,2010
"[14, 27, 28]",60304,Hansel & Gretel: Witch Hunters,en,Hansel & Gretel: Witch Hunters,"After getting a taste for blood as children, Hansel and Gretel have become the ultimate vigilantes, hell-bent on retribution. Now, unbeknownst to them, Hansel and Gretel have become the hunted, and must face an evil far greater than witches... their past.",7.8905,2013-01-17,6.098,7060,2013,2010
"[27, 18]",381283,mother!,en,mother!,"A couple's relationship is tested when uninvited guests arrive at their home, disrupting their tranquil existence.",8.2087,2017-09-13,6.96,7057,2017,2010
"[28, 12, 878]",188927,Star Trek Beyond,en,Star Trek Beyond,"The USS Enterprise crew explores the furthest reaches of uncharted space, where they encounter a mysterious new enemy who puts them and everything the Federation stands for to the test.",7.3817,2016-07-07,6.8,7046,2016,2010
"[16, 10751, 12]",166428,How to Train Your Dragon: The Hidden World,en,How to Train Your Dragon: The Hidden World,"As Hiccup fulfills his dream of creating a peaceful dragon utopia, Toothless’ discovery of an untamed, elusive mate draws the Night Fury away. When danger mounts at home and Hiccup’s reign as village chief is tested, both dragon and rider must make impossible decisions to save their kind.",11.8811,2019-01-03,7.749,7045,2019,2010
"[16, 10751, 35]",11544,Lilo & Stitch,en,Lilo & Stitch,"As Stitch, a runaway genetic experiment from a faraway planet, wreaks havoc on the Hawaiian Islands, he becomes the mischievous adopted alien ""puppy"" of an independent little girl named Lilo and learns about loyalty, friendship, and ʻohana, the Hawaiian tradition of family.",9.3496,2002-06-21,7.558,7044,2002,2000
[18],380,Rain Man,en,Rain Man,"When car dealer Charlie Babbitt learns that his estranged father has died, he returns home to Cincinnati, where he discovers that he has a savant older brother named Raymond and that his father's $3 million fortune is being left to the mental institution in which Raymond lives. Motivated by his father's money, Charlie checks Raymond out of the facility in order to return with him to Los Angeles. The brothers' cross-country trip ends up changing both their lives.",9.2609,1988-12-12,7.751,7041,1988,1980
"[28, 14]",364,Batman Returns,en,Batman Returns,"The monstrous Penguin, who dwells in the sewers beneath Gotham, joins up with corrupt mayoral candidate Max Shreck to topple the Batman once and for all. But when Shreck's timid assistant Selina Kyle finds out, and Shreck tries to kill her, she's transformed into the sexy Catwoman. She teams up with the Penguin and Shreck to destroy Batman, but sparks fly unexpectedly when she confronts the caped crusader.",9.6111,1992-06-19,6.945,7038,1992,1990
"[28, 53, 12]",370172,No Time to Die,en,No Time to Die,"Bond has left active service and is enjoying a tranquil life in Jamaica. His peace is short-lived when his old friend Felix Leiter from the CIA turns up asking for help. The mission to rescue a kidnapped scientist turns out to be far more treacherous than expected, leading Bond onto the trail of a mysterious villain armed with dangerous new technology.",12.2219,2021-09-29,7.3,7035,2021,2020
"[16, 35, 10751, 37, 12]",44896,Rango,en,Rango,"When Rango, a lost family pet, accidentally winds up in the gritty, gun-slinging Western town of Dirt, the theater-loving lizard suddenly finds himself the newly appointed sheriff. Welcomed as the last hope the town has been waiting for, Rango is forced to play his new role to the hilt and uncover the truth behind a looming water crisis—before his act catches up with him.",11.4597,2011-03-02,6.891,7033,2011,2010
"[28, 53]",117263,Olympus Has Fallen,en,Olympus Has Fallen,"When the White House (Secret Service Code: ""Olympus"") is captured by a terrorist mastermind and the President is kidnapped, disgraced former Presidential guard Mike Banning finds himself trapped within the building. As the national security team scrambles to respond, they are forced to rely on Banning's inside knowledge to help retake the White House, save the President and avert an even bigger disaster.",8.9164,2013-03-20,6.414,7026,2013,2010
"[53, 878, 9648]",37686,Super 8,en,Super 8,"In late 1970s Ohio, a group of friends filming a homemade zombie movie witness a devastating train derailment. Soon after, their quiet town is gripped by unexplained disappearances, strange phenomena, and a growing sense of fear, as they uncover that something terrifying has been set loose.",6.2167,2011-06-09,6.774,7026,2011,2010
"[878, 28, 12]",320288,Dark Phoenix,en,Dark Phoenix,"The X-Men face their most formidable and powerful foe when one of their own, Jean Grey, starts to spiral out of control. During a rescue mission in outer space, Jean is nearly killed when she's hit by a mysterious cosmic force. Once she returns home, this force not only makes her infinitely more powerful, but far more unstable. The X-Men must now band together to save her soul and battle aliens that want to use Grey's new abilities to rule the galaxy.",9.4888,2019-06-05,5.964,7022,2019,2010
"[878, 53]",206487,Predestination,en,Predestination,"Predestination chronicles the life of a Temporal Agent sent on an intricate series of time-travel journeys designed to prevent future killers from committing their crimes. Now, on his final assignment, the Agent must stop the one criminal that has eluded him throughout time and prevent a devastating attack in which thousands of lives will be lost.",7.8065,2014-08-28,7.416,7022,2014,2010
"[12, 14, 28]",337401,Mulan,en,Mulan,"When the Emperor of China issues a decree that one man per family must serve in the Imperial Chinese Army to defend the country from Huns, Hua Mulan, the eldest daughter of an honored warrior, steps in to take the place of her ailing father. She is spirited, determined and quick on her feet. Disguised as a man by the name of Hua Jun, she is tested every step of the way and must harness her innermost strength and embrace her true potential.",7.0629,2020-09-04,6.831,7013,2020,2020
"[9648, 12, 80]",328387,Nerve,en,Nerve,"Industrious high school senior Vee Delmonico has had it with living life on the sidelines. When pressured by friends to join the popular online game Nerve, Vee decides to sign up for just one dare in what seems like harmless fun. But as she finds herself caught up in the thrill of the adrenaline-fueled competition partnered with a mysterious stranger, the game begins to take a sinister turn with increasingly dangerous acts, leading her into a high stakes finale that will determine her entire future.",4.6295,2016-06-27,7.001,6995,2016,2010
"[12, 28, 878]",507086,Jurassic World Dominion,en,Jurassic World Dominion,"Four years after Isla Nublar was destroyed, dinosaurs now live—and hunt—alongside humans all over the world. This fragile balance will reshape the future and determine, once and for all, whether human beings are to remain the apex predators on a planet they now share with history's most fearsome creatures.",13.9957,2022-06-01,6.602,6984,2022,2020
"[28, 878, 53]",534,Terminator Salvation,en,Terminator Salvation,"All grown up in post-apocalyptic 2018, John Connor must lead the resistance of humans against the increasingly dominating militaristic robots. But when Marcus Wright appears, his existence confuses the mission as Connor tries to determine whether Wright has come from the future or the past -- and whether he's friend or foe.",9.18,2009-05-20,6.084,6983,2009,2000
"[53, 18, 9648]",1018,Mulholland Drive,en,Mulholland Drive,"Blonde Betty Elms has only just arrived in Hollywood to become a movie star when she meets an enigmatic brunette with amnesia. Meanwhile, as the two set off to solve the second woman's identity, filmmaker Adam Kesher runs into ominous trouble while casting his latest project.",8.8479,2001-06-06,7.803,6972,2001,2000
"[18, 53, 9648]",345,Eyes Wide Shut,en,Eyes Wide Shut,"After Dr. Bill Harford's wife, Alice, admits to having sexual fantasies about a man she met, Bill becomes obsessed with having a sexual encounter. He discovers an underground sexual group and attends one of their meetings -- and quickly discovers that he is in over his head.",12.3504,1999-07-16,7.487,6966,1999,1990
"[28, 12, 878]",436270,Black Adam,en,Black Adam,"Nearly 5,000 years after he was bestowed with the almighty powers of the Egyptian gods—and imprisoned just as quickly—Black Adam is freed from his earthly tomb, ready to unleash his unique form of justice on the modern world.",11.3718,2022-10-19,6.813,6960,2022,2020
"[35, 10749]",11631,Mamma Mia!,en,Mamma Mia!,A spirited young bride-to-be living with her single mother on a small Greek island secretly invites three of her mother's ex-boyfriends in hope of finding her biological father to walk her down the aisle.,8.9297,2008-07-03,7.0,6954,2008,2000
"[10752, 10749, 36, 28]",676,Pearl Harbor,en,Pearl Harbor,"The lifelong friendship between Rafe McCawley and Danny Walker is put to the ultimate test when the two ace fighter pilots become entangled in a love triangle with beautiful Naval nurse Evelyn Johnson. But the rivalry between the friends-turned-foes is immediately put on hold when they find themselves at the center of Japan's devastating attack on Pearl Harbor on Dec. 7, 1941.",10.038,2001-05-21,6.937,6952,2001,2000
"[14, 27, 35]",927,Gremlins,en,Gremlins,"After receiving an exotic small animal as a Christmas gift, a young man inadvertently breaks three important rules concerning his new pet, which unleashes a horde of malevolently mischievous creatures on a small town.",8.1782,1984-06-08,7.142,6936,1984,1980
"[12, 878, 28, 9648]",262504,Allegiant,en,Allegiant,Beatrice Prior and Tobias Eaton venture into the world outside of the fence and are taken into protective custody by a mysterious agency known as the Bureau of Genetic Welfare.,7.083,2016-03-09,6.101,6935,2016,2010
[18],334543,Lion,en,Lion,"A five-year-old Indian boy gets lost on the streets of Calcutta, thousands of kilometers from home. He survives many challenges before being adopted by a couple in Australia; 25 years later, he sets out to find his lost family.",7.4354,2016-11-24,8.039,6929,2016,2010
"[28, 18, 10752]",53182,300: Rise of an Empire,en,300: Rise of an Empire,"Greek general Themistocles attempts to unite all of Greece by leading the charge that will change the course of the war. Themistocles faces the massive invading Persian forces led by mortal-turned-god, Xerxes and Artemesia, the vengeful commander of the Persian navy.",7.763,2014-03-05,6.116,6910,2014,2010
"[28, 35, 80, 53]",9737,Bad Boys,en,Bad Boys,"Marcus Burnett is a henpecked family man. Mike Lowrey is a footloose and fancy free ladies' man. Both Miami policemen, they have 72 hours to reclaim a consignment of drugs stolen from under their station's nose. To complicate matters, in order to get the assistance of the sole witness to a murder, they have to pretend to be each other.",11.4407,1995-04-07,6.828,6897,1995,1990
"[28, 35, 12, 10752]",7446,Tropic Thunder,en,Tropic Thunder,"A group of self-absorbed actors set out to make the most expensive war film ever. After ballooning costs force the studio to cancel the movie, the frustrated director refuses to stop shooting, leading his cast into the jungles of Southeast Asia, where they encounter real bad guys.",8.5767,2008-08-09,6.711,6894,2008,2000
"[80, 18, 53]",184,Jackie Brown,en,Jackie Brown,"Jackie Brown is a flight attendant who gets caught in the middle of smuggling cash into the country for her gunrunner boss. When the cops try to use Jackie to get to her boss, she hatches a plan — with help from a bail bondsman — to keep the money for herself.",7.7035,1997-12-25,7.358,6894,1997,1990
"[53, 878, 9648, 10749]",782,Gattaca,en,Gattaca,"Vincent is an all-too-human man who dares to defy a system obsessed with genetic perfection. He is an ""In-Valid"" who assumes the identity of a member of the genetic elite to pursue his goal of traveling into space with the Gattaca Aerospace Corporation.",8.1818,1997-07-09,7.564,6868,1997,1990
"[27, 9648]",270303,It Follows,en,It Follows,A young woman is followed by an unknown supernatural force after a sexual encounter.,9.2645,2015-02-04,6.584,6867,2015,2010
"[27, 28, 878]",1576,Resident Evil,en,Resident Evil,"When a virus leaks from a top-secret facility, turning all resident researchers into ravenous zombies and their lab animals into mutated hounds from hell, the government sends in an elite military task force to contain the outbreak.",6.2095,2002-03-15,6.651,6861,2002,2000
"[35, 18, 10749]",254320,The Lobster,en,The Lobster,"In a dystopian near future, single people, according to the laws of The City, are taken to The Hotel, where they are obliged to find a romantic partner in forty-five days or are transformed into animals and sent off into The Woods.",6.6978,2015-10-15,7.027,6841,2015,2010
"[16, 10751, 14, 12]",5255,The Polar Express,en,The Polar Express,"When a doubting young boy takes an extraordinary train ride to the North Pole, he embarks on a journey of self-discovery that shows him that the wonder of life never fades for those who believe.",6.9638,2004-11-10,6.723,6841,2004,2000
"[35, 10402, 10749]",114150,Pitch Perfect,en,Pitch Perfect,"College student Beca knows she does not want to be part of a clique, but that's exactly where she finds herself after arriving at her new school. Thrust in among mean gals, nice gals and just plain weird gals, Beca finds that the only thing they have in common is how well they sing together. She takes the women of the group out of their comfort zone of traditional arrangements and into a world of amazing harmonic combinations in a fight to the top of college music competitions.",7.6103,2012-09-28,7.274,6835,2012,2010
"[878, 28, 12]",82700,After Earth,en,After Earth,"One thousand years after cataclysmic events forced humanity's escape from Earth, Nova Prime has become mankind's new home. Legendary General Cypher Raige returns from an extended tour of duty to his estranged family, ready to be a father to his 13-year-old son, Kitai. When an asteroid storm damages Cypher and Kitai's craft, they crash-land on a now unfamiliar and dangerous Earth. As his father lies dying in the cockpit, Kitai must trek across the hostile terrain to recover their rescue beacon. His whole life, Kitai has wanted nothing more than to be a soldier like his father. Today, he gets his chance.",4.2023,2013-05-30,5.176,6836,2013,2010
"[80, 53]",298,Ocean's Thirteen,en,Ocean's Thirteen,"Danny Ocean's team of criminals are back and composing a plan more personal than ever. When ruthless casino owner Willy Bank doublecrosses Reuben Tishkoff, causing a heart attack, Danny Ocean vows that he and his team will do anything to bring down Willy Bank along with everything he's got. Even if it means asking for help from an enemy.",8.4966,2007-06-05,6.725,6835,2007,2000
"[28, 12, 53, 10752]",1368,First Blood,en,First Blood,"When former Green Beret John Rambo is harassed by local law enforcement and arrested for vagrancy, he is forced to flee into the mountains and wage an escalating one-man war against his pursuers.",10.3432,1982-10-22,7.505,6835,1982,1980
"[35, 28, 12]",203801,The Man from U.N.C.L.E.,en,The Man from U.N.C.L.E.,"At the height of the Cold War, a mysterious criminal organization plans to use nuclear weapons and technology to upset the fragile balance of power between the United States and Soviet Union. CIA agent Napoleon Solo and KGB agent Illya Kuryakin are forced to put aside their hostilities and work together to stop the evildoers in their tracks. The duo's only lead is the daughter of a missing German scientist, whom they must find soon to prevent a global catastrophe.",6.9233,2015-08-13,7.077,6813,2015,2010
"[12, 28, 53, 9648]",2059,National Treasure,en,National Treasure,"Modern treasure hunters, led by archaeologist Ben Gates, search for a chest of riches rumored to have been stashed away by George Washington, Thomas Jefferson and Benjamin Franklin during the Revolutionary War. The chest's whereabouts may lie in secret clues embedded in the Constitution and the Declaration of Independence, and Gates is in a race to find the gold before his enemies do.",7.3565,2004-11-19,6.651,6810,2004,2000
"[80, 18, 53]",242,The Godfather Part III,en,The Godfather Part III,"In the midst of trying to legitimize his business dealings in 1979 New York and Italy, aging mafia don, Michael Corleone seeks forgiveness for his sins while taking a young protege under his wing.",11.4619,1990-12-25,7.419,6810,1990,1990
"[12, 18]",334533,Captain Fantastic,en,Captain Fantastic,"Deep in the forests of the Pacific Northwest, a father devoted to raising his six kids with a rigorous physical and intellectual education is forced to leave his paradise and enter the world, beginning a journey that challenges his idea of what it means to be a parent.",7.5598,2016-07-08,7.889,6802,2016,2010
"[28, 35]",109414,This Is the End,en,This Is the End,"While attending a party at James Franco's house, Seth Rogen, Jay Baruchel and many other celebrities are faced with the apocalypse.",8.5072,2013-06-12,6.237,6790,2013,2010
[18],22881,The Blind Side,en,The Blind Side,"The story of Michael Oher, a homeless and traumatized boy who became an All American football player and first round NFL draft pick with the help of a caring woman and her family.",16.6477,2009-11-20,7.665,6788,2009,2000
"[18, 10749]",331482,Little Women,en,Little Women,Four sisters come of age in America in the aftermath of the Civil War.,10.2037,2019-12-25,7.855,6782,2019,2010
"[28, 53]",1637,Speed,en,Speed,Tensions run high when a crazed bomber rigs a Los Angeles bus with a device that will kill everyone on board if the vehicle's speed dips below fifty miles per hour.,7.8834,1994-06-09,7.149,6781,1994,1990
"[14, 12, 10751]",68728,Oz the Great and Powerful,en,Oz the Great and Powerful,"Oscar Diggs, a small-time circus illusionist and con-artist, is whisked from Kansas to the Land of Oz where the inhabitants assume he's the great wizard of prophecy, there to save Oz from the clutches of evil.",5.9588,2013-03-07,5.933,6771,2013,2010
"[35, 80]",51540,Horrible Bosses,en,Horrible Bosses,"For Nick, Kurt and Dale, the only thing that would make the daily grind more tolerable would be to grind their intolerable bosses into dust. Quitting is not an option, so, with the benefit of a few-too-many drinks and some dubious advice from a hustling ex-con, the three friends devise a convoluted and seemingly foolproof plan to rid themselves of their respective employers... permanently.",6.4225,2011-07-08,6.574,6758,2011,2010
"[28, 14, 35]",43074,Ghostbusters,en,Ghostbusters,"Following a ghost invasion of Manhattan, paranormal enthusiasts Erin Gilbert and Abby Yates, nuclear engineer Jillian Holtzmann, and subway worker Patty Tolan band together to stop the otherworldly threat.",5.641,2016-07-14,5.345,6752,2016,2010
[35],57214,Project X,en,Project X,"Three high school seniors throw a party to make a name for themselves. As the night progresses, things spiral out of control as word of the party spreads.",11.0917,2012-03-01,6.883,6751,2012,2010
"[12, 10751, 14]",241259,Alice Through the Looking Glass,en,Alice Through the Looking Glass,Alice Kingsleigh returns to Underland and faces a new adventure in saving the Mad Hatter.,11.8388,2016-05-25,6.562,6750,2016,2010
"[35, 80, 9648]",661374,Glass Onion: A Knives Out Mystery,en,Glass Onion: A Knives Out Mystery,World-famous detective Benoit Blanc heads to Greece to peel back the layers of a mystery surrounding a tech billionaire and his eclectic crew of friends.,8.6221,2022-11-23,7.032,6726,2022,2020
"[12, 10751, 14]",2454,The Chronicles of Narnia: Prince Caspian,en,The Chronicles of Narnia: Prince Caspian,"One year after their incredible adventures in the Lion, the Witch and the Wardrobe, Peter, Edmund, Lucy and Susan Pevensie return to Narnia to aid a young prince whose life has been threatened by the evil King Miraz. Now, with the help of a colorful cast of new characters, including Trufflehunter the badger and Nikabrik the dwarf, the Pevensie clan embarks on an incredible quest to ensure that Narnia is returned to its rightful heir.",7.375,2008-05-15,6.629,6726,2008,2000
"[28, 53]",47964,A Good Day to Die Hard,en,A Good Day to Die Hard,"Iconoclastic, take-no-prisoners cop John McClane, finds himself for the first time on foreign soil after traveling to Moscow to help his wayward son Jack - unaware that Jack is really a highly-trained CIA operative out to stop a nuclear weapons heist. With the Russian underworld in pursuit, and battling a countdown to war, the two McClanes discover that their opposing methods make them unstoppable heroes.",4.9072,2013-02-06,5.334,6720,2013,2010
"[28, 12]",335787,Uncharted,en,Uncharted,"A young street-smart, Nathan Drake and his wisecracking partner Victor “Sully” Sullivan embark on a dangerous pursuit of “the greatest treasure never found” while also tracking clues that may lead to Nathan’s long-lost brother.",11.1364,2022-02-10,6.867,6714,2022,2020
"[27, 18, 9648]",1813,The Devil's Advocate,en,The Devil's Advocate,"Aspiring Florida defense lawyer Kevin Lomax accepts a job at a New York law firm. With the stakes getting higher every case, Kevin quickly learns that his boss has something far more evil planned.",13.0006,1997-10-17,7.469,6712,1997,1990
"[27, 53]",238636,The Purge: Anarchy,en,The Purge: Anarchy,"One night per year, the government sanctions a 12-hour period in which citizens can commit any crime they wish -- including murder -- without fear of punishment or imprisonment. Leo, a sergeant who lost his son, plans a vigilante mission of revenge during the mayhem. However, instead of a death-dealing avenger, he becomes the unexpected protector of four innocent strangers who desperately need his help if they are to survive the night.",8.7359,2014-07-17,6.627,6678,2014,2010
"[10749, 35]",509,Notting Hill,en,Notting Hill,London bookstore owner William Thacker's quiet life turns upside down when a chance encounter with famous actress Anna Scott sparks an unlikely romance challenged by their vastly different worlds.,7.9236,1999-05-21,7.267,6674,1999,1990
"[16, 28, 35, 10751]",10555,Shark Tale,en,Shark Tale,"Oscar is a small fish whose big aspirations often get him into trouble. Meanwhile, Lenny is a great white shark with a surprising secret that no sea creature would guess: He's a vegetarian. When a lie turns Oscar into an improbable hero and Lenny becomes an outcast, the two form an unlikely friendship.",9.6759,2004-09-20,6.035,6672,2004,2000
[35],8467,Dumb and Dumber,en,Dumb and Dumber,"Lloyd and Harry are two men whose stupidity is really indescribable. When Mary, a beautiful woman, loses an important suitcase with money before she leaves for Aspen, the two friends (who have found the suitcase) decide to return it to her. After some ""adventures"" they finally get to Aspen where, using the lost money they live it up and fight for Mary's heart.",10.0461,1994-12-16,6.651,6666,1994,1990
"[28, 12, 878]",335988,Transformers: The Last Knight,en,Transformers: The Last Knight,"Humans and Transformers are at war. Optimus Prime is gone. The key to saving our future lies buried in the secrets of the past, in the hidden history of Transformers on Earth. Saving our world falls upon the shoulders of an unlikely alliance: Cade Yeager; Bumblebee; an English Lord; and an Oxford Professor.",7.9349,2017-06-16,6.05,6658,2017,2010
"[878, 28]",373571,Godzilla: King of the Monsters,en,Godzilla: King of the Monsters,"Follows the heroic efforts of the crypto-zoological agency Monarch as its members face off against a battery of god-sized monsters, including the mighty Godzilla, who collides with Mothra, Rodan, and his ultimate nemesis, the three-headed King Ghidorah. When these ancient super-species, thought to be mere myths, rise again, they all vie for supremacy, leaving humanity's very existence hanging in the balance.",11.4584,2019-05-29,6.687,6655,2019,2010
"[12, 16, 35, 10751]",12230,One Hundred and One Dalmatians,en,One Hundred and One Dalmatians,"When a litter of dalmatian puppies are abducted by the minions of Cruella De Vil, the parents must find them before she uses them for a diabolical fashion statement.",7.603,1961-01-25,7.173,6642,1961,1960
"[12, 14, 28]",18823,Clash of the Titans,en,Clash of the Titans,"Born of a god but raised as a man, Perseus is helpless to save his family from Hades, vengeful god of the underworld. With nothing to lose, Perseus volunteers to lead a dangerous mission to defeat Hades before he can seize power from Zeus and unleash hell on earth. Battling unholy demons and fearsome beasts, Perseus and his warriors will only survive if Perseus accepts his power as a god, defies fate and creates his own destiny.",7.7429,2010-03-26,5.915,6640,2010,2010
"[27, 28]",36647,Blade,en,Blade,"The Daywalker known as ""Blade"" - a half-vampire, half-mortal man - becomes the protector of humanity against an underground army of vampires.",12.1178,1998-08-21,6.826,6637,1998,1990
"[10751, 16, 12]",9325,The Jungle Book,en,The Jungle Book,"The boy Mowgli makes his way to the man-village with Bagheera, the wise panther. Along the way he meets jazzy King Louie, the hypnotic snake Kaa and the lovable, happy-go-lucky bear Baloo, who teaches Mowgli ""The Bare Necessities"" of life and the true meaning of friendship.",8.7554,1967-10-18,7.278,6636,1967,1960
"[18, 53, 36]",80278,The Impossible,en,The Impossible,"In December 2004, close-knit family Maria, Henry and their three sons begin their winter vacation in Thailand. But the day after Christmas, the idyllic holiday turns into an incomprehensible nightmare when a terrifying roar rises from the depths of the sea, followed by a wall of black water that devours everything in its path. Though Maria and her family face their darkest hour, unexpected displays of kindness and courage ameliorate their terror.",7.4144,2012-09-09,7.368,6631,2012,2010
"[28, 53, 878]",20504,The Book of Eli,en,The Book of Eli,"A post-apocalyptic tale, in which a lone man fights his way across America in order to protect a sacred book that holds the secrets to saving humankind.",8.7912,2010-01-14,6.794,6627,2010,2010
"[27, 9648]",565,The Ring,en,The Ring,Journalist Rachel Keller investigates a strange videotape that may be behind the untimely deaths of four teenagers. There is an urban legend about this tape: the viewer will die seven days after watching it. Rachel tracks down the video... and watches it. Now she has just seven days to unravel the mystery of the Ring in order to save herself and her son.,8.0322,2002-10-18,6.7,6624,2002,2000
"[28, 35, 80, 53]",390043,The Hitman's Bodyguard,en,The Hitman's Bodyguard,"The world’s top bodyguard gets a new client, a hitman who must testify at the International Court of Justice. They must put their differences aside and work together to make it to the trial on time.",7.55,2017-08-16,6.9,6620,2017,2010
[35],38365,Grown Ups,en,Grown Ups,"After their high school basketball coach passes away, five good friends and former teammates reunite for a Fourth of July holiday weekend.",15.5671,2010-06-24,6.397,6618,2010,2010
"[28, 53]",1572,Die Hard: With a Vengeance,en,Die Hard: With a Vengeance,"New York detective John McClane is back and kicking bad-guy butt in the third installment of this action-packed series, which finds him teaming with civilian Zeus Carver to prevent the loss of innocent lives. McClane thought he'd seen it all, until a genius named Simon engages McClane, his new ""partner"" -- and his beloved city -- in a deadly game that demands their concentration.",7.6266,1995-05-19,7.278,6612,1995,1990
"[18, 878, 12]",644,A.I. Artificial Intelligence,en,A.I. Artificial Intelligence,"David, a robotic boy—the first of his kind programmed to love—is adopted as a test case by a Cybertronics employee and his wife. Though he gradually becomes their child, a series of unexpected circumstances make this life impossible for David.",9.0982,2001-06-29,7.055,6606,2001,2000
"[9648, 53, 28]",207932,Inferno,en,Inferno,"After waking up in a hospital with amnesia, professor Robert Langdon and a doctor must race against time to foil a deadly global plot.",8.048,2016-10-13,6.088,6602,2016,2010
[27],9532,Final Destination,en,Final Destination,"After a teenager has a terrifying vision of him and his friends dying in a plane crash, he prevents the accident only to have Death hunt them down, one by one.",9.5573,2000-03-17,6.632,6604,2000,2000
"[16, 12, 35, 10751]",1022789,Inside Out 2,en,Inside Out 2,"Teenager Riley's mind headquarters is undergoing a sudden demolition to make room for something entirely unexpected: new Emotions! Joy, Sadness, Anger, Fear and Disgust, who’ve long been running a successful operation by all accounts, aren’t sure how to feel when Anxiety shows up. And it looks like she’s not alone.",25.8547,2024-06-11,7.5,6600,2024,2020
"[28, 53]",341013,Atomic Blonde,en,Atomic Blonde,An undercover MI6 agent is sent to Berlin during the Cold War to investigate the murder of a fellow agent and recover a missing list of double agents.,6.4636,2017-07-26,6.436,6593,2017,2010
"[28, 12, 878]",424783,Bumblebee,en,Bumblebee,"On the run in the year 1987, Bumblebee finds refuge in a junkyard in a small Californian beach town. Charlie, on the cusp of turning 18 and trying to find her place in the world, discovers Bumblebee, battle-scarred and broken.  When Charlie revives him, she quickly learns this is no ordinary yellow VW bug.",7.4642,2018-11-22,6.719,6576,2018,2010
"[35, 18, 10751]",788,Mrs. Doubtfire,en,Mrs. Doubtfire,"Loving but irresponsible dad Daniel Hillard, estranged from his exasperated spouse, is crushed by a court order allowing only weekly visits with his kids. When Daniel learns his ex needs a housekeeper, he gets the job -- disguised as a British nanny. Soon he becomes not only his children's best pal but the kind of parent he should have been from the start.",8.4963,1993-11-24,7.195,6572,1993,1990
"[18, 12]",86834,Noah,en,Noah,A man who suffers visions of an apocalyptic deluge takes measures to protect his family from the coming flood.,6.2456,2014-03-07,5.676,6567,2014,2010
"[27, 12, 28]",7131,Van Helsing,en,Van Helsing,Famed monster slayer Gabriel Van Helsing is dispatched to Transylvania to assist the last of the Valerious bloodline in defeating Count Dracula. Anna Valerious reveals that Dracula has formed an unholy alliance with Dr. Frankenstein's monster and is hell-bent on exacting a centuries-old curse on her family.,23.8633,2004-05-03,6.398,6565,2004,2000
"[28, 53]",545609,Extraction,en,Extraction,A hardened gun-for-hire's latest mission becomes a soul-searching race to survive when he's sent into Bangladesh to rescue a drug lord's kidnapped son.,6.9068,2020-04-23,7.292,6558,2020,2020
"[14, 28, 53]",277,Underworld,en,Underworld,"Vampires and werewolves have waged a nocturnal war against each other for centuries. But all bets are off when a female vampire warrior named Selene, who's famous for her strength and werewolf-hunting prowess, becomes smitten with a peace-loving male werewolf, Michael, who wants to end the war.",7.5255,2003-09-19,6.8,6549,2003,2000
"[16, 28, 12, 35, 10751]",140300,Kung Fu Panda 3,en,Kung Fu Panda 3,"While Po and his father are visiting a secret panda village, an evil spirit threatens all of China, forcing Po to form a ragtag army to fight back.",11.5256,2016-01-23,6.921,6538,2016,2010
"[28, 12, 80]",59859,Kick-Ass 2,en,Kick-Ass 2,"After Kick-Ass’ insane bravery inspires a new wave of self-made masked crusaders, he joins a patrol led by the Colonel Stars and Stripes. When these amateur superheroes are hunted down by Red Mist — reborn as The Mother Fucker — only the blade-wielding Hit-Girl can prevent their annihilation.",6.4164,2013-07-17,6.404,6538,2013,2010
"[16, 10751, 14, 12, 35]",508439,Onward,en,Onward,"In a suburban fantasy world, two teenage elf brothers embark on an extraordinary quest to discover if there is still a little magic left out there.",6.9301,2020-02-29,7.642,6533,2020,2020
"[35, 27, 9648]",440021,Happy Death Day,en,Happy Death Day,"Caught in a bizarre and terrifying time warp, college student Tree finds herself repeatedly reliving the day of her murder, ultimately realizing that she must identify the killer and the reason for her death before her chances of survival run out.",4.8637,2017-10-12,6.659,6533,2017,2010
"[35, 80, 28]",522627,The Gentlemen,en,The Gentlemen,"American expat Mickey Pearson has built a highly profitable marijuana empire in London. When word gets out that he’s looking to cash out of the business forever it triggers plots, schemes, bribery and blackmail in an attempt to steal his domain out from under him.",9.1726,2020-01-01,7.662,6528,2020,2020
"[28, 80, 18]",2034,Training Day,en,Training Day,"On his first day on the job as a narcotics officer, a rookie cop works with a rogue detective who isn't what he appears.",8.7374,2001-10-05,7.517,6525,2001,2000
[27],250546,Annabelle,en,Annabelle,A couple begins to experience terrifying supernatural occurrences involving a vintage doll shortly after their home is invaded by satanic cultists.,6.4282,2014-10-01,5.79,6520,2014,2010
"[16, 10751, 35, 12]",80321,Madagascar 3: Europe's Most Wanted,en,Madagascar 3: Europe's Most Wanted,"Animal pals Alex, Marty, Melman, and Gloria are still trying to make it back to New York's Central Park Zoo. They are forced to take a detour to Europe to find the penguins and chimps who broke the bank at a Monte Carlo casino. When French animal-control officer Capitaine Chantel DuBois picks up their scent, Alex and company are forced to hide out in a traveling circus.",10.2164,2012-06-06,6.63,6519,2012,2010
"[28, 12, 18, 10751]",38575,The Karate Kid,en,The Karate Kid,"12-year-old Dre Parker could've been the most popular kid in Detroit, but his mother's latest career move has landed him in China. Dre immediately falls for his classmate Mei Ying but the cultural differences make such a friendship impossible. Even worse, Dre's feelings make him an enemy of the class bully, Cheng. With no friends in a strange land, Dre has nowhere to turn but maintenance man Mr. Han, who is a kung fu master. As Han teaches Dre that kung fu is not about punches and parries, but maturity and calm, Dre realizes that facing down the bullies will be the fight of his life.",11.3324,2010-06-10,6.566,6510,2010,2010
"[12, 9648, 80]",497582,Enola Holmes,en,Enola Holmes,"While searching for her missing mother, intrepid teen Enola Holmes uses her sleuthing skills to outsmart big brother Sherlock and help a runaway lord.",8.1694,2020-09-23,7.23,6509,2020,2020
"[18, 53, 878]",39538,Contagion,en,Contagion,"As an epidemic of a lethal airborne virus - that kills within days - rapidly grows, the worldwide medical community races to find a cure and control the panic that spreads faster than the virus itself.",7.7256,2011-09-08,6.6,6492,2011,2010
"[27, 9648, 53]",423108,The Conjuring: The Devil Made Me Do It,en,The Conjuring: The Devil Made Me Do It,"Paranormal investigators Ed and Lorraine Warren encounter what would become one of the most sensational cases from their files. The fight for the soul of a young boy takes them beyond anything they'd ever seen before, to mark the first time in U.S. history that a murder suspect would claim demonic possession as a defense.",9.3237,2021-05-25,7.358,6479,2021,2020
"[14, 28, 12]",258489,The Legend of Tarzan,en,The Legend of Tarzan,"Tarzan, having acclimated to life in London, is called back to his former home in the jungle to investigate the activities at a mining encampment.",8.6076,2016-06-29,5.915,6479,2016,2010
"[80, 18]",524,Casino,en,Casino,"In Las Vegas, two best friends--a casino executive and a Mafia enforcer--compete for a gambling empire and a fast-living, fast-loving socialite.",9.2614,1995-11-22,7.994,6480,1995,1990
"[18, 10402, 10749]",88,Dirty Dancing,en,Dirty Dancing,"Expecting the usual tedium that accompanies a summer in the Catskills with her family, 17-year-old Frances 'Baby' Houseman is surprised to find herself stepping into the shoes of a professional hoofer—and unexpectedly falling in love.",9.6177,1987-08-21,7.324,6477,1987,1980
"[10749, 18, 35]",200727,"Love, Rosie",en,"Love, Rosie","Since the moment they met at age 5, Rosie and Alex have been best friends, facing the highs and lows of growing up side by side. A fleeting shared moment, one missed opportunity, and the decisions that follow send their lives in completely different directions. As each navigates the complexities of life, love, and everything in between, they always find their way back to each other - but is it just friendship, or something more?",7.0805,2014-10-16,7.81,6476,2014,2010
"[12, 28, 14]",1995,Lara Croft: Tomb Raider,en,Lara Croft: Tomb Raider,"Orphaned heiress, English aristocrat and intrepid archaeologist, Lara Croft, embarks on a dangerous quest to retrieve the two halves of an ancient artifact which controls time before it falls into the wrong hands. As an extremely rare planetary alignment is about to occur for the first time in 5,000 years, the fearless tomb raider will have to team up with rival adventurers and sworn enemies to collect the pieces, while time is running out. But, in the end, who can harness the archaic talisman's unlimited power?",6.6297,2001-06-15,5.909,6472,2001,2000
"[16, 18, 10752]",12477,Grave of the Fireflies,ja,火垂るの墓,"In the final months of World War II, 14-year-old Seita and his sister Setsuko are orphaned when their mother is killed during an air raid in Kobe, Japan. After a falling out with their aunt, they move into an abandoned bomb shelter. With no surviving relatives and their emergency rations depleted, Seita and Setsuko struggle to survive.",0.016,1988-04-16,8.444,6465,1988,1980
"[80, 18]",235,Stand by Me,en,Stand by Me,"After learning that a boy their age has been accidentally killed near their rural homes, four boys decide to go see the body. Gordie, Vern, Chris, and Teddy encounter a mean junk man and a marsh full of leeches, but they also learn more about one another and their very different home lives. Just a lark at first, the boys' adventure evolves into a defining event in their lives.",11.406,1986-08-08,7.839,6461,1986,1980
"[16, 10751, 12, 35]",13053,Bolt,en,Bolt,"Bolt is the star of the biggest show in Hollywood. The only problem is, he thinks it's real. After he's accidentally shipped to New York City and separated from Penny, his beloved co-star and owner, Bolt must harness all his ""super powers"" to find a way home.",7.7786,2008-11-21,6.537,6457,2008,2000
"[27, 28, 14]",49017,Dracula Untold,en,Dracula Untold,"Vlad Tepes is a great hero, but when he learns the Sultan is preparing for battle and needs to form an army of 1,000 boys, he vows to find a way to protect his family. Vlad turns to dark forces in order to get the power to destroy his enemies and agrees to go from hero to monster as he's turned into the mythological vampire, Dracula.",6.4324,2014-10-01,6.45,6453,2014,2010
"[27, 28, 53, 80]",755,From Dusk Till Dawn,en,From Dusk Till Dawn,"After kidnapping a father and his two kids, the Gecko brothers head south to a seedy Mexican bar to hide out in safety, unaware of its notorious vampire clientele.",8.5507,1996-01-19,7.041,6448,1996,1990
"[10751, 14, 12]",420809,Maleficent: Mistress of Evil,en,Maleficent: Mistress of Evil,"Maleficent and her goddaughter Aurora begin to question the complex family ties that bind them as they are pulled in different directions by impending nuptials, unexpected allies, and dark new forces at play.",7.9563,2019-10-16,7.296,6444,2019,2010
"[16, 35, 10751]",22794,Cloudy with a Chance of Meatballs,en,Cloudy with a Chance of Meatballs,"Inventor Flint Lockwood creates a machine that makes clouds rain food, enabling the down-and-out citizens of Chewandswallow to feed themselves. But when the falling food reaches gargantuan proportions, Flint must scramble to avert disaster. Can he regain control of the machine and put an end to the wild weather before the town is destroyed?",6.9736,2009-09-17,6.656,6414,2009,2000
"[878, 53, 9648, 28]",406990,What Happened to Monday,en,What Happened to Monday,"In a world where families are limited to one child due to overpopulation, a set of identical septuplets must avoid being put to a long sleep by the government and dangerous infighting while investigating the disappearance of one of their own.",7.3685,2017-08-18,7.147,6410,2017,2010
"[28, 12, 878]",47933,Independence Day: Resurgence,en,Independence Day: Resurgence,"We always knew they were coming back. Using recovered alien technology, the nations of Earth have collaborated on an immense defense program to protect the planet. But nothing can prepare us for the aliens’ advanced and unprecedented force. Only the ingenuity of a few brave men and women can bring our world back from the brink of extinction.",6.0499,2016-06-22,5.355,6410,2016,2010
[18],87502,Flight,en,Flight,"Commercial airline pilot Whip Whitaker has a problem with drugs and alcohol, though so far he's managed to complete his flights safely. His luck runs out when a disastrous mechanical malfunction sends his plane hurtling toward the ground. Whip pulls off a miraculous crash-landing that results in only six lives lost. Shaken to the core, Whip vows to get sober -- but when the crash investigation exposes his addiction, he finds himself in an even worse situation.",6.7113,2012-02-22,6.859,6409,2012,2010
"[53, 28, 14]",1250,Ghost Rider,en,Ghost Rider,"In order to save his dying father, young stunt cyclist Johnny Blaze sells his soul to Mephistopheles and sadly parts from the pure-hearted Roxanne Simpson, the love of his life. Years later, Johnny's path crosses again with Roxanne, now a go-getting reporter, and also with Mephistopheles, who offers to release Johnny's soul if Johnny becomes the fabled, fiery 'Ghost Rider'.",9.6074,2007-01-15,5.593,6405,2007,2000
"[878, 28, 12]",624860,The Matrix Resurrections,en,The Matrix Resurrections,"Plagued by strange memories, Neo's life takes an unexpected turn when he finds himself back inside the Matrix.",12.6766,2021-12-16,6.333,6403,2021,2020
"[28, 12, 878]",861,Total Recall,en,Total Recall,"Construction worker Douglas Quaid's obsession with the planet Mars leads him to visit Rekall, a virtual vacation company that manufactures memories. When something goes wrong during Quaid's memory implant procedure, his life turns upside down, leading him to question what is reality and what isn't.",9.1856,1990-06-01,7.317,6401,1990,1990
[35],76493,The Dictator,en,The Dictator,The heroic story of a dictator who risks his life to ensure that democracy would never come to the country he so lovingly oppressed.,10.5863,2012-05-15,6.226,6392,2012,2010
"[18, 27]",242224,The Babadook,en,The Babadook,A grieving single mother and her child fall into a deep well of paranoia when an eerie children's book manifests in their home.,5.3657,2014-05-22,6.531,6377,2014,2010
"[28, 35, 80]",512195,Red Notice,en,Red Notice,"An Interpol-issued Red Notice is a global alert to hunt and capture the world's most wanted. But when a daring heist brings together the FBI's top profiler and two rival criminals, there's no telling what will happen.",7.5262,2021-11-04,6.737,6375,2021,2020
[18],334541,Manchester by the Sea,en,Manchester by the Sea,"After his older brother passes away, Lee Chandler is forced to return home to care for his 16-year-old nephew. There he is compelled to deal with a tragic past that separated him from his family and the community where he was born and raised.",8.2633,2016-11-17,7.553,6374,2016,2010
"[10751, 16, 878, 14, 35]",2300,Space Jam,en,Space Jam,"With their freedom on the line, the Looney Tunes seek the help of NBA superstar Michael Jordan to win a basketball game against a team of moronic aliens.",7.1664,1996-11-15,6.808,6372,1996,1990
"[27, 18, 14]",628,Interview with the Vampire,en,Interview with the Vampire,"A vampire relates his epic life story of love, betrayal, loneliness, and dark hunger to an over-curious reporter.",9.2624,1994-11-11,7.387,6373,1994,1990
"[53, 9648]",181886,Enemy,en,Enemy,A mild-mannered college professor discovers a look-alike actor and delves into the other man's private affairs.,5.7331,2014-03-14,6.846,6371,2014,2010
"[28, 12, 878]",166424,Fantastic Four,en,Fantastic Four,"Four young outsiders teleport to a dangerous universe, which alters their physical form in shocking ways. Their lives irrevocably upended, the team must learn to harness their daunting new abilities and work together to save Earth from a former friend turned enemy.",5.0764,2015-08-05,4.437,6368,2015,2010
"[28, 35, 80]",238713,Spy,en,Spy,"A desk-bound CIA analyst volunteers to go undercover to infiltrate the world of a deadly arms dealer, and prevent diabolical global disaster.",8.6884,2015-05-06,6.834,6365,2015,2010
"[12, 28, 37]",333484,The Magnificent Seven,en,The Magnificent Seven,"Looking to mine for gold, greedy industrialist Bartholomew Bogue seizes control of the Old West town of Rose Creek. With their lives in jeopardy, Emma Cullen and other desperate residents turn to bounty hunter Sam Chisolm for help. Chisolm recruits an eclectic group of gunslingers to take on Bogue and his ruthless henchmen. With a deadly showdown on the horizon, the seven mercenaries soon find themselves fighting for more than just money once the bullets start to fly.",8.5771,2016-09-14,6.483,6356,2016,2010
"[28, 53]",1573,Die Hard 2,en,Die Hard 2,"One year after his heroics in Los Angeles, John McClane is an off-duty cop who is the wrong guy in the wrong place at the wrong time. On a snowy Christmas Eve, as he waits for his wife's plane to land at Washington Dulles International Airport, terrorists take over the air traffic control system in a plot to free a South American army general and drug smuggler being flown into the US to face drug charges. It's now up to McClane to take on the terrorists, while coping with an inept airport police chief, an uncooperative anti-terrorist squad, and the life of his wife and everyone else trapped in planes circling overhead.",9.9735,1990-07-03,6.969,6353,1990,1990
"[12, 35, 14]",762,Monty Python and the Holy Grail,en,Monty Python and the Holy Grail,"King Arthur, accompanied by his squire, recruits his Knights of the Round Table, including Sir Bedevere the Wise, Sir Lancelot the Brave, Sir Robin the Not-Quite-So-Brave-As-Sir-Lancelot and Sir Galahad the Pure. On the way, Arthur battles the Black Knight who, despite having had all his limbs chopped off, insists he can still fight. They reach Camelot, but Arthur decides not  to enter, as ""it is a silly place"".",8.0801,1975-04-03,7.803,6353,1975,1970
"[27, 35, 10749]",82654,Warm Bodies,en,Warm Bodies,"After a zombie becomes involved with the girlfriend of one of his victims, their romance sets in motion a sequence of events that might transform the entire lifeless world.",5.9868,2013-01-31,6.469,6349,2013,2010
"[16, 10751, 18]",260514,Cars 3,en,Cars 3,"Blindsided by a new generation of blazing-fast racers, the legendary Lightning McQueen is suddenly pushed out of the sport he loves. To get back in the game, he will need the help of an eager young race technician with her own plan to win, inspiration from the late Fabulous Hudson Hornet, and a few unexpected turns.",14.3485,2017-06-15,6.854,6345,2017,2010
"[35, 10749]",1597,Meet the Parents,en,Meet the Parents,"Greg Focker is ready to marry his girlfriend, Pam, but before he pops the question, he must win over her formidable father, humorless former CIA agent Jack Byrnes, at the wedding of Pam's sister. As Greg bends over backward to make a good impression, his visit to the Byrnes home turns into a hilarious series of disasters, and everything that can go wrong does, all under Jack's critical, hawklike gaze.",8.5936,2000-10-06,6.693,6345,2000,2000
"[35, 9648, 80]",3049,Ace Ventura: Pet Detective,en,Ace Ventura: Pet Detective,"He's Ace Ventura: Pet Detective. The Ace is on the case to find the Miami Dolphins' missing mascot and quarterback Dan Marino. He goes eyeball to eyeball with a man-eating shark, stakes out the Miami Dolphins and woos and wows the ladies. Whether he's undercover, under fire or underwater, he always gets his man… or beast!",7.475,1994-02-04,6.6,6333,1994,1990
"[53, 9648]",401981,Red Sparrow,en,Red Sparrow,"Prima ballerina Dominika Egorova faces a bleak and uncertain future after she suffers an injury that ends her career. She soon turns to Sparrow School, a secret intelligence service that trains exceptional young people to use their minds and bodies as weapons. Dominika emerges as the most dangerous Sparrow after completing the sadistic training process. As she comes to terms with her new abilities, she meets a CIA agent who tries to convince her that he is the only person she can trust.",6.3748,2018-02-15,6.533,6330,2018,2010
"[28, 35]",302699,Central Intelligence,en,Central Intelligence,"Calvin Joyner, a mild-mannered accountant whose high school glory days are long behind him, reconnects with an awkward pal from high school through Facebook. After meeting up, Calvin’s mundane life takes an unexpectedly thrilling turn when he's thrust into the world of international espionage.",5.541,2016-06-15,6.414,6313,2016,2010
"[878, 28, 27]",8077,Alien³,en,Alien³,"After escaping with Newt and Hicks from the alien planet, Ripley crash lands on Fiorina 161, a prison planet and host to a correctional facility. Unfortunately, although Newt and Hicks do not survive the crash, a more unwelcome visitor does. The prison does not allow weapons of any kind, and with aid being a long time away, the prisoners must simply survive in any way they can.",7.9757,1992-05-22,6.381,6310,1992,1990
"[28, 10752, 36]",855,Black Hawk Down,en,Black Hawk Down,"When U.S. Rangers and an elite Delta Force team attempt to kidnap two underlings of a Somali warlord, their Black Hawk helicopters are shot down, and the Americans suffer heavy casualties, facing intense fighting from the militia on the ground.",12.7333,2001-12-28,7.4,6307,2001,2000
"[80, 18, 53]",388,Inside Man,en,Inside Man,"When an armed, masked gang enter a Manhattan bank, lock the doors and take hostages, the detective assigned to effect their release enters negotiations preoccupied with corruption charges he is facing.",7.4858,2006-03-17,7.403,6305,2006,2000
"[18, 27]",13885,Sweeney Todd: The Demon Barber of Fleet Street,en,Sweeney Todd: The Demon Barber of Fleet Street,"The infamous story of Benjamin Barker, a.k.a Sweeney Todd, who sets up a barber shop down in London which is the basis for a sinister partnership with his fellow tenant, Mrs. Lovett. Based on the hit Broadway musical.",7.6327,2007-12-21,7.178,6299,2007,2000
"[28, 53]",1571,Live Free or Die Hard,en,Live Free or Die Hard,"John McClane is back and badder than ever, and this time he calls on the services of a young hacker in his bid to stop a ring of Internet terrorists intent on taking control of America's computer infrastructure.",8.5717,2007-06-20,6.642,6294,2007,2000
"[35, 18, 10749]",83666,Moonrise Kingdom,en,Moonrise Kingdom,"Set on an island off the coast of New England in the summer of 1965, Moonrise Kingdom tells the story of two twelve-year-olds who fall in love, make a secret pact, and run away together into the wilderness. As various authorities try to hunt them down, a violent storm is brewing off-shore – and the peaceful island community is turned upside down in more ways than anyone can handle.",4.9238,2012-05-16,7.675,6292,2012,2010
"[9648, 10749, 53]",426,Vertigo,en,Vertigo,"A retired San Francisco detective suffering from acrophobia investigates the strange activities of an old friend's wife, all the while becoming dangerously obsessed with her.",8.2154,1958-05-09,8.1,6287,1958,1950
"[28, 14, 12]",460465,Mortal Kombat,en,Mortal Kombat,"Washed-up MMA fighter Cole Young, unaware of his heritage, and hunted by Emperor Shang Tsung's best warrior, Sub-Zero, seeks out and trains with Earth's greatest champions as he prepares to stand against the enemies of Outworld in a high stakes battle for the universe.",12.5125,2021-04-07,6.982,6268,2021,2020
"[28, 80, 53]",385687,Fast X,en,Fast X,"Over many missions and against impossible odds, Dom Toretto and his family have outsmarted, out-nerved and outdriven every foe in their path. Now, they confront the most lethal opponent they've ever faced: A terrifying threat emerging from the shadows of the past who's fueled by blood revenge, and who is determined to shatter this family and destroy everything—and everyone—that Dom loves, forever.",17.6412,2023-05-17,6.999,6263,2023,2020
"[9648, 35, 80]",445571,Game Night,en,Game Night,"Max and Annie's weekly game night gets kicked up a notch when Max's brother Brooks arranges a murder mystery party -- complete with fake thugs and federal agents. So when Brooks gets kidnapped, it's all supposed to be part of the game. As the competitors set out to solve the case, they start to learn that neither the game nor Brooks are what they seem to be. The friends soon find themselves in over their heads as each twist leads to another unexpected turn over the course of one chaotic night.",6.5697,2018-02-15,6.846,6247,2018,2010
"[35, 18, 10749]",449176,"Love, Simon",en,"Love, Simon","Everyone deserves a great love story, but for 17-year-old Simon Spier, it's a little more complicated. He hasn't told his family or friends that he's gay, and he doesn't know the identity of the anonymous classmate that he's fallen for online.",6.3773,2018-02-16,7.976,6238,2018,2010
"[16, 10751, 14, 12]",12092,Alice in Wonderland,en,Alice in Wonderland,"On a golden afternoon, wildly curious young Alice tumbles into the burrow and enters the merry, madcap world of Wonderland full of whimsical escapades.",10.406,1951-07-28,7.185,6235,1951,1950
"[878, 12, 28]",1927,Hulk,en,Hulk,"Bruce Banner, a genetics researcher with a tragic past, suffers massive radiation exposure in his laboratory that causes him to transform into a raging green monster when he gets angry.",7.7861,2003-06-19,5.579,6223,2003,2000
"[12, 35, 878]",39513,Paul,en,Paul,"For the past 60 years, a space-traveling smart-ass named Paul has been locked up in a top-secret military base, advising world leaders about his kind. But when he worries he’s outlived his usefulness and the dissection table is drawing uncomfortably close, Paul escapes on the first RV that passes by his compound in Area 51. Fortunately, it contains the two earthlings who are most likely to rescue and harbor an alien on the run.",8.9691,2011-02-14,6.735,6218,2011,2010
"[878, 18]",17431,Moon,en,Moon,"With only three weeks left in his three-year contract, Sam Bell is eager to return to Earth. Stationed alone at a Moon-based facility with his computer assistant GERTY, an unexpected accident sets off a series of unsettling events that shake his isolation.",7.8297,2009-06-12,7.567,6217,2009,2000
"[18, 80, 53]",1538,Collateral,en,Collateral,Cab driver Max picks up a man who offers him $600 to drive him around. But the promise of easy money sours when Max realizes his fare is an assassin.,7.2844,2004-08-04,7.2,6217,2004,2000
"[16, 10751, 14]",10895,Pinocchio,en,Pinocchio,"When the gentle woodcarver Geppetto builds a marionette to be his substitute son, a benevolent fairy brings the toy to life. The puppet, named Pinocchio, is not yet a human boy. He must earn the right to be real by proving that he is brave, truthful, and unselfish.",8.5015,1940-02-23,7.107,6217,1940,1940
"[27, 35]",338967,Zombieland: Double Tap,en,Zombieland: Double Tap,"Columbus, Tallahassee, Wichita, and Little Rock move to the American heartland as they face off against evolved zombies, fellow survivors, and the growing pains of the snarky makeshift family.",6.6984,2019-10-09,6.9,6215,2019,2010
"[53, 878, 27]",570670,The Invisible Man,en,The Invisible Man,"When Cecilia's abusive ex takes his own life and leaves her his fortune, she suspects his death was a hoax. As a series of coincidences turn lethal, Cecilia works to prove that she is being hunted by someone nobody can see.",8.9852,2020-02-26,7.092,6208,2020,2020
"[878, 28, 12]",80274,Ender's Game,en,Ender's Game,"Based on the classic novel by Orson Scott Card, Ender's Game is the story of the Earth's most gifted children training to defend their homeplanet in the space wars of the future.",6.0611,2013-10-24,6.6,6207,2013,2010
"[53, 878, 27]",2675,Signs,en,Signs,A family living on a farm finds mysterious crop circles in their fields which suggests something more frightening to come.,8.8825,2002-08-02,6.696,6203,2002,2000
"[12, 35, 14, 10751]",181533,Night at the Museum: Secret of the Tomb,en,Night at the Museum: Secret of the Tomb,"When the magic powers of The Tablet of Ahkmenrah begin to die out, Larry Daley spans the globe, uniting favorite and new characters while embarking on an epic quest to save the magic before it is gone forever.",7.8105,2014-12-17,6.222,6194,2014,2010
"[28, 35]",228967,The Interview,en,The Interview,"Dave Skylark and his producer Aaron Rapaport run the celebrity tabloid show ""Skylark Tonight"". When they land an interview with a surprise fan, North Korean dictator Kim Jong-un, they are recruited by the CIA to turn their trip to Pyongyang into an assassination mission.",7.4854,2014-12-25,6.188,6193,2014,2010
"[28, 18, 36]",1579,Apocalypto,en,Apocalypto,"Set in the Mayan civilization, when a man's idyllic presence is brutally disrupted by a violent invading force, he is taken on a perilous journey to a world ruled by fear and oppression where a harrowing end awaits him. Through a twist of fate and spurred by the power of his love for his woman and his family he will make a desperate break to return home and to ultimately save his way of life.",26.3534,2006-12-07,7.597,6196,2006,2000
"[878, 18, 10749]",31011,Mr. Nobody,en,Mr. Nobody,"Nemo Nobody leads an ordinary existence with his wife and 3 children; one day, he wakes up as a mortal centenarian in the year 2092.",6.167,2009-11-06,7.8,6185,2009,2000
"[35, 18, 10749]",8488,Hitch,en,Hitch,"Dating coach Alex 'Hitch' Hitchens mentors a bumbling client, Albert, who hopes to win the heart of the glamorous Allegra Cole. While Albert makes progress, Hitch faces his own romantic setbacks when proven techniques fail to work on Sara Melas, a tabloid reporter digging for dirt on Allegra Cole's love life. When Sara discovers Hitch's connection to Albert – now Allegra's boyfriend – it threatens to destroy both relationships.",7.5711,2005-02-11,6.6,6184,2005,2000
"[28, 12, 878]",8247,Jumper,en,Jumper,"David Rice is a man who knows no boundaries, a Jumper, born with the uncanny ability to teleport instantly to anywhere on Earth. When he discovers others like himself, David is thrust into a dangerous and bloodthirsty war while being hunted by a sinister and determined group of zealots who have sworn to destroy all Jumpers. Now, David’s extraordinary gift may be his only hope for survival!",8.0709,2008-02-13,6.157,6184,2008,2000
"[12, 35, 10751]",9340,The Goonies,en,The Goonies,"Young teen Mikey Walsh and his friends set off on a quest to find Pirate One-Eyed Willie's treasure in hopes of saving their homes from demolition. However, on their quest to find the treasure, they run into a family of recently escaped criminals, determined to capture the kids and reach the treasure first.",9.7769,1985-06-07,7.515,6183,1985,1980
[35],1624,Liar Liar,en,Liar Liar,"Forced by his son's birthday wish, fast-talking attorney and habitual liar Fletcher Reede must tell the truth for the next 24 hours.",6.6477,1997-03-21,6.707,6176,1997,1990
"[28, 12, 53]",324668,Jason Bourne,en,Jason Bourne,The most dangerous former operative of the CIA is drawn out of hiding to uncover hidden truths about his past.,8.0716,2016-07-27,6.375,6162,2016,2010
"[18, 35]",389015,"I, Tonya",en,"I, Tonya","Competitive ice skater Tonya Harding rises amongst the ranks at the U.S. Figure Skating Championships, but her future in the sport is thrown into doubt when her ex-husband intervenes.",4.393,2017-12-07,7.469,6159,2017,2010
"[14, 16, 35, 80]",856,Who Framed Roger Rabbit,en,Who Framed Roger Rabbit,"'Toon star Roger is worried that his wife Jessica is playing pattycake with someone else, so the studio hires detective Eddie Valiant to snoop on her. But the stakes are quickly raised when Marvin Acme is found dead and Roger is the prime suspect.",8.5049,1988-06-22,7.536,6134,1988,1980
"[27, 53]",948,Halloween,en,Halloween,"Fifteen years after murdering his sister on Halloween Night 1963, Michael Myers escapes from a mental hospital and returns to the small town of Haddonfield, Illinois to kill again.",13.621,1978-10-24,7.556,6131,1978,1970
"[80, 36, 53]",117,The Untouchables,en,The Untouchables,"Elliot Ness, an ambitious prohibition agent, is determined to take down Al Capone. In order to achieve this goal, he forms a group given the nickname “The Untouchables”.",8.4273,1987-06-03,7.754,6128,1987,1980
"[35, 10402, 10751]",1584,School of Rock,en,School of Rock,"Fired from his band and hard up for cash, guitarist and vocalist Dewey Finn finagles his way into a job as a fifth-grade substitute teacher at a private school, where he secretly begins teaching his straight-A students the finer points of rock 'n' roll and the power of sticking it to the man. But as the school’s stern principal closes in and the Battle of the Bands looms, Dewey risks everything to prove that rock 'n' roll can change lives.",7.3933,2003-10-03,7.082,6125,2003,2000
"[28, 12, 37]",57201,The Lone Ranger,en,The Lone Ranger,"The Texas Rangers chase down a gang of outlaws led by Butch Cavendish, but the gang ambushes the Rangers, seemingly killing them all. One survivor is found, however, by an American Indian named Tonto, who nurses him back to health. The Ranger, donning a mask and riding a white stallion named Silver, teams up with Tonto to bring the unscrupulous gang and others of that ilk to justice.",6.8011,2013-07-03,6.123,6123,2013,2010
"[18, 53, 10752]",12162,The Hurt Locker,en,The Hurt Locker,"During the Iraq War, a Sergeant recently assigned to an army bomb squad is put at odds with his squad mates due to his maverick way of handling his work.",6.9654,2008-10-10,7.252,6119,2008,2000
"[14, 12, 28]",451048,Jungle Cruise,en,Jungle Cruise,"Dr. Lily Houghton enlists the aid of wisecracking skipper Frank Wolff to take her down the Amazon in his dilapidated boat. Together, they search for an ancient tree that holds the power to heal – a discovery that will change the future of medicine.",7.0425,2021-07-28,7.296,6119,2021,2020
"[35, 10752]",935,Dr. Strangelove or: How I Learned to Stop Worrying and Love the Bomb,en,Dr. Strangelove or: How I Learned to Stop Worrying and Love the Bomb,"After the insane General Jack D. Ripper initiates a nuclear strike on the Soviet Union, a war room full of politicians, generals and a Russian diplomat all frantically try to stop it.",7.1289,1964-01-29,8.122,6115,1964,1960
"[16, 878, 10751, 18]",10386,The Iron Giant,en,The Iron Giant,"In the small town of Rockwell, Maine in October 1957, a giant metal machine befriends a nine-year-old boy and ultimately finds its humanity by unselfishly saving people from their own fears and prejudices.",8.3435,1999-08-06,8.0,6110,1999,1990
"[53, 18]",4553,The Machinist,en,The Machinist,"Trevor, an insomniac lathe operator, experiences unusual occurrences at work and home. A strange man follows him everywhere, but no one else seems to notice him.",6.0265,2004-09-24,7.523,6102,2004,2000
"[53, 28]",260346,Taken 3,en,Taken 3,"Ex-government operative Bryan Mills finds his life is shattered when he's falsely accused of a murder that hits close to home. As he's pursued by a savvy police inspector, Mills employs his particular set of skills to track the real killer and exact his unique brand of justice.",10.2608,2014-12-16,6.26,6099,2014,2010
"[16, 35, 10751, 14]",159824,Hotel Transylvania 2,en,Hotel Transylvania 2,"When the old-old-old-fashioned vampire Vlad arrives at the hotel for an impromptu family get-together, Hotel Transylvania is in for a collision of supernatural old-school and modern day cool.",9.4604,2015-09-21,6.764,6096,2015,2010
"[35, 27]",593643,The Menu,en,The Menu,"A young couple travels to a remote island to eat at an exclusive restaurant where the chef has prepared a lavish menu, with some shocking surprises.",11.2907,2022-11-17,7.172,6082,2022,2020
"[28, 53]",49040,The Bourne Legacy,en,The Bourne Legacy,New CIA operative Aaron Cross experiences life-or-death stakes that have been triggered by the previous actions of Jason Bourne.,6.6669,2012-08-08,6.241,6081,2012,2010
"[35, 10749]",50546,Just Go with It,en,Just Go with It,"While romancing Palmer, a much younger schoolteacher, plastic surgeon Danny Maccabee enlists his loyal assistant Katherine to pretend to be his soon to be ex-wife, in order to cover up a careless lie. When more lies backfire, Katherine's kids become involved, and everyone heads off for a weekend in Hawaii that will change all their lives.",10.0196,2011-02-10,6.7,6080,2011,2010
"[12, 14, 10751]",630,The Wizard of Oz,en,The Wizard of Oz,"Young Dorothy finds herself in a magical world where she makes friends with a lion, a scarecrow and a tin man as they make their way along the yellow brick road to talk with the Wizard and ask for the things they miss most in their lives. The Wicked Witch of the West is the only thing that could stop them.",14.8175,1939-08-15,7.585,6077,1939,1930
"[16, 10749, 14, 10751]",10198,The Princess and the Frog,en,The Princess and the Frog,"A waitress, desperate to fulfill her dreams as a restaurant owner, is set on a journey to turn a frog prince back into a human being, but she has to face the same problem after she kisses him.",11.6081,2009-12-08,7.2,6070,2009,2000
"[28, 12, 878]",49529,John Carter,en,John Carter,"John Carter is a war-weary, former military captain who's inexplicably transported to the mysterious and exotic planet of Barsoom (Mars) and reluctantly becomes embroiled in an epic conflict. It's a world on the brink of collapse, and Carter rediscovers his humanity when he realizes the survival of Barsoom and its people rests in his hands.",10.6525,2012-03-07,6.359,6045,2012,2010
"[12, 16, 35, 10751]",10315,Fantastic Mr. Fox,en,Fantastic Mr. Fox,"The Fantastic Mr. Fox, bored with his current life, plans a heist against the three local farmers. The farmers, tired of sharing their chickens with the sly fox, seek revenge against him and his family.",8.0797,2009-10-14,7.823,6042,2009,2000
"[12, 16, 10751, 10749]",10530,Pocahontas,en,Pocahontas,"Pocahontas, daughter of a Native American tribe chief, falls in love with an English soldier as colonists invade 17th century Virginia.",8.6133,1995-06-16,6.911,6039,1995,1990
"[53, 80, 18]",637649,Wrath of Man,en,Wrath of Man,"A cold and mysterious new security guard for a Los Angeles cash truck company surprises his co-workers when he unleashes precision skills during a heist. The crew is left wondering who he is and where he came from. Soon, the marksman's ultimate motive becomes clear as he takes dramatic and irrevocable steps to settle a score.",15.8227,2021-04-22,7.58,6027,2021,2020
"[28, 18, 14]",274857,King Arthur: Legend of the Sword,en,King Arthur: Legend of the Sword,"When the child Arthur’s father is murdered, Vortigern, Arthur’s uncle, seizes the crown. Robbed of his birthright and with no idea who he truly is, Arthur comes up the hard way in the back alleys of the city. But once he pulls the sword Excalibur from the stone, his life is turned upside down and he is forced to acknowledge his true legacy... whether he likes it or not.",8.4979,2017-05-10,6.553,6017,2017,2010
"[9648, 18]",15,Citizen Kane,en,Citizen Kane,"Newspaper magnate Charles Foster Kane is taken from his mother as a boy and made the ward of a rich industrialist. As a result, every well-meaning, tyrannical or self-destructive move he makes for the rest of his life appears in some way to be a reaction to that deeply wounding event.",6.673,1941-04-17,7.978,6006,1941,1940
"[18, 10749]",289,Casablanca,en,Casablanca,"In Casablanca, Morocco in December 1941, a cynical American expatriate meets a former lover, with unforeseen complications.",8.7096,1943-01-15,8.142,6000,1943,1940
"[16, 18, 10751]",3170,Bambi,en,Bambi,"Bambi's tale unfolds from season to season as the young prince of the forest learns about life, love, and friends.",7.2815,1942-08-14,7.01,5996,1942,1940
"[80, 9648, 53]",346685,The Girl on the Train,en,The Girl on the Train,"Rachel Watson, devastated by her recent divorce, spends her daily commute fantasizing about the seemingly perfect couple who live in a house that her train passes every day, until one morning she sees something shocking happen there and becomes entangled in the mystery that unfolds.",6.7828,2016-10-05,6.442,5991,2016,2010
"[27, 53, 9648]",82507,Sinister,en,Sinister,"True-crime writer Ellison Oswalt is in a slump; he hasn't had a best seller in more than 10 years and is becoming increasingly desperate for a hit. So, when he discovers the existence of a snuff film showing the deaths of a family, he vows to solve the mystery. He moves his own family into the victims' home and gets to work. However, when old film footage and other clues hint at the presence of a supernatural force, Ellison learns that living in the house may be fatal.",8.061,2012-03-29,6.874,5987,2012,2010
"[878, 12, 28]",299687,The 5th Wave,en,The 5th Wave,16-year-old Cassie Sullivan tries to survive in a world devastated by the waves of an alien invasion that has already decimated the population and knocked mankind back to the Stone Age.,7.0952,2016-01-14,5.936,5984,2016,2010
"[18, 80]",311,Once Upon a Time in America,en,Once Upon a Time in America,"A former Prohibition-era Jewish gangster returns to the Lower East Side of Manhattan over thirty years later, where he once again must confront the ghosts and regrets of his old life.",14.3433,1984-05-23,8.384,5985,1984,1980
"[18, 80]",4982,American Gangster,en,American Gangster,"Loosely based on the criminal career of Frank Lucas, a gangster from La Grange, North Carolina, who smuggled heroin into the United States on American service planes returning from the Vietnam War, before being detained by a task force led by Newark Detective Richie Roberts.",10.6136,2007-11-02,7.589,5979,2007,2000
"[14, 10749, 53]",251,Ghost,en,Ghost,"After a young man is murdered, his spirit stays behind to warn his lover of impending danger, with the help of a reluctant psychic.",10.7899,1990-07-13,7.2,5976,1990,1990
[27],396422,Annabelle: Creation,en,Annabelle: Creation,"Several years after the tragic death of their little girl, a doll maker and his wife welcome a nun and several girls from a shuttered orphanage into their home, soon becoming the target of the doll maker's possessed creation—Annabelle.",6.7793,2017-08-03,6.606,5959,2017,2010
"[28, 80]",9654,The Italian Job,en,The Italian Job,"Charlie Croker pulled off the crime of a lifetime. The one thing that he didn't plan on was being double-crossed. Along with a drop-dead gorgeous safecracker, Croker and his team take off to re-steal the loot and end up in a pulse-pounding, pedal-to-the-metal chase that careens up, down, above and below the streets of Los Angeles.",8.5417,2003-05-30,6.786,5958,2003,2000
"[14, 28, 53]",400106,Bright,en,Bright,"In an alternate present-day where magical creatures live among us, two L.A. cops become embroiled in a prophesied turf battle.",5.1755,2017-12-22,6.162,5942,2017,2010
"[12, 16, 10751]",105864,The Good Dinosaur,en,The Good Dinosaur,An epic journey into the world of dinosaurs where an Apatosaurus named Arlo makes an unlikely human friend.,16.8146,2015-11-14,6.7,5941,2015,2010
[18],306819,The Danish Girl,en,The Danish Girl,"When Gerda Wegener asks her husband Einar to fill in as a portrait model, Einar discovers the person she's meant to be and begins living her life as Lili Elbe. Having realized her true self and with Gerda's love and support, Lili embarks on a groundbreaking journey as a transgender pioneer.",5.2383,2015-11-27,7.55,5929,2015,2010
"[10751, 16, 878, 12]",1184918,The Wild Robot,en,The Wild Robot,"After a shipwreck, an intelligent robot called Roz is stranded on an uninhabited island. To survive the harsh environment, Roz bonds with the island's animals and cares for an orphaned baby goose.",26.0179,2024-09-12,8.308,5923,2024,2020
"[28, 53, 80]",345887,The Equalizer 2,en,The Equalizer 2,"Robert McCall, who serves an unflinching justice for the exploited and oppressed, embarks on a relentless, globe-trotting quest for vengeance when his former partner is murdered.",12.1938,2018-07-19,6.8,5915,2018,2010
[35],496,Borat: Cultural Learnings of America for Make Benefit Glorious Nation of Kazakhstan,en,Borat: Cultural Learnings of America for Make Benefit Glorious Nation of Kazakhstan,"Kazakh journalist Borat Sagdiyev travels to America to make a documentary. As he zigzags across the nation, Borat meets real people in real situations with hysterical consequences. His backwards behavior generates strong reactions around him exposing prejudices and hypocrisies in American culture.",5.3346,2006-11-01,6.786,5911,2006,2000
"[18, 35]",400928,Gifted,en,Gifted,"Frank, a single man raising his child prodigy niece Mary, is drawn into a custody battle with his mother.",9.8267,2017-04-07,7.996,5905,2017,2010
"[53, 28, 12, 878]",44833,Battleship,en,Battleship,"When mankind beams a radio signal into space, a reply comes from ‘Planet G’, in the form of several alien crafts that splash down in the waters off Hawaii. Lieutenant Alex Hopper is a weapons officer assigned to the USS John Paul Jones, part of an international naval coalition which becomes the world's last hope for survival as they engage the hostile alien force of unimaginable strength. While taking on the invaders, Hopper must also try to live up to the potential that his brother, and his fiancée's father—an Admiral—expect of him.",9.2556,2012-04-11,5.9,5897,2012,2010
"[10749, 18]",527641,Five Feet Apart,en,Five Feet Apart,"Seventeen-year-old Stella spends most of her time in the hospital as a cystic fibrosis patient. Her life is full of routines, boundaries and self-control — all of which get put to the test when she meets Will, an impossibly charming teen who has the same illness. There's an instant flirtation, though restrictions dictate that they must maintain a safe distance between them. As their connection intensifies, so does the temptation to throw the rules out the window and embrace that attraction.",7.2393,2019-03-14,8.217,5890,2019,2010
"[28, 80, 35]",8961,Bad Boys II,en,Bad Boys II,"Detectives Marcus Burnett and Mike Lowrey of the Miami Narcotics Task Force are tasked with stopping the flow of the drug Ecstasy into Miami. They track the drugs to the whacked-out Cuban drug lord Johnny Tapia, who is also involved in a bloody war with Russian and Haitian mobsters. If that isn't bad enough, there's tension between the two detectives when Marcus discovers that playboy Mike is secretly romancing Marcus’ sister, Syd.",9.7637,2003-07-18,6.656,5888,2003,2000
"[27, 878, 18]",933260,The Substance,en,The Substance,"A fading celebrity decides to use a black market drug, a cell-replicating substance that temporarily creates a younger, better version of herself.",21.606,2024-09-07,7.135,5889,2024,2020
"[36, 35, 18]",375262,The Favourite,en,The Favourite,"England, early 18th century. The close relationship between Queen Anne and Sarah Churchill is threatened by the arrival of Sarah's cousin, Abigail Hill, resulting in a bitter rivalry between the two cousins to be the Queen's favourite.",6.1639,2018-11-23,7.492,5885,2018,2010
"[28, 9648, 53]",27576,Salt,en,Salt,"As a CIA officer, Evelyn Salt swore an oath to duty, honor, and country. Her loyalty will be tested when a Russian defector accuses her of being a Russian sleeper spy. She goes on the run, using all her skills and years of experience as a covert operative to elude capture, protect her husband, and stay one step ahead of her colleagues at the CIA. Her efforts to prove her innocence only serve to cast doubt on her motives, as the hunt to uncover the truth behind her identity continues and the question remains: ""Who is Salt?""",7.1687,2010-07-21,6.412,5883,2010,2010
"[12, 10751, 14]",10140,The Chronicles of Narnia: The Voyage of the Dawn Treader,en,The Chronicles of Narnia: The Voyage of the Dawn Treader,"This time around Edmund and Lucy Pevensie, along with their pesky cousin Eustace Scrubb find themselves swallowed into a painting and on to a fantastic Narnian ship headed for the very edges of the world.",8.0876,2010-12-02,6.44,5866,2010,2010
"[18, 36]",568,Apollo 13,en,Apollo 13,"The true story of technical troubles that scuttle the Apollo 13 lunar mission in 1970, risking the lives of astronaut Jim Lovell and his crew, with the failed journey turning into a thrilling saga of heroism. Drifting more than 200,000 miles from Earth, the astronauts work furiously with the ground crew to avert tragedy.",8.8633,1995-06-30,7.454,5849,1995,1990
"[35, 14, 878]",75,Mars Attacks!,en,Mars Attacks!,"A fleet of Martian spacecraft surrounds the world's major cities and all of humanity waits to see if the extraterrestrial visitors have, as they claim, ""come in peace."" U.S. President James Dale receives assurance from science professor Donald Kessler that the Martians' mission is a friendly one. But when a peaceful exchange ends in the total annihilation of the U.S. Congress, military men call for a full-scale nuclear retaliation.",7.8735,1996-12-13,6.421,5839,1996,1990
"[35, 28, 878]",107985,The World's End,en,The World's End,Five friends who reunite in an attempt to top their epic pub crawl from 20 years earlier unwittingly become humankind's only hope for survival.,5.2556,2013-07-18,6.8,5836,2013,2010
"[28, 80, 878]",754,Face/Off,en,Face/Off,"In order to foil a terrorist plot, an FBI agent undergoes facial transplant surgery and assumes the identity of a criminal mastermind. The plan turns sour when the criminal wakes up prematurely and seeks revenge.",9.7298,1997-06-27,7.053,5836,1997,1990
"[28, 878, 53]",64635,Total Recall,en,Total Recall,"Factory worker Doug Quaid takes a virtual mind-trip vacation with the Rekall company, opting for implanted memories of being a spy. When the procedure goes wrong, Quaid becomes a wanted man by the police and joins forces with a rebel fighter to stop the evil Chancellor Cohaagen.",7.0932,2012-08-02,6.029,5834,2012,2010
"[28, 53, 878, 12]",1635,The Island,en,The Island,"In 2019, Lincoln Six-Echo is a resident of a seemingly ""Utopian"" but contained facility. Like all of the inhabitants of this carefully-controlled environment, Lincoln hopes to be chosen to go to The Island — reportedly the last uncontaminated location on the planet. But Lincoln soon discovers that everything about his existence is a lie.",7.8998,2005-07-21,6.691,5830,2005,2000
"[28, 12, 10751, 35]",675353,Sonic the Hedgehog 2,en,Sonic the Hedgehog 2,"After settling in Green Hills, Sonic is eager to prove he has what it takes to be a true hero. His test comes when Dr. Robotnik returns, this time with a new partner, Knuckles, in search for an emerald that has the power to destroy civilizations. Sonic teams up with his own sidekick, Tails, and together they embark on a globe-trotting journey to find the emerald before it falls into the wrong hands.",13.3522,2022-03-30,7.432,5826,2022,2020
[27],215,Saw II,en,Saw II,"The chilling and relentless Jigsaw killer returns to terrorize the city once again. When a gruesome murder victim emerges with unmistakable traces of Jigsaw's sinister methods, Detective Eric Matthews is thrust into a high-stakes investigation. To his surprise, apprehending Jigsaw seems almost too easy, but what he doesn't realize is that being caught is merely another piece of Jigsaw's intricate puzzle.",8.2564,2005-10-28,6.607,5824,2005,2000
"[28, 12, 80, 878, 53]",97020,RoboCop,en,RoboCop,"In RoboCop, the year is 2028 and multinational conglomerate OmniCorp is at the center of robot technology.  Overseas, their drones have been used by the military for years, but have been forbidden for law enforcement in America.  Now OmniCorp wants to bring their controversial technology to the home front, and they see a golden opportunity to do it.  When Alex Murphy – a loving husband, father and good cop doing his best to stem the tide of crime and corruption in Detroit – is critically injured, OmniCorp sees their chance to build a part-man, part-robot police officer.  OmniCorp envisions a RoboCop in every city and even more billions for their shareholders, but they never counted on one thing: there is still a man inside the machine.",6.8335,2014-01-30,5.885,5814,2014,2010
[18],2567,The Aviator,en,The Aviator,"A biopic depicting the life of filmmaker and aviation pioneer Howard Hughes from 1927 to 1947, during which time he became a successful film producer and an aviation magnate, while simultaneously growing more unstable due to severe obsessive-compulsive disorder.",7.2156,2004-12-17,7.2,5799,2004,2000
"[27, 878, 53]",5876,The Mist,en,The Mist,"After a violent storm, a dense cloud of mist envelops a small Maine town, trapping David Drayton and his five-year-old son in a local grocery store with other local residents. They soon discover that the mist conceals deadly horrors that threaten their lives, and worse, their sanity.",8.6185,2007-11-21,6.942,5778,2007,2000
"[35, 18]",41733,Due Date,en,Due Date,"Peter Highman must scramble across the US in five days to be present for the birth of his first child. He gets off to a bad start when his wallet and luggage are stolen, and put on the 'no-fly' list. Peter embarks on a terrifying journey when he accepts a ride from an actor.",6.2919,2010-11-03,6.391,5777,2010,2010
"[28, 18]",307081,Southpaw,en,Southpaw,"Billy ""The Great"" Hope, the reigning junior middleweight boxing champion, has an impressive career, a loving wife and daughter, and a lavish lifestyle. However, when tragedy strikes, Billy hits rock bottom, losing his family, his house and his manager. He soon finds an unlikely savior in Tick Willis, a former fighter who trains the city's toughest amateur boxers. With his future on the line, Hope fights to reclaim the trust of those he loves the most.",10.4955,2015-07-22,7.362,5775,2015,2010
"[12, 16, 9648]",17578,The Adventures of Tintin,en,The Adventures of Tintin,"Intrepid young reporter, Tintin, and his loyal dog, Snowy, are thrust into a world of high adventure when they discover a ship carrying an explosive secret. As Tintin is drawn into a centuries-old mystery, Ivan Ivanovitch Sakharine suspects him of stealing a priceless treasure. Tintin and Snowy, with the help of salty, cantankerous Captain Haddock and bumbling detectives, Thompson and Thomson, travel half the world, one step ahead of their enemies, as Tintin endeavors to find the Unicorn, a sunken ship that may hold a vast fortune, but also an ancient curse.",7.0369,2011-10-24,6.919,5771,2011,2010
"[28, 80, 53]",4108,The Transporter,en,The Transporter,"Former Special Forces officer Frank Martin will deliver anything to anyone for the right price, and his no-questions-asked policy puts him in high demand. But when he realizes his latest cargo is alive, it sets in motion a dangerous chain of events. The bound and gagged Lai is being smuggled to France by a shady American businessman, and Frank works to save her as his own illegal activities are uncovered by a French detective.",9.3858,2002-10-02,6.72,5770,2002,2000
"[53, 878, 18, 9648]",157353,Transcendence,en,Transcendence,"Two leading computer scientists work toward their goal of Technological Singularity,  as a radical anti-technology organization fights to prevent them from creating a world where computers can transcend the abilities of the human brain.",5.6948,2014-04-16,6.068,5767,2014,2010
"[27, 53]",756999,The Black Phone,en,The Black Phone,"Finney Blake, a shy but clever 13-year-old boy, is abducted by a sadistic killer and trapped in a soundproof basement where screaming is of little use. When a disconnected phone on the wall begins to ring, Finney discovers that he can hear the voices of the killer’s previous victims. And they are dead set on making sure that what happened to them doesn’t happen to Finney.",9.7551,2022-06-16,7.528,5767,2022,2020
"[28, 12, 878]",640146,Ant-Man and the Wasp: Quantumania,en,Ant-Man and the Wasp: Quantumania,"Super-Hero partners Scott Lang and Hope van Dyne, along with with Hope's parents Janet van Dyne and Hank Pym, and Scott's daughter Cassie Lang, find themselves exploring the Quantum Realm, interacting with strange new creatures and embarking on an adventure that will push them beyond the limits of what they thought possible.",10.3947,2023-02-15,6.229,5759,2023,2020
"[18, 28]",480530,Creed II,en,Creed II,"Between personal obligations and training for his next big fight against an opponent with ties to his family's past, Adonis Creed is up against the challenge of his life.",13.3679,2018-11-21,7.027,5754,2018,2010
"[16, 10751, 35, 14]",508947,Turning Red,en,Turning Red,"Thirteen-year-old Mei is experiencing the awkwardness of being a teenager with a twist – when she gets too excited, she transforms into a giant red panda.",24.4312,2022-03-10,7.317,5745,2022,2020
"[28, 9648, 878, 53]",13811,Knowing,en,Knowing,A teacher opens a time capsule that has been dug up at his son's elementary school; in it are some chilling predictions -- some that have already occurred and others that are about to -- that lead him to believe his family plays a role in the events that are about to unfold.,6.4364,2009-03-19,6.24,5743,2009,2000
"[28, 878, 12, 53]",72559,G.I. Joe: Retaliation,en,G.I. Joe: Retaliation,"Framed for crimes against the country, the G.I. Joe team is terminated by Presidential order. This forces the G.I. Joes into not only fighting their mortal enemy Cobra; they are forced to contend with threats from within the government that jeopardize their very existence.",5.5063,2013-03-27,5.651,5733,2013,2010
"[80, 9648, 18, 53]",395834,Wind River,en,Wind River,An FBI agent teams with the town's veteran game tracker to investigate a murder that occurred on a Native American reservation.,8.9338,2017-08-03,7.436,5725,2017,2010
"[12, 16, 10751]",10009,Brother Bear,en,Brother Bear,"When an impulsive boy named Kenai is magically transformed into a bear, he must literally walk in another's footsteps until he learns some valuable life lessons. His courageous and often zany journey introduces him to a forest full of wildlife, including the lovable bear cub Koda, hilarious moose Rutt and Tuke, woolly mammoths and rambunctious rams.",8.9524,2003-10-23,7.3,5721,2003,2000
"[10749, 27]",6114,Bram Stoker's Dracula,en,Bram Stoker's Dracula,"Count Dracula, a 15th-century prince, is condemned to live off the blood of the living for eternity. Young lawyer Jonathan Harker is sent to Dracula's castle to finalise a land deal, but when the Count sees a photo of Harker's fiancée, Mina, the spitting image of his dead wife, he imprisons him and sets off for London to track her down.",9.477,1992-11-13,7.449,5720,1992,1990
"[35, 18, 80]",8321,In Bruges,en,In Bruges,"Ray and Ken, two hit men, are in Bruges, Belgium, waiting for their next mission. While they are there they have time to think and discuss their previous assignment. When the mission is revealed to Ken, it is not what he expected.",5.9663,2008-02-08,7.501,5719,2008,2000
"[28, 53, 10749]",37710,The Tourist,en,The Tourist,"American tourist Frank meets mysterious British woman Elise on the train to Venice. Romance seems to bud, but there's more to her than meets the eye.",6.5223,2010-12-08,6.178,5717,2010,2010
[18],60308,Moneyball,en,Moneyball,"The story of Oakland Athletics general manager Billy Beane's successful attempt to put together a baseball team on a budget, by employing computer-generated analysis to draft his players.",10.1659,2011-09-23,7.289,5711,2011,2010
"[16, 10751, 12, 14]",10693,Peter Pan,en,Peter Pan,"Leaving the safety of their nursery behind, Wendy, Michael and John follow Peter Pan to a magical world where childhood lasts forever. But while in Neverland, the kids must face Captain Hook and foil his attempts to get rid of Peter for good.",8.4475,1953-02-05,7.187,5711,1953,1950
"[28, 53, 9648]",225574,Non-Stop,en,Non-Stop,"Bill Marks is a Federal Air Marshall for whom every day is the same until this one. On this plane ride, he starts receiving text messages from someone claiming to be on the flight and threatening to kill passengers. In a race against the clock, he must identify and stop the killer to save everyone on board.",5.9232,2014-02-26,6.813,5708,2014,2010
"[18, 12, 37]",44264,True Grit,en,True Grit,"Following the murder of her father by a hired hand, a 14-year-old farm girl sets out to capture the killer. To aid her, she hires the toughest U.S. Marshal she can find—a man with 'true grit'—Reuben J. 'Rooster' Cogburn.",6.951,2010-12-22,7.3,5707,2010,2010
"[14, 18, 10749]",297,Meet Joe Black,en,Meet Joe Black,"Bill Parrish has it all - success, wealth and power. Days before his 65th birthday, he receives a visit from a mysterious stranger, Joe Black, who soon reveals himself as Death. In exchange for extra time, Bill agrees to serve as Joe's earthly guide. But will he regret his choice when Joe unexpectedly falls in love with Bill's beautiful daughter Susan?",11.0359,1998-11-12,7.357,5693,1998,1990
"[12, 14, 35, 10751]",879,Hook,en,Hook,"The boy who wasn't supposed to grow up—Peter Pan—does just that, becoming a soulless corporate lawyer whose workaholism could cost him his wife and kids. During his trip to see Granny Wendy in London, the vengeful Capt. Hook kidnaps Peter's kids and forces Peter to return to Neverland.",9.4164,1991-04-10,6.839,5692,1991,1990
"[35, 10751, 14, 10749]",4523,Enchanted,en,Enchanted,"The beautiful princess Giselle is banished by an evil queen from her magical, musical animated land and finds herself in the gritty reality of the streets of modern-day Manhattan. Shocked by this strange new environment that doesn't operate on a ""happily ever after"" basis, Giselle is now adrift in a chaotic world badly in need of enchantment. But when Giselle begins to fall in love with a charmingly flawed divorce lawyer who has come to her aid - even though she is already promised to a perfect fairy tale prince back home - she has to wonder: Can a storybook view of romance survive in the real world?",8.263,2007-11-20,6.84,5677,2007,2000
[27],377,A Nightmare on Elm Street,en,A Nightmare on Elm Street,"Teenagers in a small town are dropping like flies, apparently in the grip of mass hysteria causing their suicides. A cop's daughter, Nancy Thompson, traces the cause to child molester Fred Krueger, who was burned alive by angry parents many years before. Krueger has now come back in the dreams of his killers' children, claiming their lives as his revenge. Nancy and her boyfriend, Glen, must devise a plan to lure the monster out of the realm of nightmares and into the real world...",11.6637,1984-11-09,7.344,5677,1984,1980
"[878, 18, 53]",76726,Chronicle,en,Chronicle,"Three high school students make an incredible discovery, leading to their developing uncanny powers beyond their understanding. As they learn to control their abilities and use them to their advantage, their lives start to spin out of control, and their darker sides begin to take over.",6.905,2012-02-01,6.846,5675,2012,2010
"[28, 53, 878]",5548,RoboCop,en,RoboCop,"In a violent, near-apocalyptic Detroit, evil corporation Omni Consumer Products wins a contract from the city government to privatize the police force. To test their crime-eradicating cyborgs, the company leads street cop Alex Murphy into an armed confrontation with crime lord Boddicker so they can use his body to support their untested RoboCop prototype. But when RoboCop learns of the company's nefarious plans, he turns on his masters.",10.1183,1987-07-17,7.355,5673,1987,1980
"[36, 18]",369972,First Man,en,First Man,"A look at the life of the astronaut, Neil Armstrong, and the legendary space mission that led him to become the first man to walk on the Moon on July 20, 1969.",6.7383,2018-10-10,7.041,5621,2018,2010
"[18, 80, 53]",22803,Law Abiding Citizen,en,Law Abiding Citizen,A frustrated man decides to take justice into his own hands after a plea bargain sets one of his family's killers free. He targets not only the killer but also the district attorney and others involved in the deal.,11.295,2009-10-15,7.387,5621,2009,2000
"[27, 53]",21208,Orphan,en,Orphan,"After losing their baby, a married couple adopt 9-year old Esther, who may not be as innocent as she seems.",7.5225,2009-07-24,6.99,5615,2009,2000
"[16, 10751, 10749, 12, 35]",10340,Lady and the Tramp,en,Lady and the Tramp,"Lady, a golden cocker spaniel, meets up with a mongrel dog who calls himself the Tramp. He is obviously from the wrong side of town, but happenings at Lady's home make her decide to travel with him for a while.",6.0736,1955-06-22,7.1,5614,1955,1950
"[28, 18, 53]",9509,Man on Fire,en,Man on Fire,"Jaded ex-CIA operative John Creasy reluctantly accepts a job as the bodyguard for a 10-year-old girl in Mexico City. They clash at first, but eventually bond, and when she's kidnapped he's consumed by fury and will stop at nothing to save her life.",11.4448,2004-04-23,7.459,5613,2004,2000
"[878, 28, 12, 53]",290859,Terminator: Dark Fate,en,Terminator: Dark Fate,"Decades after Sarah Connor prevented Judgment Day, a lethal new Terminator is sent to eliminate the future leader of the resistance. In a fight to save mankind, battle-hardened Sarah Connor teams up with an unexpected ally and an enhanced super soldier to stop the deadliest Terminator yet.",8.5151,2019-10-23,6.416,5612,2019,2010
"[35, 10749]",1581,The Holiday,en,The Holiday,"Two women, one American and one British, swap homes at Christmastime following bad breakups. Each woman finds romance with a local man but realizes that the imminent return home may end the relationship.",6.7984,2006-12-05,7.098,5600,2006,2000
"[28, 35, 80]",2109,Rush Hour,en,Rush Hour,"When Hong Kong Inspector Lee is summoned to Los Angeles to investigate a kidnapping, the FBI doesn't want any outside help and assigns cocky LAPD Detective James Carter to distract Lee from the case. Not content to watch the action from the sidelines, Lee and Carter form an unlikely partnership and investigate the case themselves.",10.7225,1998-09-18,7.1,5588,1998,1990
"[16, 10751, 14, 12]",9444,Anastasia,en,Anastasia,"Ten years after she was separated from her family, an eighteen-year-old orphan with vague memories of the past sets out to Paris in hopes of reuniting with her grandmother. She is accompanied by two con men, who intend to pass her off as the Grand Duchess Anastasia to the Dowager Empress for a reward.",7.7068,1997-11-20,7.6,5587,1997,1990
"[80, 18, 53]",23168,The Town,en,The Town,"Doug MacRay is a longtime thief, who, smarter than the rest of his crew, is looking for his chance to exit the game. When a bank job leads to the group kidnapping an attractive branch manager, he takes on the role of monitoring her – but their burgeoning relationship threatens to unveil the identities of Doug and his crew to the FBI Agent who is on their case.",9.8243,2010-09-15,7.218,5585,2010,2010
"[28, 53]",1991,Death Proof,en,Death Proof,"Austin's hottest DJ, Jungle Julia, sets out into the night to unwind with her two friends Shanna and Arlene. Covertly tracking their moves is Stuntman Mike, a scarred rebel leering from behind the wheel of his muscle car, revving just feet away.",5.9173,2007-05-22,6.84,5585,2007,2000
"[80, 18, 53]",559969,El Camino: A Breaking Bad Movie,en,El Camino: A Breaking Bad Movie,"In the wake of his dramatic escape from captivity, Jesse Pinkman must come to terms with his past in order to forge some kind of future.",7.0084,2019-10-11,7.046,5573,2019,2010
"[14, 28]",11253,Hellboy II: The Golden Army,en,Hellboy II: The Golden Army,"Hellboy, his pyrokinetic girlfriend, Liz, and aquatic empath, Abe Sapien, face their biggest battle when an underworld elven prince plans to reclaim Earth for his magical kindred. Tired of living in the shadow of humans, Prince Nuada tries to awaken an ancient force of killing machines, the all-powerful Golden Army, to clear the way for fantasy creatures to roam free. Only Hellboy can stop the dark prince and prevent humanity's annihilation.",5.5997,2008-07-11,6.8,5567,2008,2000
"[36, 18]",82695,Les Misérables,en,Les Misérables,"An adaptation of the successful stage musical based on Victor Hugo's classic novel set in 19th-century France. Jean Valjean, a man imprisoned for stealing bread, must flee a relentless policeman named Javert. The pursuit consumes both men's lives, and soon Valjean finds himself in the midst of the student revolutions in France.",12.6907,2012-12-18,7.307,5551,2012,2010
"[18, 35, 10749]",43347,Love & Other Drugs,en,Love & Other Drugs,"Maggie is an alluring free spirit who won't let anyone – or anything – tie her down. But she meets her match in Jamie, whose relentless and nearly infallible charm serves him well with the ladies and the cutthroat world of pharmaceutical sales. Maggie and Jamie's evolving relationship takes them both by surprise, as they find themselves under the influence of the ultimate drug: love.",14.7286,2010-11-22,7.038,5548,2010,2010
"[28, 53]",107846,Escape Plan,en,Escape Plan,"Ray Breslin is the world's foremost authority on structural security. After analyzing every high security prison and learning a vast array of survival skills so he can design escape-proof prisons, his skills are put to the test. He's framed and incarcerated in a master prison he designed himself. He needs to escape and find the person who put him behind bars.",10.206,2013-10-09,6.721,5547,2013,2010
"[28, 80, 14]",414,Batman Forever,en,Batman Forever,"Batman faces off against two foes: the schizophrenic, horribly scarred former District Attorney Harvey Dent, aka Two-Face, and the Riddler, a disgruntled ex-Wayne Enterprises inventor seeking revenge against his former employer by unleashing his brain-sucking weapon on Gotham City's residents. As the caped crusader also copes with tortured memories of his parents' murder, he has a new romance, with psychologist Chase Meridian.",6.2595,1995-06-16,5.453,5548,1995,1990
"[18, 10749]",345920,Collateral Beauty,en,Collateral Beauty,"Retreating from life after a tragedy, a man questions the universe by writing to Love, Time and Death. Receiving unexpected answers, he begins to see how these things interlock and how even loss can reveal moments of meaning and beauty.",4.6109,2016-12-15,7.219,5539,2016,2010
"[28, 12, 9648, 53]",6637,National Treasure: Book of Secrets,en,National Treasure: Book of Secrets,"Benjamin Franklin Gates and Abigail Chase re-team with Riley Poole and, now armed with a stack of long-lost pages from John Wilkes Booth's diary, Ben must follow a clue left there to prove his ancestor's innocence in the assassination of Abraham Lincoln.",7.6583,2007-12-19,6.374,5504,2007,2000
"[28, 12, 14]",311324,The Great Wall,en,The Great Wall,European mercenaries searching for black powder become embroiled in the defense of the Great Wall of China against a horde of monstrous creatures.,7.8236,2016-12-16,6.026,5503,2016,2010
"[35, 14, 10749]",10096,13 Going on 30,en,13 Going on 30,"After total humiliation at her thirteenth birthday party, Jenna Rink wants to just hide until she's thirty. Thanks to some magic wishing dust, Jenna's prayer has been answered. With a knockout body, a fabulous wardrobe, an athlete boyfriend, a dream job, and superstar friends, this can't be a better life. But soon Jenna realizes that adult life isn’t as easy as she hoped for.",7.0205,2004-04-13,6.769,5502,2004,2000
"[35, 10402]",254470,Pitch Perfect 2,en,Pitch Perfect 2,"The Bellas are back, and they are better than ever. After being humiliated in front of none other than the President of the United States of America, the Bellas are taken out of the Aca-Circuit. In order to clear their name, and regain their status, the Bellas take on a seemingly impossible task: winning an international competition no American team has ever won. In order to accomplish this monumental task, they need to strengthen the bonds of friendship and sisterhood and blow away the competition with their amazing aca-magic! With all new friends and old rivals tagging along for the trip, the Bellas can hopefully accomplish their dreams.",7.7204,2015-05-07,6.84,5499,2015,2010
"[878, 27, 28]",8078,Alien Resurrection,en,Alien Resurrection,"Two hundred years after Lt. Ripley died, a group of scientists clone her, hoping to breed the ultimate weapon. But the new Ripley is full of surprises … as are the new aliens. Ripley must team with a band of smugglers to keep the creatures from reaching Earth.",9.8235,1997-11-12,6.166,5499,1997,1990
"[18, 14, 53]",503919,The Lighthouse,en,The Lighthouse,Two lighthouse keepers try to maintain their sanity while living on a remote and mysterious New England island in the 1890s.,6.8337,2019-10-18,7.476,5496,2019,2010
"[18, 36]",399404,Darkest Hour,en,Darkest Hour,"In May 1940, the fate of World War II hangs on Winston Churchill, who must decide whether to negotiate with Adolf Hitler or fight on knowing that it could mean the end of the British Empire.",6.6143,2017-11-22,7.356,5495,2017,2010
"[14, 28, 878]",353491,The Dark Tower,en,The Dark Tower,A boy haunted by visions of a parallel world aids its disillusioned guardian in preventing the destruction of the nexus of universes known as the Dark Tower.,4.8263,2017-08-03,5.8,5489,2017,2010
"[80, 9648, 53]",2118,L.A. Confidential,en,L.A. Confidential,Three detectives in the corrupt and brutal L.A. police force of the 1950s use differing methods to uncover a conspiracy behind the shotgun slayings of the patrons at an all-night diner.,8.4043,1997-09-19,7.8,5490,1997,1990
"[28, 878]",49049,Dredd,en,Dredd,"In the future, America is a dystopian wasteland. The latest scourge is Ma-Ma, a prostitute-turned-drug pusher with a dangerous new drug and aims to take over the city. The only possibility of stopping her is an elite group of urban police called Judges, who combine the duties of judge, jury and executioner to deliver a brutal brand of swift justice. But even the top-ranking Judge, Dredd, discovers that taking down Ma-Ma isn’t as easy as it seems in this explosive adaptation of the hugely popular comic series.",8.3684,2012-09-07,6.86,5485,2012,2010
[18],85350,Boyhood,en,Boyhood,"The film tells a story of a divorced couple trying to raise their young son. The story follows the boy for twelve years, from first grade at age 6 through 12th grade at age 17-18, and examines his relationship with his parents as he grows.",5.5587,2014-06-05,7.491,5484,2014,2010
"[27, 53, 878]",1562,28 Weeks Later,en,28 Weeks Later,"Twenty-eight weeks after the spread of a deadly rage virus, the inhabitants of the British Isles have lost their battle against the onslaught, as the virus has killed everyone there. Six months later, a group of Americans dare to set foot on the Isles, convinced the danger has passed. But it soon becomes all too clear that the scourge continues to live, waiting to pounce on its next victims.",9.7809,2007-04-26,6.606,5485,2007,2000
"[28, 27, 53]",316727,The Purge: Election Year,en,The Purge: Election Year,"Two years after choosing not to kill the man who killed his son, former police sergeant Leo Barnes has become head of security for Senator Charlene Roan, the front runner in the next Presidential election due to her vow to eliminate the Purge. On the night of what should be the final Purge, a betrayal from within the government forces Barnes and Roan out onto the street where they must fight to survive the night.",6.412,2016-06-29,6.382,5474,2016,2010
"[35, 10749, 18]",634,Bridget Jones's Diary,en,Bridget Jones's Diary,"Bridget Jones is an average woman struggling against expectations. As a New Year's resolution, Bridget decides to take control of her life, starting by keeping a diary in which she will always tell the complete truth. Her charming boss takes an interest in her, and she cannot stop running into a rather disagreeable acquaintance whom Bridget cannot help finding quietly attractive.",7.2978,2001-04-13,6.74,5459,2001,2000
"[18, 10749]",613504,After We Collided,en,After We Collided,Tessa finds herself struggling with her complicated relationship with Hardin; she faces a dilemma that could change their lives forever.,7.7328,2020-09-02,7.156,5452,2020,2020
"[14, 16, 10749, 10751]",10882,Sleeping Beauty,en,Sleeping Beauty,"Cursed to die by the evil fairy Maleficent when she was a baby, Princess Aurora is sent into hiding under protection from three good fairies. As she grows up far away, Maleficent becomes increasingly determined to seal the princess's fate.",9.1166,1959-02-17,6.94,5448,1959,1950
"[35, 80, 18]",308266,War Dogs,en,War Dogs,"Based on the true story of two young men, David Packouz and Efraim Diveroli, who won a $300 million contract from the Pentagon to arm America's allies in Afghanistan.",9.0348,2016-08-18,6.94,5435,2016,2010
"[12, 28, 53, 878]",563,Starship Troopers,en,Starship Troopers,"Set in the future, the story follows a young soldier named Johnny Rico and his exploits in the Mobile Infantry. Rico's military career progresses from recruit to non-commissioned officer and finally to officer against the backdrop of an interstellar war between mankind and an arachnoid species known as ""the Bugs.""",11.8397,1997-11-07,7.1,5430,1997,1990
"[16, 35, 10751]",9836,Happy Feet,en,Happy Feet,"Into the world of the Emperor Penguins, who find their soul mates through song, a penguin is born who cannot sing. But he can tap dance something fierce!",7.1933,2006-11-16,6.221,5429,2006,2000
"[14, 28]",9480,Daredevil,en,Daredevil,A man blinded in a childhood accident fights crime using his superhumanly-elevated remaining senses.,6.7186,2003-02-14,5.292,5425,2003,2000
"[878, 10749, 35]",792307,Poor Things,en,Poor Things,"Brought back to life by an unorthodox scientist, a young woman runs off with a lawyer on a whirlwind adventure across the continents. Free from the prejudices of her times, she grows steadfast in her purpose to stand for equality and liberation.",11.1522,2023-12-07,7.647,5425,2023,2020
"[878, 28, 12, 53, 18]",453405,Gemini Man,en,Gemini Man,"Henry Brogan is an elite 51-year-old assassin who's ready to call it quits after completing his 72nd job. His plans get turned upside down when he becomes the target of a mysterious operative who can seemingly predict his every move. To his horror, Brogan soon learns that the man who's trying to kill him is a younger, faster, cloned version of himself.",6.5025,2019-10-02,6.265,5421,2019,2010
"[18, 28, 53]",7485,Shooter,en,Shooter,"A top Marine sniper, Bob Lee Swagger, leaves the military after a mission goes horribly awry and disappears, living in seclusion. He is coaxed back into service after a high-profile government official convinces him to help thwart a plot to kill the President of the United States. Ultimately double-crossed and framed for the attempt, Swagger becomes the target of a nationwide manhunt. He goes on the run to track the real killer and find out who exactly set him up, and why, eventually seeking revenge against some of the most powerful and corrupt leaders in the free world.",14.9985,2007-03-22,7.116,5396,2007,2000
"[35, 14, 18, 10749]",16996,17 Again,en,17 Again,"On the brink of a midlife crisis, 30-something Mike O'Donnell wishes he could have a ""do-over."" And that's exactly what he gets when he wakes up one morning to find he's 17 years old again. With his adult mind stuck inside the body of a teenager, Mike actually has the chance to reverse some decisions he wishes he'd never made. But maybe they weren't so bad after all.",6.2604,2009-03-11,6.313,5395,2009,2000
"[27, 9648]",23827,Paranormal Activity,en,Paranormal Activity,"After a young, middle-class couple moves into what seems like a typical suburban house, they become increasingly disturbed by a presence that may or may not be demonic but is certainly the most active in the middle of the night.",5.7706,2007-09-14,6.046,5393,2007,2000
"[27, 9648]",2667,The Blair Witch Project,en,The Blair Witch Project,"In October of 1994 three student filmmakers disappeared in the woods near Burkittsville, Maryland, while shooting a documentary. A year later their footage was found.",6.5454,1999-07-14,6.4,5380,1999,1990
"[16, 35, 10751]",7443,Chicken Run,en,Chicken Run,"The creators of Wallace & Gromit bring you an exciting and original story about a group of chickens determined to fly the coop–even if they can’t fly! It’s hardly poultry in motion when Rocky attempts to teach Ginger and her feathered friends to fly…but, with teamwork, determination and a little bit o’ cluck, the fearless flock plots one last attempt in a spectacular bid for freedom.",7.7654,2000-06-23,6.838,5378,2000,2000
"[28, 878, 53, 37]",49849,Cowboys & Aliens,en,Cowboys & Aliens,"A stranger stumbles into the desert town of Absolution with no memory of his past and a futuristic shackle around his wrist. With the help of mysterious beauty Ella and the iron-fisted Colonel Dolarhyde, he finds himself leading an unlikely posse of cowboys, outlaws, and Apache warriors against a common enemy from beyond this world in an epic showdown for survival.",6.0071,2011-07-29,5.646,5367,2011,2010
"[80, 18, 53]",4547,Panic Room,en,Panic Room,"Trapped in their New York brownstone's panic room, a hidden chamber built as a sanctuary in the event of break-ins, newly divorced Meg Altman and her young daughter Sarah play a deadly game of cat-and-mouse with three intruders - Burnham, Raoul and Junior - during a brutal home invasion. But the room itself is the focal point because what the intruders really want is inside it.",5.8804,2002-03-29,6.79,5367,2002,2000
"[28, 878, 12]",415,Batman & Robin,en,Batman & Robin,"Batman and his sidekick Robin attempt to the foil the sinister schemes of a deranged set of new villains, most notably the melancholy Mr. Freeze, who wants to make Gotham City into an arctic region, and the sultry Poison Ivy, a botanical femme fatale. As the Dynamic Duo contend with these bad guys, a third hero, Batgirl, joins the ranks of the city's crime-fighters.",7.9022,1997-06-20,4.387,5368,1997,1990
"[12, 35, 16]",399174,Isle of Dogs,en,Isle of Dogs,"In the future, an outbreak of canine flu leads the mayor of a Japanese city to banish all dogs to an island used as a garbage dump. The outcasts must soon embark on an epic journey when a 12-year-old boy arrives on the island to find his beloved pet.",5.2963,2018-03-23,7.846,5366,2018,2010
"[16, 28, 35, 10751]",324849,The Lego Batman Movie,en,The Lego Batman Movie,"A cooler-than-ever Bruce Wayne must deal with the usual suspects as they plan to rule Gotham City, while discovering that he has accidentally adopted a teenage orphan who wishes to become his sidekick.",7.7818,2017-02-08,7.238,5366,2017,2010
"[18, 36]",310307,The Founder,en,The Founder,"The true story of how Ray Kroc, a salesman from Illinois, met Mac and Dick McDonald, who were running a burger operation in 1950s Southern California. Kroc was impressed by the brothers’ speedy system of making the food and saw franchise potential. He maneuvered himself into a position to be able to pull the company from the brothers and create a billion-dollar empire.",5.498,2016-11-24,7.141,5358,2016,2010
"[12, 10751, 14]",76285,Percy Jackson: Sea of Monsters,en,Percy Jackson: Sea of Monsters,"In their quest to confront the ultimate evil, Percy and his friends battle swarms of mythical creatures to find the mythical Golden Fleece and to stop an ancient evil from rising.",4.8714,2013-08-07,6.028,5338,2013,2010
"[16, 35, 10751, 12]",10112,The Aristocats,en,The Aristocats,"When Madame Adelaide Bonfamille leaves her fortune to Duchess and her children—Bonfamille’s beloved family of cats—the butler plots to steal the money and kidnaps the legatees, leaving them out on a country road. All seems lost until the wily Thomas O’Malley Cat and his jazz-playing alley cats come to the aristocats’ rescue.",7.9683,1970-12-24,7.3,5335,1970,1970
[35],9377,Ferris Bueller's Day Off,en,Ferris Bueller's Day Off,"After high school slacker Ferris Bueller successfully fakes an illness in order to skip school for the day, he goes on a series of adventures throughout Chicago with his girlfriend Sloane and best friend Cameron, all the while trying to outwit his wily school principal and fed-up sister.",7.3396,1986-06-11,7.571,5336,1986,1980
"[18, 16, 10751]",10545,The Hunchback of Notre Dame,en,The Hunchback of Notre Dame,"Isolated bell-ringer Quasimodo wishes to leave Notre Dame tower against the wishes of Judge Claude Frollo, his stern guardian and Paris' strait-laced Minister of Justice. His first venture to the outside world finds him Esmeralda, a kind-hearted and fearless Romani woman who openly stands up to Frollo's tyranny.",8.6891,1996-06-21,7.125,5331,1996,1990
"[80, 18]",504172,The Mule,en,The Mule,"Earl Stone, a man in his eighties, is broke, alone, and facing foreclosure of his business when he is offered a job that simply requires him to drive. Easy enough, but, unbeknownst to Earl, he's just signed on as a drug courier for a Mexican cartel. He does so well that his cargo increases exponentially, and Earl hit the radar of hard-charging DEA agent Colin Bates.",7.2188,2018-12-14,6.865,5330,2018,2010
"[18, 53, 80]",473033,Uncut Gems,en,Uncut Gems,"A charismatic New York City jeweler always on the lookout for the next big score makes a series of high-stakes bets that could lead to the windfall of a lifetime. Howard must perform a precarious high-wire act, balancing business, family, and encroaching adversaries on all sides in his relentless pursuit of the ultimate win.",7.4592,2019-08-30,7.162,5326,2019,2010
"[18, 10749]",454,Romeo + Juliet,en,Romeo + Juliet,"In this contemporary take on William Shakespeare's classic tragedy, the Montagues and Capulets have moved their ongoing feud to the sweltering suburb of Verona Beach, where Romeo and Juliet fall in love and secretly wed. Though the film is visually modern, the bard's dialogue remains.",8.0922,1996-11-01,6.8,5320,1996,1990
"[28, 53, 12]",447200,Skyscraper,en,Skyscraper,"Framed and on the run, a former FBI agent must save his family from a blazing fire in the world's tallest building.",4.7099,2018-07-11,6.307,5316,2018,2010
"[35, 878, 28, 12]",479455,Men in Black: International,en,Men in Black: International,"The Men in Black have always protected the Earth from the scum of the universe. In this new adventure, they tackle their biggest, most global threat to date: a mole in the Men in Black organization.",7.0213,2019-06-12,5.895,5305,2019,2010
"[27, 18, 53]",332567,The Shallows,en,The Shallows,"While surfing on a secluded beach, Nancy finds herself in the feeding grounds of a great white shark. Though stranded only 200 yards from shore, survival proves to be the ultimate test of wills, requiring all of her ingenuity, resourcefulness, and fortitude.",6.0428,2016-06-24,6.352,5304,2016,2010
"[28, 12, 53]",138103,The Expendables 3,en,The Expendables 3,"Barney, Christmas and the rest of the team comes face-to-face with Conrad Stonebanks, who years ago co-founded The Expendables with Barney. Stonebanks subsequently became a ruthless arms trader and someone who Barney was forced to kill… or so he thought. Stonebanks, who eluded death once before, now is making it his mission to end The Expendables -- but Barney has other plans. Barney decides that he has to fight old blood with new blood, and brings in a new era of Expendables team members, recruiting individuals who are younger, faster and more tech-savvy. The latest mission becomes a clash of classic old-school style versus high-tech expertise in the Expendables’ most personal battle yet.",8.5604,2014-08-07,6.205,5305,2014,2010
"[10749, 35]",544,There's Something About Mary,en,There's Something About Mary,"For Ted, prom night went about as bad as it’s possible for any night to go. Thirteen years later, he finally gets another chance with his old prom date, only to run up against other suitors including the sleazy detective he hired to find her.",5.607,1998-07-15,6.628,5298,1998,1990
"[28, 53, 18, 80]",343611,Jack Reacher: Never Go Back,en,Jack Reacher: Never Go Back,"Years after resigning command of an elite military police unit, the nomadic, righter-of-wrongs Reacher is drawn back into the life he left behind when his friend and successor, Major Susan Turner is framed for espionage. Reacher will stop at nothing to prove her innocence and to expose the real perpetrators behind the killings of his former soldiers.",12.9728,2016-10-19,6.007,5292,2016,2010
"[28, 14, 878, 12]",268896,Pacific Rim: Uprising,en,Pacific Rim: Uprising,"It has been ten years since The Battle of the Breach and the oceans are still, but restless. Vindicated by the victory at the Breach, the Jaeger program has evolved into the most powerful global defense force in human history. The PPDC now calls upon the best and brightest to rise up and become the next generation of heroes when the Kaiju threat returns.",7.4531,2018-03-21,6.119,5292,2018,2010
"[27, 35]",567609,Ready or Not,en,Ready or Not,A young bride's wedding night turns into her worst nightmare when her ridiculously rich in-laws force her to play a gruesome game of hide-and-seek.,28.2887,2019-08-21,7.052,5293,2019,2010
"[14, 18, 53, 10749]",1491,The Illusionist,en,The Illusionist,"With his eye on a lovely aristocrat, a gifted illusionist named Eisenheim uses his powers to win her away from her betrothed, a crown prince. But Eisenheim's scheme creates tumult within the monarchy and ignites the suspicion of a dogged inspector.",6.0309,2006-08-18,7.3,5281,2006,2000
"[80, 18, 53]",1830,Lord of War,en,Lord of War,"Yuri Orlov is a globetrotting arms dealer and, through some of the deadliest war zones, he struggles to stay one step ahead of a relentless Interpol agent, his business rivals and even some of his customers who include many of the world's most notorious dictators. Finally, he must also face his own conscience.",7.7935,2005-09-16,7.3,5278,2005,2000
"[35, 10749]",2770,American Pie 2,en,American Pie 2,"After a year apart - attending different schools, meeting different people - the guys rent a beach house and vow to make this the best summer ever. As it turns out, whether that will happen or not has a lot to do with the girls. Between the wild parties, outrageous revelations and yes, a trip to band camp, they discover that times change and people change, but in the end, it's all about sticking together.",8.9837,2001-08-10,6.2,5267,2001,2000
"[16, 10751]",11360,Dumbo,en,Dumbo,"Dumbo is a baby elephant born with over-sized ears and a supreme lack of confidence. But thanks to his even more diminutive buddy Timothy the Mouse,  the pint-sized pachyderm learns to surmount all obstacles.",5.1205,1941-10-31,6.986,5265,1941,1940
"[12, 35, 10751]",11774,Lemony Snicket's A Series of Unfortunate Events,en,Lemony Snicket's A Series of Unfortunate Events,"Three wealthy children's parents are killed in a fire. When they are sent to a distant relative, they find out that he is plotting to kill them and seize their fortune.",6.3283,2004-12-16,6.819,5256,2004,2000
"[53, 80, 18]",320,Insomnia,en,Insomnia,Two Los Angeles homicide detectives are dispatched to a northern town where the sun doesn't set to investigate the methodical murder of a local teen.,7.1018,2002-05-24,7.0,5247,2002,2000
"[16, 10751, 10749, 14, 35]",976573,Elemental,en,Elemental,"In a city where fire, water, land and air residents live together, a fiery young woman and a go-with-the-flow guy will discover something elemental: how much they have in common.",14.9032,2023-06-14,7.576,5245,2023,2020
"[35, 10751, 10749]",9880,The Princess Diaries,en,The Princess Diaries,"A socially awkward but very bright 15-year-old girl being raised by a single mom discovers that she is the princess of a small European country because of the recent death of her long-absent father, who, unknown to her, was the crown prince of Genovia. She must make a choice between continuing the life of a San Francisco teen or stepping up to the throne.",9.5045,2001-08-03,6.961,5240,2001,2000
"[14, 12, 28]",27022,The Sorcerer's Apprentice,en,The Sorcerer's Apprentice,"Balthazar Blake is a master sorcerer in modern-day Manhattan trying to defend the city from his arch-nemesis, Maxim Horvath. Balthazar can't do it alone, so he recruits Dave Stutler, a seemingly average guy who demonstrates hidden potential, as his reluctant protégé. The sorcerer gives his unwilling accomplice a crash course in the art and science of magic, and together, these unlikely partners work to stop the forces of darkness.",7.4498,2010-07-13,6.137,5238,2010,2010
"[28, 53, 878]",7551,Déjà Vu,en,Déjà Vu,"Called in to recover evidence in the aftermath of a horrific explosion on a New Orleans ferry, Federal agent Doug Carlin gets pulled away from the scene and taken to a top-secret government lab that uses a time-shifting surveillance device to help prevent crime.",8.1347,2006-11-22,6.879,5235,2006,2000
"[878, 12, 28]",667538,Transformers: Rise of the Beasts,en,Transformers: Rise of the Beasts,"When a new threat capable of destroying the entire planet emerges, Optimus Prime and the Autobots must team up with a powerful faction known as the Maximals. With the fate of humanity hanging in the balance, humans Noah and Elena will do whatever it takes to help the Transformers as they engage in the ultimate battle to save Earth.",14.2422,2023-06-06,7.173,5230,2023,2020
"[28, 878, 12]",338762,Bloodshot,en,Bloodshot,"After he and his wife are murdered, marine Ray Garrison is resurrected by a team of scientists. Enhanced with nanotechnology, he becomes a superhuman, biotech killing machine—'Bloodshot'. As Ray first trains with fellow super-soldiers, he cannot recall anything from his former life. But when his memories flood back and he remembers the man that killed both him and his wife, he breaks out of the facility to get revenge, only to discover that there's more to the conspiracy than he thought.",5.9402,2020-03-05,6.68,5224,2020,2020
"[28, 12, 53, 878]",524047,Greenland,en,Greenland,"John Garrity, his estranged wife and their young son embark on a perilous journey to find sanctuary as a planet-killing comet hurtles toward Earth. Amid terrifying accounts of cities getting levelled, the Garritys experience the best and worst in humanity. As the countdown to the global apocalypse approaches zero, their incredible trek culminates in a desperate and last-minute flight to a possible safe haven.",22.4231,2020-07-29,7.126,5216,2020,2020
"[27, 9648, 10749, 18]",201085,Crimson Peak,en,Crimson Peak,"In the aftermath of a family tragedy, an aspiring author is torn between love for her childhood friend and the temptation of a mysterious outsider. Trying to escape the ghosts of her past, she is swept away to a house that breathes, bleeds… and remembers.",6.5188,2015-10-13,6.66,5216,2015,2010
"[10751, 16, 12, 35]",5559,Bee Movie,en,Bee Movie,"Barry B. Benson, a recent college graduate who wants more out of his life than making honey, decides to sue the human race after learning about the exploitation of bees at the hands of mankind. What will happen next?",8.7594,2007-10-28,6.034,5216,2007,2000
"[12, 18, 36]",253412,Everest,en,Everest,"Inspired by the incredible events surrounding a treacherous attempt to reach the summit of the world's highest mountain, ""Everest"" documents the awe-inspiring journey of two different expeditions challenged beyond their limits by one of the fiercest snowstorms ever encountered by mankind. Their mettle tested by the harshest of elements found on the planet, the climbers will face nearly impossible obstacles as a lifelong obsession becomes a breathtaking struggle for survival.",5.5379,2015-09-10,6.828,5194,2015,2010
"[18, 53]",1700,Misery,en,Misery,"After an accident, acclaimed novelist Paul Sheldon is rescued by a nurse who claims to be his biggest fan.  Her obsession takes a dark turn when she holds him captive in her remote Colorado home and forces him to write back to life the popular literary character he killed off.",6.8327,1990-11-30,7.747,5191,1990,1990
"[14, 28, 12, 18]",81005,Jack the Giant Slayer,en,Jack the Giant Slayer,"The story of an ancient war that is reignited when a young farmhand unwittingly opens a gateway between our world and a fearsome race of giants. Unleashed on the Earth for the first time in centuries, the giants strive to reclaim the land they once lost, forcing the young man, Jack into the battle of his life to stop them. Fighting for a kingdom, its people, and the love of a brave princess, he comes face to face with the unstoppable warriors he thought only existed in legend–and gets the chance to become a legend himself.",8.7671,2013-02-27,5.873,5183,2013,2010
"[35, 18]",4944,Burn After Reading,en,Burn After Reading,"When a disc containing memoirs of a former CIA analyst falls into the hands of gym employees, Linda and Chad, they see a chance to make enough money for Linda to have life-changing cosmetic surgery. Predictably, events whirl out of control for the duo, and those in their orbit.",4.7563,2008-09-05,6.673,5183,2008,2000
"[53, 878, 9648]",431,Cube,en,Cube,"A group of strangers find themselves trapped in a maze-like prison. It soon becomes clear that each of them possesses the peculiar skills necessary to escape, if they don't wind up dead first.",5.2718,1998-07-11,6.82,5175,1998,1990
"[12, 18, 10751]",1265,Bridge to Terabithia,en,Bridge to Terabithia,"Jesse Aarons trained all summer to become the fastest runner in school. So he's very upset when newcomer Leslie Burke outruns him and everyone else. Despite this and other differences including that she's rich, he's poor, she's a city girl, and he's a country boy the two become fast friends. Together they create Terabithia, a land of monsters, trolls, ogres, and giants where they rule as king and queen.",12.5959,2007-02-15,7.307,5169,2007,2000
"[9648, 18, 10749]",286565,Paper Towns,en,Paper Towns,"Quentin Jacobsen has spent a lifetime loving the magnificently adventurous Margo Roth Spiegelman from afar. So when she cracks open a window and climbs back into his life dressed like a ninja and summoning him for an ingenious campaign of revenge, he follows. After their all-nighter ends and a new day breaks, Quentin arrives at school to discover that Margo, always an enigma, has now become a mystery. But Quentin soon learns that there are clues, and they're for him. Urged down a disconnected path, the closer Quentin gets, the less he sees of the girl he thought he knew.",3.1394,2015-06-18,6.155,5167,2015,2010
[18],615,The Passion of the Christ,en,The Passion of the Christ,A graphic portrayal of the last twelve hours of Jesus of Nazareth's life.,34.4822,2004-02-25,7.537,5165,2004,2000
"[18, 80]",97367,The Place Beyond the Pines,en,The Place Beyond the Pines,"A motorcycle stunt rider considers committing a crime in order to provide for his wife and child, an act that puts him on a collision course with a cop-turned-politician.",6.3893,2013-03-20,6.984,5160,2013,2010
"[80, 18, 53]",9740,Hannibal,en,Hannibal,"After having successfully eluded the authorities for years, Hannibal peacefully lives in Italy in disguise as an art scholar. Trouble strikes again when he's discovered leaving a deserving few dead in the process. He returns to America to make contact with now disgraced Agent Clarice Starling, who is suffering the wrath of a malicious FBI rival as well as the media.",2.0022,2001-02-08,6.775,5158,2001,2000
"[14, 27, 28, 53]",36586,Blade II,en,Blade II,"Blade forms an uneasy alliance with the vampire council in order to combat the Reapers, who are feeding on vampires.",7.9731,2002-03-22,6.554,5156,2002,2000
"[28, 12, 53]",9802,The Rock,en,The Rock,"When vengeful General Francis X. Hummel seizes control of Alcatraz Island and threatens to launch missiles loaded with deadly chemical weapons into San Francisco, only a young FBI chemical weapons expert and notorious Federal prisoner have the skills to penetrate the impregnable island fortress and take him down.",9.1915,1996-06-07,7.141,5153,1996,1990
"[28, 35, 53]",509967,6 Underground,en,6 Underground,"After faking his death, a tech billionaire recruits a team of international operatives for a bold and bloody mission to take down a brutal dictator.",7.1011,2019-12-10,6.334,5130,2019,2010
"[27, 53]",298312,The Visit,en,The Visit,"A brother and sister are sent to their grandparents' remote Pennsylvania farm for a week, where they discover that the elderly couple is involved in something deeply disturbing.",4.7634,2015-09-10,6.323,5130,2015,2010
"[28, 878, 53]",274855,Geostorm,en,Geostorm,"After an unprecedented series of natural disasters threatened the planet, the world's leaders came together to create an intricate network of satellites to control the global climate and keep everyone safe. But now, something has gone wrong: the system built to protect Earth is attacking it, and it becomes a race against the clock to uncover the real threat before a worldwide geostorm wipes out everything and everyone along with it.",9.3858,2017-10-12,6.111,5127,2017,2010
"[35, 10749]",583083,The Kissing Booth 2,en,The Kissing Booth 2,"With college decisions looming, Elle juggles her long-distance romance with Noah, changing relationship with bestie Lee and feelings for a new classmate.",6.1851,2020-07-24,7.607,5125,2020,2020
"[35, 10749]",693,Meet the Fockers,en,Meet the Fockers,"Hard-to-crack ex-CIA man Jack Byrnes and his wife Dina head for the warmer climes of Florida to meet the parents of their son-in-law-to-be, Greg Focker. Unlike their happily matched offspring, the future in-laws find themselves in a situation of opposites that definitely do not attract.",10.5469,2004-12-22,6.254,5117,2004,2000
"[28, 878, 12, 35, 10751]",88751,Journey to the Center of the Earth,en,Journey to the Center of the Earth,"On a quest to find out what happened to his missing brother, a scientist, his nephew and their mountain guide discover a fantastic and dangerous lost world in the center of the earth.",9.7813,2008-07-10,6.088,5116,2008,2000
"[878, 28, 53]",346910,The Predator,en,The Predator,"When a young boy accidentally triggers the universe's most lethal hunters' return to Earth, only a ragtag crew of ex-soldiers and a disgruntled scientist can prevent the end of the human race.",7.8084,2018-09-05,5.623,5106,2018,2010
"[14, 35, 12]",425909,Ghostbusters: Afterlife,en,Ghostbusters: Afterlife,"When single mom Callie and her two kids Trevor and Phoebe arrive in a small Oklahoma town, they begin to discover their connection to the original Ghostbusters and the secret legacy their grandfather left behind.",7.9654,2021-11-18,7.325,5104,2021,2020
"[16, 10751, 12, 878]",10865,Atlantis: The Lost Empire,en,Atlantis: The Lost Empire,A young linguist named Milo Thatch joins an intrepid group of explorers to find the mysterious lost continent of Atlantis.,5.5287,2001-06-02,7.038,5104,2001,2000
[35],4248,Scary Movie 2,en,Scary Movie 2,"While the original parodied slasher flicks like Scream, Keenen Ivory Wayans's sequel to Scary Movie takes comedic aim at haunted house movies. A group of students visit a mansion called ""Hell House,"" and murderous high jinks ensue.",12.3461,2001-07-04,5.814,5102,2001,2000
"[28, 53]",267860,London Has Fallen,en,London Has Fallen,"In London for the Prime Minister's funeral, Mike Banning discovers a plot to assassinate all the attending world leaders.",7.5188,2016-03-02,6.219,5070,2016,2010
"[12, 878]",428078,Mortal Engines,en,Mortal Engines,"Many thousands of years in the future, Earth’s cities roam the globe on huge wheels, devouring each other in a struggle for ever diminishing resources. On one of these massive traction cities, the old London, Tom Natsworthy has an unexpected encounter with a mysterious young woman from the wastelands who will change the course of his life forever.",6.818,2018-11-27,6.199,5063,2018,2010
"[28, 18, 53]",117251,White House Down,en,White House Down,"Capitol Policeman John Cale has just been denied his dream job with the Secret Service protecting President James Sawyer. Not wanting to let down his little girl with the news, he takes her on a tour of the White House, when the complex is overtaken by a heavily armed paramilitary group. Now, with the nation's government falling into chaos and time running out, it's up to Cale to save the president, his daughter, and the country.",6.567,2013-06-27,6.466,5062,2013,2010
"[18, 10752, 28]",792,Platoon,en,Platoon,"As a young and naive recruit in Vietnam, Chris Taylor faces a moral crisis when confronted with the horrors of war and the duality of man.",9.2189,1986-12-19,7.743,5060,1986,1980
"[28, 53, 12]",575264,Mission: Impossible - Dead Reckoning Part One,en,Mission: Impossible - Dead Reckoning Part One,"Ethan Hunt and his IMF team embark on their most dangerous mission yet: To track down a terrifying new weapon that threatens all of humanity before it falls into the wrong hands. With control of the future and the world's fate at stake and dark forces from Ethan's past closing in, a deadly race around the globe begins. Confronted by a mysterious, all-powerful enemy, Ethan must consider that nothing can matter more than his mission—not even the lives of those he cares about most.",13.74,2023-07-08,7.5,5050,2023,2020
"[14, 12]",338953,Fantastic Beasts: The Secrets of Dumbledore,en,Fantastic Beasts: The Secrets of Dumbledore,"Professor Albus Dumbledore knows the powerful, dark wizard Gellert Grindelwald is moving to seize control of the wizarding world. Unable to stop him alone, he entrusts magizoologist Newt Scamander to lead an intrepid team of wizards and witches. They soon encounter an array of old and new beasts as they clash with Grindelwald's growing legion of followers.",10.5779,2022-04-06,6.628,5050,2022,2020
"[12, 10751, 14, 35, 10749]",2493,The Princess Bride,en,The Princess Bride,"In this enchantingly cracked fairy tale, the beautiful Princess Buttercup and the dashing Westley must overcome staggering odds to find happiness amid six-fingered swordsmen, murderous princes, Sicilians and rodents of unusual size. But even death can't stop these true lovebirds from triumphing.",9.6986,1987-09-25,7.695,5049,1987,1980
"[27, 53]",424139,Halloween,en,Halloween,"Laurie Strode comes to her final confrontation with Michael Myers, the masked figure who has haunted her since she narrowly escaped his killing spree on Halloween night four decades ago.",6.4911,2018-10-18,6.564,5031,2018,2010
"[28, 14, 53]",23629,Sucker Punch,en,Sucker Punch,"A young woman, institutionalized by her abusive stepfather, retreats into a vivid fantasy world where she envisions a plan to escape. Gathering a group of fellow inmates, she embarks on a quest to collect five mystical items, blurring the lines between reality and imagination.",5.9279,2011-03-24,6.193,5026,2011,2010
[35],813,Airplane!,en,Airplane!,An ex-fighter pilot forced to take over the controls of an airliner when the flight crew succumbs to food poisoning.,8.7374,1980-06-27,7.307,5026,1980,1980
"[27, 53, 9648]",522681,Escape Room,en,Escape Room,"Six strangers find themselves in circumstances beyond their control, and must use their wits to survive.",5.4237,2019-01-03,6.542,5021,2019,2010
"[28, 12, 18]",290595,The Huntsman: Winter's War,en,The Huntsman: Winter's War,"As two evil sisters prepare to conquer the land, two renegades—Eric the Huntsman, who aided Snow White in defeating Ravenna in Snowwhite and the Huntsman, and his forbidden lover, Sara—set out to stop them.",7.7962,2016-04-06,6.284,5015,2016,2010
"[28, 12, 53]",476669,The King's Man,en,The King's Man,"As a collection of history's worst tyrants and criminal masterminds gather to plot a war to wipe out millions, one man must race against time to stop them.",7.9338,2021-12-22,6.712,5014,2021,2020
"[35, 14]",2907,The Addams Family,en,The Addams Family,"When a man claiming to be long-lost Uncle Fester reappears after 25 years lost, the family plans a celebration to wake the dead. But the kids barely have time to warm up the electric chair before Morticia begins to suspect Fester is fraud when he can't recall any of the details of Fester's life.",8.1485,1991-11-22,7.1,5008,1991,1990
"[18, 80]",8065,21,en,21,"Ben Campbell is a young, highly intelligent student at M.I.T. who strives to succeed. Wanting a scholarship to transfer to Harvard School of Medicine to become a doctor, Ben learns that he cannot afford the $300,000 tuition as he comes from a poor, working-class background. But one evening, Ben is introduced by his unorthodox math professor to a small but secretive club of five students, Jill, Choi, Kianna, and Fisher, who are being trained by Professor Rosa to count cards at blackjack.",8.2152,2008-03-27,6.689,5005,2008,2000
"[28, 53, 80]",941,Lethal Weapon,en,Lethal Weapon,A veteran cop and an unstable detective become partners who must put their differences aside in order to bring down a heroin-smuggling ring run by ex-Special Forces.,10.2528,1987-03-06,7.288,4996,1987,1980
"[12, 18, 35]",1878,Fear and Loathing in Las Vegas,en,Fear and Loathing in Las Vegas,"Raoul Duke and his attorney Dr. Gonzo drive a red convertible across the Mojave desert to Las Vegas with a suitcase full of drugs to cover a motorcycle race. As their consumption of drugs increases at an alarming rate, the stoned duo trash their hotel room and fear legal repercussions. Duke begins to drive back to L.A., but after an odd run-in with a cop, he returns to Sin City and continues his wild drug binge.",5.497,1998-05-22,7.2,4985,1998,1990
"[28, 12, 36, 18]",20662,Robin Hood,en,Robin Hood,"When soldier Robin happens upon the dying Robert of Loxley, he promises to return the man's sword to his family in Nottingham. There, he assumes Robert's identity; romances his widow, Marion; and draws the ire of the town's sheriff and King John's henchman, Godfrey.",7.9628,2010-05-12,6.395,4981,2010,2010
"[35, 18]",9428,The Royal Tenenbaums,en,The Royal Tenenbaums,"Royal Tenenbaum and his wife Etheline had three children and then they separated. All three children are extraordinary --- all geniuses. Virtually all memory of the brilliance of the young Tenenbaums was subsequently erased by two decades of betrayal, failure, and disaster. Most of this was generally considered to be their father's fault. ""The Royal Tenenbaums"" is the story of the family's sudden, unexpected reunion one recent winter.",7.2101,2001-10-05,7.5,4979,2001,2000
"[28, 12, 14]",639933,The Northman,en,The Northman,"Prince Amleth is on the verge of becoming a man when his father is brutally murdered by his uncle, who kidnaps the boy's mother. Two decades later, Amleth is now a Viking who's on a mission to save his mother, kill his uncle and avenge his father.",8.902,2022-04-07,7.033,4978,2022,2020
"[35, 10751, 14]",433,Mary Poppins,en,Mary Poppins,"In turn of the century London, a magical nanny employs music and adventure to help two neglected children become closer to their father.",7.4108,1964-12-17,7.542,4975,1964,1960
"[18, 28]",59440,Warrior,en,Warrior,"The youngest son of an alcoholic former boxer returns home, where he's trained by his father for competition in a mixed martial arts tournament – a path that puts the fighter on a collision course with his estranged, older brother.",7.1841,2011-09-09,7.845,4973,2011,2010
"[28, 878, 53]",7299,Equilibrium,en,Equilibrium,"In a dystopian future, a totalitarian regime maintains peace by subduing the populace with a drug, and displays of emotion are punishable by death. A man in charge of enforcing the law rises to overthrow the system.",6.4341,2002-12-06,7.045,4970,2002,2000
"[28, 35, 80]",34544,The A-Team,en,The A-Team,"A man who loves when a plan comes together, Col. Hannibal Smith leads a close-knit team of elite operatives and Iraq War veterans. Framed for a crime they didn't commit, Smith and his men, Capt. H.M. ‘Howling Mad’ Murdock , Sgt. Bosco ‘B.A.’ Baracus, and Lt. Templeton ‘Faceman’ Peck, break out and go rogue, using their special talents to clear their names and find the perpetrator. Hot on their trail is Capt. Charissa Sosa, who was once involved with a member of Smith's team and has sworn to capture them, no matter what it takes.",5.8624,2010-06-09,6.411,4968,2010,2010
[27],109428,Evil Dead,en,Evil Dead,"Mia, a drug addict, is determined to kick the habit. To that end, she asks her brother, David, his girlfriend, Natalie and their friends Olivia and Eric to accompany her to their family's remote forest cabin to help her through withdrawal. Eric finds a mysterious Book of the Dead at the cabin and reads aloud from it, awakening an ancient demon. All hell breaks loose when the malevolent entity possesses Mia.",9.3688,2013-04-05,6.586,4967,2013,2010
"[27, 53]",507089,Five Nights at Freddy's,en,Five Nights at Freddy's,"Recently fired and desperate for work, a troubled young man named Mike agrees to take a position as a night security guard at an abandoned theme restaurant: Freddy Fazbear's Pizzeria. But he soon discovers that nothing at Freddy's is what it seems.",11.4427,2023-10-25,7.329,4964,2023,2020
"[80, 14, 18]",1427,Perfume: The Story of a Murderer,en,Perfume: The Story of a Murderer,"Jean-Baptiste Grenouille, born in the stench of 18th century Paris, develops a superior olfactory sense, which he uses to create the world's finest perfumes. However, his work takes a dark turn as he tries to preserve scents in the search for the ultimate perfume.",10.657,2006-09-13,7.4,4959,2006,2000
"[35, 10749]",41630,No Strings Attached,en,No Strings Attached,"Emma is a busy doctor who sets up a seemingly perfect arrangement when she offers her best friend Adam a relationship with one rule: No strings attached. But when a fling becomes a thing, can sex friends stay best friends?",7.4176,2011-01-21,6.294,4958,2011,2010
"[10402, 18]",504608,Rocketman,en,Rocketman,"The story of Elton John's life, from his years as a prodigy at the Royal Academy of Music through his influential and enduring musical partnership with Bernie Taupin.",5.422,2019-05-17,7.307,4953,2019,2010
"[35, 80, 18]",337170,American Made,en,American Made,"The true story of pilot Barry Seal, who transported contraband for the CIA and the Medellin cartel in the 1980s.",8.6552,2017-08-18,6.901,4946,2017,2010
"[28, 53, 878]",500664,Upgrade,en,Upgrade,"A brutal mugging leaves Grey Trace paralyzed in the hospital and his beloved wife dead. A billionaire inventor soon offers Trace a cure — an artificial intelligence implant called STEM that will enhance his body. Now able to walk, Grey finds that he also has superhuman strength and agility — skills he uses to seek revenge against the thugs who destroyed his life.",8.9546,2018-05-31,7.504,4946,2018,2010
"[28, 53, 878, 12]",46529,I Am Number Four,en,I Am Number Four,"A teenage fugitive with an incredible secret races to stay one step ahead of the mysterious forces seeking destroy him in this sci-fi action thriller. With three dead and one on the run, the race to find the elusive Number Four begins. Outwardly normal teen John Smith never gets too comfortable in the same identity, and along with his guardian, Henri, he is constantly moving from town to town. With each passing day, John gains a stronger grasp on his extraordinary new powers, and his bond to the beings that share his fantastic fate grows stronger.",7.0091,2011-02-18,6.177,4944,2011,2010
"[18, 878, 9648]",686,Contact,en,Contact,"A radio astronomer receives the first extraterrestrial radio signal ever picked up on Earth. As the world powers scramble to decipher the message and decide upon a course of action, she must make some difficult decisions between her beliefs, the truth, and reality.",11.2477,1997-07-11,7.44,4941,1997,1990
"[18, 9648, 53]",411088,The Invisible Guest,es,Contratiempo,"Barcelona, Spain. Adrián Doria, a young and successful businessman accused of murder, meets one night with Virginia Goodman, an expert interrogation lawyer, in order to devise a defense strategy.",6.8605,2017-01-06,8.081,4933,2017,2010
"[28, 878, 12]",298618,The Flash,en,The Flash,"When his attempt to save his family inadvertently alters the future, Barry Allen becomes trapped in a reality in which General Zod has returned and there are no Super Heroes to turn to. In order to save the world that he is in and return to the future that he knows, Barry's only hope is to race for his life. But will making the ultimate sacrifice be enough to reset the universe?",12.6878,2023-06-13,6.615,4933,2023,2020
[35],52449,Bad Teacher,en,Bad Teacher,"A lazy, incompetent middle school teacher who hates her job and her students is forced to return to her job to make enough money for a boob job after her rich fiancé dumps her.",4.6663,2011-05-16,5.608,4931,2011,2010
"[16, 10751, 12, 878]",15512,Monsters vs Aliens,en,Monsters vs Aliens,"When Susan Murphy is unwittingly clobbered by a meteor full of outer space gunk on her wedding day, she mysteriously grows to 49-feet-11-inches. The military jumps into action and captures Susan, secreting her away to a covert government compound. She is renamed Ginormica and placed in confinement with a ragtag group of Monsters...",10.5792,2009-03-19,6.242,4923,2009,2000
"[27, 878]",9426,The Fly,en,The Fly,"When Seth Brundle makes a huge scientific and technological breakthrough in teleportation, he decides to test it on himself. Unbeknownst to him, a common housefly manages to get inside the device and the two become one.",8.9715,1986-08-15,7.428,4920,1986,1980
"[12, 28, 53, 878]",9659,Mad Max,en,Mad Max,"In the ravaged near-future, a savage motorcycle gang rules the road. Terrorizing innocent civilians while tearing up the streets, the ruthless gang laughs in the face of a police force hell-bent on stopping them.",9.3664,1979-04-12,6.7,4913,1979,1970
"[12, 878, 28, 27]",395,AVP: Alien vs. Predator,en,AVP: Alien vs. Predator,"When scientists discover something near Antarctica that appears to be a buried Pyramid, they send a research team out to investigate. Little do they know that they are about to step into a hunting ground where Aliens are grown as sport for the Predator race.",5.6658,2004-08-12,5.944,4908,2004,2000
[37],33,Unforgiven,en,Unforgiven,"William Munny is a retired, once-ruthless killer turned gentle widower and hog farmer. To help support his two motherless children, he accepts one last bounty-hunter mission to find the men who brutalized a prostitute. Joined by his former partner and a cocky greenhorn, he takes on a corrupt sheriff.",8.2879,1992-08-07,7.908,4907,1992,1990
"[14, 18]",7980,The Lovely Bones,en,The Lovely Bones,"After being brutally murdered, 14-year-old Susie Salmon watches from heaven over her grief-stricken family -- and her killer. As she observes their daily lives, she must balance her thirst for revenge with her desire for her family to heal.",7.4526,2009-12-26,7.06,4906,2009,2000
"[27, 53, 80]",214,Saw III,en,Saw III,"Jigsaw has disappeared. Along with his new apprentice Amanda, the puppet-master behind the cruel, intricate games that have terrified a community and baffled police has once again eluded capture and vanished. While city detectives scrambles to locate him, Doctor Lynn Denlon and Jeff Reinhart are unaware that they are about to become the latest pawns on his vicious chessboard.",7.5727,2006-10-26,6.419,4899,2006,2000
"[14, 35, 10751]",8839,Casper,en,Casper,"Casper is a kind young ghost who peacefully haunts a mansion in Maine. When specialist James Harvey arrives to communicate with Casper and his fellow spirits, he brings along his teenage daughter, Kat. Casper quickly falls in love with Kat, but their budding relationship is complicated not only by his transparent state, but also by his troublemaking apparition uncles and their mischievous antics.",7.6845,1995-05-26,6.336,4893,1995,1990
[35],583,Life of Brian,en,Life of Brian,"Brian Cohen is an average young Jewish man, but through a series of ridiculous events, he gains a reputation as the Messiah. When he's not dodging his followers or being scolded by his shrill mother, the hapless Brian has to contend with the pompous Pontius Pilate and acronym-obsessed members of a separatist movement. Rife with Monty Python's signature absurdity, the tale finds Brian's life paralleling Biblical lore, albeit with many more laughs.",6.6306,1979-08-17,7.759,4886,1979,1970
"[18, 36]",446354,The Post,en,The Post,A cover-up that spanned four U.S. Presidents pushed the country's first female newspaper publisher and a hard-driving editor to join an unprecedented battle between journalist and government. Inspired by true events.,5.9715,2017-12-22,7.002,4883,2017,2010
"[16, 14, 18, 10751]",17979,A Christmas Carol,en,A Christmas Carol,"Miser Ebenezer Scrooge is awakened on Christmas Eve by spirits who reveal to him his own miserable existence, what opportunities he wasted in his youth, his current cruelties, and the dire fate that awaits him if he does not change his ways. Scrooge is faced with his own story of growing bitterness and meanness, and must decide what his own future will hold: death or redemption.",5.5628,2009-11-04,6.905,4882,2009,2000
"[12, 28, 53, 878]",14869,G.I. Joe: The Rise of Cobra,en,G.I. Joe: The Rise of Cobra,"From the Egyptian desert to deep below the polar ice caps, the elite G.I. JOE team uses the latest in next-generation spy and military equipment to fight the corrupt arms dealer Destro and the growing threat of the mysterious Cobra organization to prevent them from plunging the world into chaos.",6.3314,2009-08-03,5.783,4881,2009,2000
"[16, 35, 10751, 878]",9928,Robots,en,Robots,"Rodney Copperbottom is a young robot inventor who dreams of making the world a better place, until the evil Ratchet takes over Bigweld Industries. Now, Rodney's dreams – and those of his friends – are in danger of becoming obsolete.",9.8412,2005-03-10,6.481,4878,2005,2000
"[12, 878, 35]",696806,The Adam Project,en,The Adam Project,"After accidentally crash-landing in 2022, time-traveling fighter pilot Adam Reed teams up with his 12-year-old self on a mission to save the future.",9.8935,2022-03-11,6.99,4877,2022,2020
"[18, 28, 12, 36, 10752]",1495,Kingdom of Heaven,en,Kingdom of Heaven,"After his wife dies, a blacksmith named Balian is thrust into royalty, political intrigue and bloody holy wars during the Crusades.",16.3718,2005-05-03,7.02,4872,2005,2000
"[878, 53, 10749]",38050,The Adjustment Bureau,en,The Adjustment Bureau,"A man glimpses the future Fate has planned for him – and chooses to fight for his own destiny. Battling the powerful Adjustment Bureau across, under and through the streets of New York, he risks his destined greatness to be with the only woman he's ever loved.",6.1959,2011-03-03,6.777,4870,2011,2010
[35],9398,Zoolander,en,Zoolander,"Clear the runway for Derek Zoolander, VH1's three-time male model of the year. His face falls when hippie-chic Hansel scooters in to steal this year's award. The evil fashion guru Mugatu seizes the opportunity to turn Derek into a killing machine. It's a well-designed conspiracy and only with the help of Hansel and a few well-chosen accessories like Matilda can Derek make the world safe for male models everywhere.",5.5638,2001-09-28,6.217,4870,2001,2000
"[18, 28]",296524,Deepwater Horizon,en,Deepwater Horizon,"A story set on the offshore drilling rig Deepwater Horizon, which exploded during April 2010 and created the worst oil spill in U.S. history.",6.7468,2016-09-28,6.893,4869,2016,2010
"[16, 12, 10751, 18, 37]",9023,Spirit: Stallion of the Cimarron,en,Spirit: Stallion of the Cimarron,A captured mustang remains determined to return to his herd no matter what.,9.623,2002-05-24,7.7,4861,2002,2000
"[28, 12, 53, 80, 18]",7451,xXx,en,xXx,"Xander Cage is your standard adrenaline junkie with no fear and a lousy attitude. When the US Government ""recruits"" him to go on a mission, he's not exactly thrilled. His mission: to gather information on an organization that may just be planning the destruction of the world, led by the nihilistic Yorgi.",61.9275,2002-08-09,5.986,4863,2002,2000
"[18, 10751, 14]",1585,It's a Wonderful Life,en,It's a Wonderful Life,"George Bailey has spent his entire life giving to the people of Bedford Falls.  All that prevents rich skinflint Mr. Potter from taking over the entire town is George's modest building and loan company.  But on Christmas Eve the business's $8,000 is lost and George's troubles begin.",11.5862,1946-12-20,8.3,4859,1946,1940
"[18, 37]",335,Once Upon a Time in the West,it,C'era una volta il West,"As the railroad builders advance unstoppably through the Arizona desert on their way to the sea, Jill arrives in the small town of Flagstone with the intention of starting a new life.",11.1518,1968-12-21,8.274,4856,1968,1960
"[28, 35]",37834,Knight and Day,en,Knight and Day,"A fugitive couple goes on a glamorous and sometimes deadly adventure where nothing and no one – even themselves – are what they seem. Amid shifting alliances and unexpected betrayals, they race across the globe, with their survival ultimately hinging on the battle of truth vs. trust.",6.5682,2010-06-15,6.228,4855,2010,2010
"[53, 18]",97630,Zero Dark Thirty,en,Zero Dark Thirty,"A chronicle of the decade-long hunt for al-Qaeda terrorist leader Osama bin Laden after the September 2001 attacks, and his death at the hands of the Navy S.E.A.L. Team 6 in May, 2011.",6.5517,2012-12-19,6.993,4853,2012,2010
"[12, 16, 10751, 35, 878]",278154,Ice Age: Collision Course,en,Ice Age: Collision Course,"Set after the events of Continental Drift, Scrat's epic pursuit of his elusive acorn catapults him outside of Earth, where he accidentally sets off a series of cosmic events that transform and threaten the planet. To save themselves from peril, Manny, Sid, Diego, and the rest of the herd leave their home and embark on a quest full of thrills and spills, highs and lows, laughter and adventure while traveling to exotic new lands and locations.",8.4374,2016-06-23,6.113,4851,2016,2010
"[27, 9648]",3021,1408,en,1408,"A man who specializes in debunking paranormal occurrences checks into the fabled room 1408 in the Dolphin Hotel. Soon after settling in, he confronts genuine terror.",6.2788,2007-06-22,6.698,4845,2007,2000
"[10749, 18]",152584,Blue Is the Warmest Color,fr,La Vie d'Adèle - Chapitres 1 et 2,"Adèle's life is changed when she meets Emma, a young woman with blue hair, who will allow her to discover desire, to assert herself as a woman and as an adult. In front of others, Adele grows, seeks herself, loses herself, finds herself.",3.7971,2013-10-09,7.1,4840,2013,2010
"[27, 14]",501170,Doctor Sleep,en,Doctor Sleep,"Still scarred by the trauma he endured as a child at the Overlook Hotel, Dan Torrance faces the ghosts of the past when he meets Abra, a courageous teen who desperately needs his help -- and who possesses a powerful extrasensory ability called the ""shine"".",8.8656,2019-10-30,7.143,4835,2019,2010
"[53, 9648, 27]",631843,Old,en,Old,A group of families on a tropical holiday discover that the secluded beach where they are staying is somehow causing them to age rapidly – reducing their entire lives into a single day.,6.9323,2021-07-21,6.3,4834,2021,2020
"[28, 80, 53]",9679,Gone in Sixty Seconds,en,Gone in Sixty Seconds,"Ex-car thief Randall Raines is forced out of retirement to save his brother Kip after a boost gone wrong. With the help of allies old and new, they race to meet the demands of notorious crime boss Raymond Calitri as the police are in hot pursuit.",7.3635,2000-06-09,6.454,4829,2000,2000
"[37, 80, 18]",338766,Hell or High Water,en,Hell or High Water,A divorced dad and his ex-con brother resort to a desperate scheme in order to save their family's farm in West Texas.,6.0239,2016-08-11,7.301,4821,2016,2010
"[12, 18, 28]",147441,Exodus: Gods and Kings,en,Exodus: Gods and Kings,"The defiant leader Moses rises up against the Egyptian Pharaoh Ramses, setting 400,000 slaves on a monumental journey of escape from Egypt and its terrifying cycle of deadly plagues.",9.7257,2014-12-03,5.881,4821,2014,2010
"[27, 9648]",588,Silent Hill,en,Silent Hill,"Rose, a desperate mother, takes her adopted daughter, Sharon, to the town of Silent Hill in an attempt to cure her of her ailment. After a violent car crash, Sharon disappears, and Rose embarks on a horrific journey to get her back and begins to uncover the truth behind the apocalyptic disaster that burned the town 30 years earlier.",11.7772,2006-04-21,6.622,4821,2006,2000
"[27, 9648]",8329,[REC],es,[REC],A television reporter and cameraman follow emergency workers into a dark apartment building and are quickly locked inside with something terrifying.,6.3438,2007-11-23,7.2,4820,2007,2000
"[18, 10749, 10402]",824,Moulin Rouge!,en,Moulin Rouge!,"A celebration of love and creative inspiration takes place in the infamous, gaudy and glamorous Parisian nightclub, at the cusp of the 20th century. A young poet, who is plunged into the heady world of Moulin Rouge, begins a passionate affair with the club's most notorious and beautiful star.",5.2867,2001-05-18,7.531,4818,2001,2000
"[80, 18, 53]",9366,Donnie Brasco,en,Donnie Brasco,An FBI undercover agent infiltrates the mob and identifies more with the mafia life at the expense of his regular one.,7.3056,1997-02-27,7.539,4816,1997,1990
"[27, 878]",762504,Nope,en,Nope,"Residents in a lonely gulch of inland California bear witness to an uncanny, chilling discovery.",8.2081,2022-07-20,6.82,4816,2022,2020
"[27, 53]",376570,Hush,en,Hush,A deaf woman is stalked by a psychotic killer in her secluded home.,5.6813,2016-03-12,6.734,4811,2016,2010
"[35, 14]",2978,Ghostbusters II,en,Ghostbusters II,The discovery of a massive river of ectoplasm and a resurgence of spectral activity allows the staff of Ghostbusters to revive the business.,7.0509,1989-06-16,6.595,4811,1989,1980
"[12, 14]",2268,The Golden Compass,en,The Golden Compass,"In a parallel universe, after overhearing a shocking secret, precocious orphan Lyra Belacqua trades her carefree existence roaming the halls of Jordan College for an otherworldly adventure in the far North, unaware that it's part of her destiny.",7.2972,2007-12-04,6.083,4802,2007,2000
"[10751, 35, 16, 12]",7518,Over the Hedge,en,Over the Hedge,"A scheming raccoon fools a mismatched family of forest creatures into helping him repay a debt of food, by invading the new suburban sprawl that popped up while they were hibernating – and learns a lesson about family himself.",8.6489,2006-05-17,6.591,4799,2006,2000
"[80, 36, 18]",11322,Public Enemies,en,Public Enemies,"Depression-era bank robber John Dillinger's charm and audacity endear him to much of America's downtrodden public, but he's also a thorn in the side of J. Edgar Hoover and the fledgling FBI. Desperate to capture the elusive outlaw, Hoover makes Dillinger his first Public Enemy Number One and assigns his top agent, Melvin Purvis, the task of bringing him in dead or alive.",6.9739,2009-07-01,6.687,4796,2009,2000
"[18, 10749]",11216,Cinema Paradiso,it,Nuovo Cinema Paradiso,"A filmmaker recalls his childhood, when he fell in love with the movies at his village's theater and formed a deep friendship with the theater's projectionist.",10.7288,1988-11-17,8.425,4791,1988,1980
"[28, 878, 12]",786892,Furiosa: A Mad Max Saga,en,Furiosa: A Mad Max Saga,"As the world falls, young Furiosa is snatched from the Green Place of Many Mothers into the hands of a great biker horde led by the warlord Dementus. Sweeping through the wasteland, they encounter the citadel presided over by Immortan Joe. The two tyrants wage war for dominance, and Furiosa must survive many trials as she puts together the means to find her way home.",16.1814,2024-05-22,7.451,4784,2024,2020
"[35, 80, 28]",134374,Pain & Gain,en,Pain & Gain,"Daniel Lugo, manager of the Sun Gym in 1990s Miami, decides that there is only one way to achieve his version of the American dream: extortion. To achieve his goal, he recruits musclemen Paul and Adrian as accomplices. After several failed attempts, they abduct rich businessman Victor Kershaw and convince him to sign over all his assets to them. But when Kershaw makes it out alive, authorities are reluctant to believe his story.",5.349,2013-04-18,6.3,4782,2013,2010
"[27, 9648]",9358,Final Destination 2,en,Final Destination 2,"When Kimberly has a violent premonition of a highway pileup she blocks the freeway, keeping a few others meant to die, safe...Or are they? The survivors mysteriously start dying and it's up to Kimberly to stop it before she's next.",8.9035,2003-01-31,6.303,4778,2003,2000
"[28, 18, 10752, 10749, 53]",369885,Allied,en,Allied,"In 1942, an intelligence officer in North Africa encounters a female French Resistance fighter on a deadly mission behind enemy lines. When they reunite in London, their relationship is tested by the pressures of war.",6.5127,2016-11-23,6.803,4776,2016,2010
"[28, 878, 14]",526896,Morbius,en,Morbius,"Dangerously ill with a rare blood disorder, and determined to save others suffering his same fate, Dr. Michael Morbius attempts a desperate gamble. What at first appears to be a radical success soon reveals itself to be a remedy potentially worse than the disease.",7.9065,2022-03-30,5.915,4776,2022,2020
"[12, 28, 14]",1735,The Mummy: Tomb of the Dragon Emperor,en,The Mummy: Tomb of the Dragon Emperor,"Archaeologist Rick O'Connell travels to China, pitting him against an emperor from the 2,000-year-old Han dynasty who's returned from the dead to pursue a quest for world domination. This time, O'Connell enlists the help of his wife and son to quash the so-called 'Dragon Emperor' and his abuse of supernatural power.",13.0325,2008-07-01,5.513,4773,2008,2000
"[35, 10751]",14306,Marley & Me,en,Marley & Me,"A newly married couple, in the process of starting a family, learn many of life's important lessons from their trouble-loving retriever, Marley. Packed with plenty of laughs to lighten the load, the film explores the highs and lows of marriage, maturity and confronting one's own mortality, as seen through the lens of family life with a dog.",4.8797,2008-12-25,7.183,4772,2008,2000
"[35, 10751, 14]",10830,Matilda,en,Matilda,"Matilda Wormwood is an brilliant and intelligent little girl. Unfortunately, her parents, Harry and Zinnia, fail to see that fact. As time passes, she finally starts school and has a kind teacher, loyal friends, and a terrifying, sadistic headmistress. As she becomes fed up with the constant cruelty, she discovers she has a special gift that she just might be able to use to outwit the unruly adults around her.",11.3718,1996-08-02,7.172,4772,1996,1990
[18],1374,Rocky IV,en,Rocky IV,"Rocky Balboa holds the world heavyweight championship, but a new challenger has stepped forward: Drago, a six-foot-four, 261-pound fighter who has the backing of the Soviet Union. This time, Rocky's training regimen takes him to Siberia, where he prepares for a globally televised match in the heart of Moscow. But nothing can truly prepare him for what he's about to face – a fight to the finish, in which he must defend not only himself, but also the honor of his country!",7.2082,1985-11-21,7.08,4773,1985,1980
"[35, 18, 10751, 10402, 10749, 10770]",10947,High School Musical,en,High School Musical,A popular high school athlete and an academically gifted girl get roles in the school musical and develop a friendship that threatens East High's social order.,4.8397,2006-01-20,6.5,4771,2006,2000
"[16, 14, 10751]",12429,Ponyo,ja,崖の上のポニョ,"When Sosuke, a young boy who lives on a clifftop overlooking the sea, rescues a stranded goldfish named Ponyo, he discovers more than he bargained for. Ponyo is a curious, energetic young creature who yearns to be human, but even as she causes chaos around the house, her father, a powerful sorcerer, schemes to return Ponyo to the sea.",9.1743,2008-07-19,7.8,4769,2008,2000
"[28, 14]",547016,The Old Guard,en,The Old Guard,Four undying warriors who've secretly protected humanity for centuries become targeted for their mysterious powers just as they discover a new immortal.,5.6147,2020-07-09,7.099,4763,2020,2020
"[35, 10749]",9603,Clueless,en,Clueless,"Shallow, rich and socially successful Cher is at the top of her Beverly Hills high school's pecking scale. Seeing herself as a matchmaker, Cher first coaxes two teachers into dating each other. Emboldened by her success, she decides to give hopelessly klutzy new student Tai a makeover. When Tai becomes more popular than she is, Cher realizes that her disapproving ex-stepbrother was right about how misguided she was -- and falls for him.",9.3471,1995-07-19,7.252,4763,1995,1990
"[35, 9648]",514999,Murder Mystery,en,Murder Mystery,"On a long-awaited trip to Europe, a New York City cop and his hairdresser wife scramble to solve a baffling murder aboard a billionaire's yacht.",4.8978,2019-05-25,6.257,4759,2019,2010
"[53, 878, 28]",2787,Pitch Black,en,Pitch Black,"When their ship crash-lands on a remote planet, the marooned passengers soon learn that escaped convict Riddick isn't the only thing they have to fear. Deadly creatures lurk in the shadows, waiting to attack in the dark, and the planet is rapidly plunging into the utter blackness of a total eclipse. With the body count rising, the doomed survivors are forced to turn to Riddick with his eerie eyes to guide them through the darkness to safety. With time running out, there's only one rule: Stay in the light.",3.6325,2000-02-18,6.86,4757,2000,2000
"[878, 27]",536554,M3GAN,en,M3GAN,"A brilliant toy company roboticist uses artificial intelligence to develop M3GAN, a life-like doll programmed to emotionally bond with her newly orphaned niece. But when the doll's programming works too well, she becomes overprotective of her new friend with terrifying results.",9.9837,2022-12-28,7.027,4758,2022,2020
[18],1367,Rocky II,en,Rocky II,"After Rocky goes the distance with champ Apollo Creed, both try to put the fight behind them and move on. Rocky settles down with Adrian but can't put his life together outside the ring, while Creed seeks a rematch to restore his reputation. Soon enough, the ""Master of Disaster"" and the ""Italian Stallion"" are set on a collision course for a climactic battle that is brutal and unforgettable.",5.8608,1979-06-15,7.288,4756,1979,1970
"[35, 18, 14]",492,Being John Malkovich,en,Being John Malkovich,"One day at work, unsuccessful puppeteer Craig finds a portal into the head of actor John Malkovich. The portal soon becomes a passion for anybody who enters its mad and controlling world of overtaking another human body.",5.6083,1999-10-29,7.417,4754,1999,1990
"[9648, 12, 35]",9637,Scooby-Doo,en,Scooby-Doo,"When the Mystery Inc. gang is invited to Spooky Island, a popular amusement park, they soon discover that the attractions aren't the only things that are spooky. Strange things are happening, and it's up to Scooby, Shaggy, Fred, Daphne, and Velma to uncover the truth behind the mysterious happenings.",7.5776,2002-06-14,6.099,4747,2002,2000
"[28, 53, 18]",5503,The Fugitive,en,The Fugitive,"Wrongfully convicted of murdering his wife and sentenced to death, Richard Kimble escapes from the law in an attempt to find the real killer and clear his name.",8.1839,1993-08-06,7.474,4742,1993,1990
"[16, 10402, 35, 10751]",438695,Sing 2,en,Sing 2,"Buster and his new cast now have their sights set on debuting a new show at the Crystal Tower Theater in glamorous Redshore City. But with no connections, he and his singers must sneak into the Crystal Entertainment offices, run by the ruthless wolf mogul Jimmy Crystal, where the gang pitches the ridiculous idea of casting the lion rock legend Clay Calloway in their show. Buster must embark on a quest to find the now-isolated Clay and persuade him to return to the stage.",11.3648,2021-12-01,7.832,4736,2021,2020
"[18, 36]",1578,Raging Bull,en,Raging Bull,"The life of boxer Jake LaMotta, whose violence and temper that led him to the top in the ring destroyed his life outside of it.",6.3751,1980-11-14,7.904,4725,1980,1980
"[16, 878, 28]",149,Akira,ja,AKIRA,A secret military project endangers Neo-Tokyo when it turns a biker gang member into a rampaging psychic psychopath that only two teenagers and a group of psychics can stop.,9.4353,1988-06-10,7.944,4724,1988,1980
"[36, 10402, 18]",279,Amadeus,en,Amadeus,Disciplined Italian composer Antonio Salieri becomes consumed by jealousy and resentment towards the hedonistic and remarkably talented young Salzburger composer Wolfgang Amadeus Mozart.,8.5806,1984-09-19,8.022,4720,1984,1980
"[35, 10751, 14, 16]",6477,Alvin and the Chipmunks,en,Alvin and the Chipmunks,"A struggling songwriter named Dave Seville finds success when he comes across a trio of singing chipmunks: mischievous leader Alvin, brainy Simon, and chubby, impressionable Theodore.",8.8278,2007-12-13,5.834,4717,2007,2000
[18],103663,The Hunt,da,Jagten,"A teacher lives a lonely life, all the while struggling over his son’s custody. His life slowly gets better as he finds love and receives good news from his son, but his new luck is about to be brutally shattered by an innocent little lie.",6.2859,2012-10-25,8.097,4709,2012,2010
"[16, 35, 12]",8916,Antz,en,Antz,"A neurotic worker ant in love with a rebellious princess rises to unlikely stardom when he switches places with a soldier. Signing up to march in a parade, he ends up under the command of a bloodthirsty general. But he's actually been enlisted to fight against a termite army.",5.9915,1998-10-02,6.178,4707,1998,1990
"[35, 10749]",9602,Coming to America,en,Coming to America,"An African prince decides it’s time for him to find a princess... and his mission leads him and his most loyal friend to Queens, New York. In disguise as an impoverished immigrant, the pampered prince quickly finds himself a new job, new friends, new digs, new enemies and lots of trouble.",7.9387,1988-06-29,6.876,4706,1988,1980
"[10752, 28, 18]",193756,Lone Survivor,en,Lone Survivor,"Four Navy SEALs on a covert mission to neutralize a high-level Taliban operative must make an impossible moral decision in the mountains of Afghanistan that leads them into an enemy ambush. As they confront unthinkable odds, the SEALs must find reserves of strength and resilience to fight to the finish.",8.0903,2013-12-24,7.429,4704,2013,2010
"[27, 28, 878]",1577,Resident Evil: Apocalypse,en,Resident Evil: Apocalypse,"As the city is locked down under quarantine, Alice finds out that the people that died from the previous incident at the Umbrella Corporation have turned into zombies. She then joins a small band of elite soldiers, who are enlisted to rescue the missing daughter of the creator of the mutating T-virus.  Once lack of luck and resources happen, they begin to wage an exhilarating battle to survive and escape before the Umbrella Corporation erases its experiment from the face of the earth.",4.4819,2004-09-10,6.356,4703,2004,2000
"[18, 27]",133805,Carrie,en,Carrie,"An awkward, telekinetic teenage girl is the object of relentless bullying at school and an oppressively religious mother at home.",5.3021,2013-10-16,6.047,4697,2013,2010
[18],45317,The Fighter,en,The Fighter,"Boxer ""Irish"" Micky Ward's unlikely road to the world light welterweight title. His Rocky-like rise was shepherded by half-brother Dicky, a boxer-turned-trainer who rebounded in life after nearly being KO'd by drugs and crime.",5.4219,2010-12-10,7.38,4692,2010,2010
"[80, 53, 27]",9533,Red Dragon,en,Red Dragon,"Former FBI Agent Will Graham, who was once almost killed by the savage Hannibal 'The Cannibal' Lecter, now has no choice but to face him again, as it seems Lecter is the only one who can help Graham track down a new serial killer.",1.8722,2002-10-02,7.04,4688,2002,2000
"[27, 9648]",4233,Scream 2,en,Scream 2,"Two years after the Woodsboro murders, Sidney Prescott acclimates to college life while someone donning the Ghostface costume begins a new string of killings.",11.0408,1997-12-12,6.513,4682,1997,1990
"[16, 35, 10751, 14]",400155,Hotel Transylvania 3: Summer Vacation,en,Hotel Transylvania 3: Summer Vacation,"Dracula, Mavis, Johnny and the rest of the Drac Pack take a vacation on a luxury Monster Cruise Ship, where Dracula falls in love with the ship’s captain, Ericka, who’s secretly a descendant of Abraham Van Helsing, the notorious monster slayer.",10.5689,2018-06-28,6.851,4680,2018,2010
[35],71552,American Reunion,en,American Reunion,"The characters we met a little more than a decade ago return to East Great Falls for their high school reunion. In one long-overdue weekend, they will discover what has changed, who hasn’t, and that time and distance can’t break the bonds of friendship.",7.9693,2012-04-04,6.3,4679,2012,2010
"[18, 12, 10749, 53]",1907,The Beach,en,The Beach,"Twenty-something Richard travels to Thailand and finds himself in possession of a strange map. Rumours state that it leads to a solitary beach paradise, a tropical bliss - excited and intrigued, he sets out to find it.",6.8625,2000-02-03,6.483,4679,2000,2000
"[27, 9648]",397243,The Autopsy of Jane Doe,en,The Autopsy of Jane Doe,"Father and son coroners receive a mysterious unidentified corpse with no apparent cause of death. As they attempt to examine the ""Jane Doe,"" they discover increasingly bizarre clues that hold the key to her terrifying secrets.",10.4471,2016-12-21,6.834,4676,2016,2010
"[35, 10749]",9522,Wedding Crashers,en,Wedding Crashers,"John and his buddy Jeremy are emotional criminals who know how to use a woman's hopes and dreams for their own carnal gain. Their modus operandi: crashing weddings. Normally, they meet guests who want to toast the romantic day with a random hook-up. But when John meets Claire, he discovers what true love – and heartache – feels like.",6.5986,2005-07-13,6.496,4670,2005,2000
[37],391,A Fistful of Dollars,it,Per un pugno di dollari,"The Man With No Name enters the Mexican village of San Miguel in the midst of a power struggle among the three Rojo brothers and sheriff John Baxter. When a regiment of Mexican soldiers bearing gold intended to pay for new weapons is waylaid by the Rojo brothers, the stranger inserts himself into the middle of the long-simmering battle, selling false information to both sides for his own benefit.",6.9958,1964-09-12,7.825,4671,1964,1960
"[28, 80, 18, 53]",136797,Need for Speed,en,Need for Speed,"The film revolves around a local street-racer who partners with a rich and arrogant business associate, only to find himself framed by his colleague and sent to prison. After he gets out, he joins a New York-to-Los Angeles race to get revenge. But when the ex-partner learns of the scheme, he puts a massive bounty on the racer's head, forcing him to run a cross-country gauntlet of illegal racers in all manner of supercharged vehicles.",7.285,2014-03-12,6.432,4668,2014,2010
"[28, 18, 10751]",1885,The Karate Kid,en,The Karate Kid,"New Jersey teen Daniel LaRusso moves to Los Angeles with his mother, and soon strikes up a relationship with Ali. He quickly finds himself the target of bullying by a group of thugs, led by Ali's ex-boyfriend Johnny, who study karate at the Cobra Kai dojo under ruthless sensei John Kreese. Fortunately, Daniel befriends Mr. Miyagi, an unassuming repairman who just happens to be a martial arts master himself. Miyagi takes Daniel under his wing, training him in a more compassionate form of karate for self-defense and, later, preparing him to compete against the brutal Cobra Kai.",8.0145,1984-06-22,7.216,4665,1984,1980
"[18, 10749]",4347,Atonement,en,Atonement,A young girl irrevocably changes the course of several lives when she accuses her older sister's lover of a crime he did not commit.,9.4347,2007-02-27,7.633,4663,2007,2000
"[12, 14, 16, 28, 10751]",10515,Castle in the Sky,ja,天空の城ラピュタ,A young boy and a girl with a magic crystal must race against pirates and foreign agents in a search for a legendary floating castle.,7.4889,1986-08-02,8.0,4651,1986,1980
"[10751, 12, 16, 18, 10749]",9732,The Lion King II: Simba's Pride,en,The Lion King II: Simba's Pride,"The circle of life continues for Simba, now fully grown and in his rightful place as the king of Pride Rock. Simba and Nala have given birth to a daughter, Kiara who's as rebellious as her father was. But Kiara drives her parents to distraction when she catches the eye of Kovu, the son of the evil lioness, Zira. Will Kovu steal Kiara's heart?",10.7736,1998-10-24,6.937,4651,1998,1990
"[35, 10749]",55721,Bridesmaids,en,Bridesmaids,"Annie's life is a mess. But when she finds out her lifetime best friend is engaged, she simply must serve as Lillian's maid of honor. Though lovelorn and broke, Annie bluffs her way through the expensive and bizarre rituals. With one chance to get it perfect, she’ll show Lillian and her bridesmaids just how far you’ll go for someone you love.",9.2628,2011-05-13,6.506,4646,2011,2010
"[12, 18, 37]",581,Dances with Wolves,en,Dances with Wolves,"Wounded Civil War soldier John Dunbar tries to commit suicide—and becomes a hero instead. As a reward, he's assigned to his dream post, a remote junction on the Western frontier, and soon makes unlikely friends with the local Sioux tribe.",9.8971,1990-03-30,7.837,4646,1990,1990
"[28, 53, 80]",1701,Con Air,en,Con Air,"Newly-paroled former US Army ranger Cameron Poe is headed back to his wife, but must fly home aboard a prison transport flight dubbed ""Jailbird"" taking the “worst of the worst” prisoners, a group described as “pure predators”, to a new super-prison. Poe faces impossible odds when the transport plane is skyjacked mid-flight by the most vicious criminals in the country led by the mastermind — genius serial killer Cyrus ""The Virus"" Grissom, and backed by black militant Diamond Dog and psychopath Billy Bedlam.",8.9889,1997-06-05,6.768,4644,1997,1990
[35],109418,Grown Ups 2,en,Grown Ups 2,"Lenny has relocated his family back to the small town where he and his friends grew up. This time around, the grown ups are the ones learning lessons from their kids on a day notoriously full of surprises—the last day of school.",11.2908,2013-07-11,6.142,4630,2013,2010
"[18, 10749]",76,Before Sunrise,en,Before Sunrise,"An unexpected meeting on a train leads two travelers to spend an evening wandering through Vienna. As the night unfolds, they share stories and conversations about life and love, exploring new ideas while a quiet intimacy grows between them, knowing it may be their only night together.",9.6534,1995-01-27,7.973,4632,1995,1990
"[878, 12, 28]",1061474,Superman,en,Superman,"Superman, a journalist in Metropolis, embarks on a journey to reconcile his Kryptonian heritage with his human upbringing as Clark Kent.",30.2977,2025-07-09,7.342,4626,2025,2020
"[18, 36, 80, 53]",302401,Snowden,en,Snowden,CIA employee Edward Snowden leaks thousands of classified documents to the press.,6.0275,2016-09-15,7.109,4625,2016,2010
"[16, 10751, 12]",11886,Robin Hood,en,Robin Hood,"With King Richard off to the Crusades, Prince John and his slithering minion, Sir Hiss, set about taxing Nottingham's citizens with support from the corrupt sheriff - and staunch opposition by the wily Robin Hood and his band of merry men.",5.8428,1973-11-08,7.304,4625,1973,1970
[18],785084,The Whale,en,The Whale,A reclusive English teacher suffering from severe obesity attempts to reconnect with his estranged teenage daughter for one last chance at redemption.,6.9443,2022-12-09,7.775,4621,2022,2020
"[14, 28, 9648]",123553,The Mortal Instruments: City of Bones,en,The Mortal Instruments: City of Bones,"In New York City, Clary Fray, a seemingly ordinary teenager, learns that she is descended from a line of Shadowhunters — half-angel warriors who protect humanity from evil forces. After her mother disappears, Clary joins forces with a group of Shadowhunters and enters Downworld, an alternate realm filled with demons, vampires, and a host of other creatures. Clary and her companions must find and protect an ancient cup that holds the key to her mother's future.",8.483,2013-08-21,6.428,4621,2013,2010
"[16, 10751, 35]",508965,Klaus,en,Klaus,"A selfish postman and a reclusive toymaker form an unlikely friendship, delivering joy to a cold, dark town that desperately needs it.",7.316,2019-11-08,8.223,4620,2019,2010
"[10751, 14, 35, 12]",10137,Stuart Little,en,Stuart Little,"When the Littles adopt Stuart, the mouse, George is initially unwelcoming to his new brother, and the family cat, Snowbell, is even less enthusiastic. Stuart resolves to face these difficulties with as much pluck and courage as he can muster.",6.4711,1999-12-17,6.068,4620,1999,1990
"[28, 53, 9648]",399035,The Commuter,en,The Commuter,"A businessman, on his daily commute home, gets unwittingly caught up in a criminal conspiracy that threatens not only his life but the lives of those around him.",5.1273,2018-01-11,6.362,4618,2018,2010
"[9648, 10749, 878]",1903,Vanilla Sky,en,Vanilla Sky,"David Aames has it all: wealth, good looks and gorgeous women on his arm. But just as he begins falling for the warmhearted Sofia, his face is horribly disfigured in a car accident. That's just the beginning of his troubles as the lines between illusion and reality, between life and death, are blurred.",6.4726,2001-12-14,6.82,4617,2001,2000
[18],381341,Perfect Strangers,it,Perfetti sconosciuti,"During a dinner, a group of friends decide to share whatever message or phone call they will receive during the evening, with unforeseen consequences.",3.7285,2016-02-11,7.855,4614,2016,2010
"[18, 878]",227156,The Giver,en,The Giver,"In a seemingly perfect community, without war, pain, suffering, differences or choice, a young boy is chosen to learn from an elderly man about the true pain and pleasure of the ""real"" world.",5.236,2014-08-13,6.6,4612,2014,2010
"[10752, 18]",49046,All Quiet on the Western Front,de,Im Westen nichts Neues,"Paul Baumer and his friends Albert and Muller, egged on by romantic dreams of heroism, voluntarily enlist in the German army. Full of excitement and patriotic fervour, the boys enthusiastically march into a war they believe in. But once on the Western Front, they discover the soul-destroying horror of World War I.",6.3849,2022-10-07,7.716,4609,2022,2020
"[878, 18]",840,Close Encounters of the Third Kind,en,Close Encounters of the Third Kind,"After an encounter with UFOs, an electricity linesman feels undeniably drawn to an isolated area in the wilderness where something spectacular is about to happen.",6.8976,1977-12-14,7.3,4604,1977,1970
"[28, 12, 878]",305470,Power Rangers,en,Power Rangers,"Five ordinary teens must become something extraordinary when they learn that their small town of Angel Grove — and the world — is on the verge of being obliterated by an alien threat. Chosen by destiny, our heroes quickly discover they are the only ones who can save the planet. But to do so, they will have to overcome their real-life issues and before it’s too late, band together as the Power Rangers.",5.8709,2017-03-23,6.249,4603,2017,2010
[18],9800,Philadelphia,en,Philadelphia,"Two competing lawyers join forces to sue a prestigious law firm for AIDS discrimination. As their unlikely friendship develops, their courage overcomes the prejudice and corruption of their powerful adversaries.",5.5594,1993-12-22,7.716,4599,1993,1990
"[28, 12, 878]",823464,Godzilla x Kong: The New Empire,en,Godzilla x Kong: The New Empire,"Following their explosive showdown, Godzilla and Kong must reunite against a colossal undiscovered threat hidden within our world, challenging their very existence – and our own.",17.766,2024-03-27,7.047,4598,2024,2020
[35],325133,Neighbors 2: Sorority Rising,en,Neighbors 2: Sorority Rising,A sorority moves in next door to the home of Mac and Kelly Radner who have a young child. The Radner's enlist their former nemeses from the fraternity to help battle the raucous sisters.,4.7172,2016-05-04,5.815,4591,2016,2010
"[18, 27, 9648, 53]",63311,The Skin I Live In,es,La piel que habito,A brilliant plastic surgeon creates a synthetic skin that withstands any kind of damage. His guinea pig: a mysterious and volatile woman who holds the key to his obsession.,5.7373,2011-08-17,7.489,4583,2011,2010
"[18, 53, 878]",339988,The Circle,en,The Circle,"A young tech worker takes a job at a powerful Internet corporation, quickly rises up the company's ranks, and soon finds herself in a perilous situation concerning privacy, surveillance and freedom. She comes to learn that her decisions and actions will determine the future of humanity.",3.8866,2017-04-27,5.523,4573,2017,2010
"[35, 18, 10749]",19404,Dilwale Dulhania Le Jayenge,hi,दिलवाले दुल्हनिया ले जायेंगे,"Raj is a rich, carefree, happy-go-lucky second generation NRI. Simran is the daughter of Chaudhary Baldev Singh, who in spite of being an NRI is very strict about adherence to Indian values. Simran has left for India to be married to her childhood fiancé. Raj leaves for India with a mission at his hands, to claim his lady love under the noses of her whole family. Thus begins a saga.",13.7062,1995-10-20,8.515,4573,1995,1990
"[80, 18]",4133,Blow,en,Blow,"A boy named George Jung grows up in a struggling family in the 1950's. His mother nags at her husband as he is trying to make a living for the family. It is finally revealed that George's father cannot make a living and the family goes bankrupt. George does not want the same thing to happen to him, and his friend Tuna, in the 1960's, suggests that he deal marijuana. He is a big hit in California in the 1960's, yet he goes to jail, where he finds out about the wonders of cocaine. As a result, when released, he gets rich by bringing cocaine to America. However, he soon pays the price.",7.4611,2001-04-04,7.352,4568,2001,2000
"[878, 28, 53]",34851,Predators,en,Predators,A group of cold-blooded killers find themselves trapped on an alien planet to be hunted by extraterrestrial Predators.,8.4622,2010-07-07,6.295,4567,2010,2010
[35],291870,Dirty Grandpa,en,Dirty Grandpa,"Jason Kelly is one week away from marrying his boss's uber-controlling daughter, putting him on the fast track for a partnership at the law firm. However, when the straight-laced Jason is tricked into driving his foul-mouthed grandfather, Dick, to Daytona for spring break, his pending nuptials are suddenly in jeopardy. Between riotous frat parties, bar fights, and an epic night of karaoke, Dick is on a quest to live his life to the fullest and bring Jason along for the ride.",5.1862,2016-01-20,5.935,4563,2016,2010
"[878, 12, 16, 10751, 14]",9016,Treasure Planet,en,Treasure Planet,"When space galleon cabin boy Jim Hawkins discovers a map to an intergalactic ""loot of a thousand worlds,"" a cyborg cook named John Silver teaches him to battle supernovas and space storms on their journey to find treasure.",8.6429,2002-11-26,7.562,4564,2002,2000
"[12, 35, 80]",134,"O Brother, Where Art Thou?",en,"O Brother, Where Art Thou?","In the deep south during the 1930s, three escaped convicts search for hidden treasure while a relentless lawman pursues them.",7.232,2000-08-30,7.329,4557,2000,2000
"[35, 80, 28]",90,Beverly Hills Cop,en,Beverly Hills Cop,"Fast-talking, quick-thinking Detroit street cop Axel Foley has bent more than a few rules and regs in his time, but when his best friend is murdered, he heads to sunny Beverly Hills to work the case like only he can.",7.7442,1984-12-05,7.203,4557,1984,1980
"[10749, 35, 18]",138697,Don Jon,en,Don Jon,"A New Jersey guy dedicated to his family, friends, and church, develops unrealistic expectations from watching porn and works to find happiness and intimacy with his potential true love.",7.0261,2013-09-12,6.014,4556,2013,2010
"[53, 35, 9648]",484247,A Simple Favor,en,A Simple Favor,"Stephanie, a dedicated mother and popular vlogger, befriends Emily, a mysterious upper-class woman whose son Nicky attends the same school as Miles, Stephanie's son. When Emily asks her to pick Nicky up from school and then disappears, Stephanie undertakes an investigation that will dive deep into Emily's cloudy past.",5.0036,2018-09-13,6.641,4555,2018,2010
"[35, 10749, 18]",639,When Harry Met Sally...,en,When Harry Met Sally...,"Sex always gets in the way of friendships between men and women. At least, that's what Harry Burns believes. So when Harry meets Sally Albright and a deep friendship blossoms between them, Harry's determined not to let his attraction to Sally destroy it. But when a night of weakness ends in a morning of panic, can the pair avoid succumbing to Harry's fears by remaining friends and admitting they just might be the perfect match for each other?",7.1389,1989-07-12,7.404,4551,1989,1980
[35],8699,Anchorman: The Legend of Ron Burgundy,en,Anchorman: The Legend of Ron Burgundy,"It's the 1970s and San Diego anchorman Ron Burgundy is the top dog in local TV, but that's all about to change when ambitious reporter Veronica Corningstone arrives as a new employee at his station.",4.9547,2004-06-28,6.703,4549,2004,2000
"[28, 35, 80]",5175,Rush Hour 2,en,Rush Hour 2,"It's vacation time for Carter as he finds himself alongside Lee in Hong Kong wishing for more excitement. While Carter wants to party and meet the ladies, Lee is out to track down a Triad gang lord who may be responsible for killing two men at the American Embassy. Things get complicated as the pair stumble onto a counterfeiting plot. The boys are soon up to their necks in fist fights and life-threatening situations. A trip back to the U.S. may provide the answers about the bombing, the counterfeiting, and the true allegiance of sexy customs agent Isabella.",10.1809,2001-08-03,6.756,4544,2001,2000
[18],637920,Miracle in Cell No. 7,tr,7. Koğuştaki Mucize,"Separated from his daughter, a father with an intellectual disability must prove his innocence when he is jailed for the death of a commander's child.",6.9453,2019-10-10,8.252,4543,2019,2010
"[18, 9648, 53]",6947,The Village,en,The Village,"When a willful young man tries to venture beyond his sequestered Pennsylvania hamlet, his actions set off a chain of chilling incidents that will alter the community forever.",6.6003,2004-07-30,6.481,4543,2004,2000
"[35, 28]",27581,The Other Guys,en,The Other Guys,"Unlike their heroic counterparts on the force, desk-bound NYPD detectives Gamble and Hoitz garner no headlines as they work day to day. When a seemingly minor case turns out to be a big deal, the two cops get the opportunity to finally prove to their comrades that they have the right stuff.",7.173,2010-08-06,6.329,4541,2010,2010
"[10402, 35, 28, 80]",525,The Blues Brothers,en,The Blues Brothers,"Jake Blues, just released from prison, puts his old band back together to save the Catholic home where he and his brother Elwood were raised.",7.1842,1980-06-16,7.717,4542,1980,1980
"[27, 53]",91586,Insidious: Chapter 2,en,Insidious: Chapter 2,The haunted Lambert family seeks to uncover the mysterious childhood secret that has left them dangerously connected to the spirit world.,10.1352,2013-09-12,6.68,4534,2013,2010
"[14, 35, 10751]",2698,Evan Almighty,en,Evan Almighty,God contacts Junior Congressman Evan Baxter and tells him to build an ark in preparation for a great flood.,4.8724,2007-06-09,5.584,4532,2007,2000
"[27, 28, 878]",7737,Resident Evil: Extinction,en,Resident Evil: Extinction,"Years after the Racoon City catastrophe, survivors travel across the Nevada desert, hoping to make it to Alaska. Alice joins the caravan and their fight against hordes of zombies and the evil Umbrella Corp.",2.0705,2007-09-20,6.303,4530,2007,2000
"[16, 10751, 14]",16859,Kiki's Delivery Service,ja,魔女の宅急便,"A young witch, on her mandatory year of independent life, finds fitting into a new community difficult while she supports herself by running an air courier service.",13.6927,1989-07-29,7.833,4529,1989,1980
"[28, 53]",36955,True Lies,en,True Lies,"A fearless, globe-trotting, terrorist-battling secret agent has his life turned upside down when he discovers his wife might be having an affair with a used car salesman while terrorists smuggle nuclear war heads into the United States.",8.4344,1994-07-15,7.092,4523,1994,1990
"[878, 28, 12]",1452,Superman Returns,en,Superman Returns,"Superman returns to discover his 5-year absence has allowed Lex Luthor to walk free, and that those he was closest to felt abandoned and have moved on. Luthor plots his ultimate revenge that could see millions killed and change the face of the planet forever, as well as ridding himself of the Man of Steel.",6.4629,2006-06-28,5.801,4523,2006,2000
"[80, 18, 53]",11423,Memories of Murder,ko,살인의 추억,"A sadistic serial rapist and murderer of young women terrorizes a small province in 1980s South Korea. To prevent further crimes, three increasingly desperate detectives with conflicting methods race against time to unravel the violent mind of the killer in a futile effort to solve the case.",11.7071,2003-04-25,8.056,4522,2003,2000
"[27, 9648]",9286,Final Destination 3,en,Final Destination 3,"High school senior Wendy's premonition of a deadly rollercoaster ride saves her life and a lucky few, but not from death itself — which seeks out those who escaped their fate.",8.2882,2006-02-09,6.151,4523,2006,2000
"[80, 35, 12]",9273,Ace Ventura: When Nature Calls,en,Ace Ventura: When Nature Calls,"Summoned from an ashram in Tibet, Ace finds himself on a perilous journey into the jungles of Africa to find Shikaka, the missing sacred animal of the friendly Wachati tribe. He must accomplish this before the wedding of the Wachati's Princess to the prince of the warrior Wachootoos. If Ace fails, the result will be a vicious tribal war.",6.9535,1995-11-10,6.3,4516,1995,1990
"[16, 10751, 14, 12, 35]",417859,Puss in Boots,en,Puss in Boots,"Long before he even met Shrek, the notorious fighter, lover and outlaw Puss in Boots becomes a hero when he sets off on an adventure with the tough and street smart Kitty Softpaws and the mastermind Humpty Dumpty to save his town. This is the true story of The Cat, The Myth, The Legend... The Boots.",8.7197,2011-10-27,6.593,4515,2011,2010
"[12, 18, 878]",387426,Okja,en,Okja,"A young girl named Mija risks everything to prevent a powerful, multi-national company from kidnapping her best friend - a massive animal named Okja.",4.8953,2017-06-28,7.337,4514,2017,2010
"[10751, 14, 12]",329996,Dumbo,en,Dumbo,"A young elephant, whose oversized ears enable him to fly, helps save a struggling circus, but when the circus plans a new venture, Dumbo and his friends discover dark secrets beneath its shiny veneer.",5.3043,2019-03-27,6.589,4510,2019,2010
"[12, 14, 35]",493529,Dungeons & Dragons: Honor Among Thieves,en,Dungeons & Dragons: Honor Among Thieves,"A charming thief and a band of unlikely adventurers undertake an epic heist to retrieve a lost relic, but things go dangerously awry when they run afoul of the wrong people.",11.074,2023-03-23,7.327,4510,2023,2020
"[35, 10751, 14]",10719,Elf,en,Elf,"When young Buddy falls into Santa's gift sack on Christmas Eve, he's transported back to the North Pole and raised as a toy-making elf by Santa's helpers. But as he grows into adulthood, he can't shake the nagging feeling that he doesn't belong. Buddy vows to visit Manhattan and find his real dad, a workaholic.",7.2359,2003-11-07,6.666,4507,2003,2000
[18],203833,The Book Thief,en,The Book Thief,"While subjected to the horrors of WWII Germany, young Liesel finds solace by stealing books and sharing them with others. Under the stairs in her home, a Jewish refugee is being sheltered by her adoptive parents.",4.8896,2013-11-08,7.488,4506,2013,2010
[18],406,La Haine,fr,La Haine,"After a chaotic night of rioting in a marginal suburb of Paris, three young friends, Vinz, Hubert and Saïd, wander around unoccupied waiting for news about the state of health of a mutual friend who has been seriously injured when confronting the police.",7.0631,1995-05-31,8.084,4506,1995,1990
"[18, 10749]",51828,One Day,en,One Day,"A romantic comedy centered on Dexter and Emma, who first meet during their graduation in 1988 and proceed to keep in touch regularly. The film follows what they do on July 15 annually, usually doing something together.",6.9595,2011-03-02,7.411,4501,2011,2010
[35],8835,Legally Blonde,en,Legally Blonde,"Fashionable sorority queen Elle Woods has it all, but, she wants nothing more than to be Mrs. Warner Huntington III. But he dumps her before heading to Harvard Law School. Elle rallies all of her resources and gets into Harvard, determined to win him back. While there, she figures out that there is more to herself than just good looks.",10.0415,2001-07-13,6.806,4496,2001,2000
"[35, 10751, 10749]",9820,The Parent Trap,en,The Parent Trap,"Hallie Parker and Annie James are identical twins who were separated at a young age due to their parents' divorce. Unbeknownst to their parents, the girls are sent to the same summer camp, where they meet, discover the truth about their relationship, and come up with a plan to switch places in an effort to reunite their mother and father.",9.4466,1998-07-28,7.211,4485,1998,1990
"[12, 28, 878]",72545,Journey 2: The Mysterious Island,en,Journey 2: The Mysterious Island,"Sean Anderson partners with his mom's boyfriend on a mission to find his grandfather, who is thought to be missing on a mythical island.",6.8505,2012-01-19,6.147,4483,2012,2010
"[12, 28, 14]",1996,Lara Croft: Tomb Raider - The Cradle of Life,en,Lara Croft: Tomb Raider - The Cradle of Life,"Off the coast of the volcanic island of Santorini, the intrepid archaeologist Lara Croft makes the unexpected discovery of a pulsating golden orb able to guide its holder to the mythical Pandora's Box. As the legendary artifact contains ancient mysteries of unfathomable power - said to contain one of the deadliest plagues on Earth, Lara is tasked by MI6 to make sure it doesn't fall into the wrong hands. With the aid of former Marine turned mercenary Terry Sheridan, she travels the world in pursuit of the precious item in a race against time; she must beat the unscrupulous Nobel Prize-winning scientist turned bioterrorist, Jonathan Reiss, to it.",4.8584,2003-07-21,5.757,4482,2003,2000
"[14, 28, 53]",9495,The Crow,en,The Crow,"Exactly one year after young rock guitarist Eric Draven and his fiancée are brutally killed by a ruthless gang of criminals, Draven, watched over by a hypnotic crow, returns from the grave to exact revenge.",7.5164,1994-05-11,7.515,4481,1994,1990
"[53, 12]",213,North by Northwest,en,North by Northwest,"Advertising man Roger Thornhill is mistaken for a spy, triggering a deadly cross-country chase.",5.8558,1959-08-06,7.965,4480,1959,1950
"[28, 35, 12]",4327,Charlie's Angels,en,Charlie's Angels,"The captivating crime-fighting trio who are masters of disguise, espionage and martial arts are back! When a devious mastermind embroils them in a plot to destroy individual privacy, the Angels, aided by their loyal sidekick Bosley, set out to bring down the bad guys. But when a terrible secret is revealed, it makes the Angels targets for assassination.",9.8931,2000-11-02,5.852,4478,2000,2000
"[14, 12, 28]",57165,Wrath of the Titans,en,Wrath of the Titans,"Perseus tries to live a quieter life as a village fisherman while – dangerously weakened by humanity's lack of devotion – the gods are losing control of the long-imprisoned Titans and their ferocious leader, Kronos.",5.4246,2012-03-28,5.759,4476,2012,2010
"[35, 80]",12153,White Chicks,en,White Chicks,"Two FBI agent brothers, Marcus and Kevin Copeland, accidentally foil a drug bust. To avoid being fired they accept a mission escorting a pair of socialites to the Hamptons--but when the girls are disfigured in a car accident, they refuse to go. Left without options, Marcus and Kevin decide to pose as the sisters, transforming themselves from black men into rich white women.",20.2203,2004-06-23,6.93,4468,2004,2000
"[10749, 35]",272693,The DUFF,en,The DUFF,"Bianca's universe turns upside down when she learns that her high school refers to her as a ‘DUFF' (Designated Ugly Fat Friend). Hoping to erase that label, she enlists the help of a charming jock and her favorite teacher. Together they'll face the school's mean girl and remind everyone that we are all someone's DUFF… and that's totally fine.",4.2437,2015-02-20,6.8,4464,2015,2010
[53],985939,Fall,en,Fall,"For best friends Becky and Hunter, life is all about conquering fears and pushing limits. But after they climb 2,000 feet to the top of a remote, abandoned radio tower, they find themselves stranded with no way down. Now Becky and Hunter's expert climbing skills will be put to the ultimate test as they desperately fight to survive the elements, a lack of supplies, and vertigo-inducing heights.",17.27,2022-08-11,7.107,4463,2022,2020
"[28, 35, 80]",136400,2 Guns,en,2 Guns,A DEA agent and an undercover Naval Intelligence officer who have been tasked with investigating one another find they have been set up by the mob -- the very organization the two men believe they have been stealing money from.,5.6819,2013-08-02,6.54,4463,2013,2010
"[18, 28]",1371,Rocky III,en,Rocky III,Following Rocky Balboa's intense battle with his most powerful adversary yet – the ferocious Clubber Lang – Rocky joins forces with former rival Apollo Creed in an effort to get back his fighting spirit.,7.2454,1982-05-28,6.898,4461,1982,1980
"[27, 878]",945961,Alien: Romulus,en,Alien: Romulus,"While scavenging the deep ends of a derelict space station, a group of young space colonizers come face to face with the most terrifying life form in the universe.",14.7077,2024-08-13,7.168,4456,2024,2020
[35],116741,The Internship,en,The Internship,Two recently laid-off men in their 40s try to make it as interns at a successful Internet company where their managers are in their 20s.,0.2123,2013-06-07,6.237,4455,2013,2010
"[80, 18, 9648]",3580,Changeling,en,Changeling,"Los Angeles, 1928. When single mother Christine Collins leaves for work, her son vanishes without a trace. Five months later, the police reunite mother and son. But when Christine suspects that the boy returned to her isn't her child, her quest for truth exposes a world of corruption.",5.5137,2008-10-24,7.579,4455,2008,2000
"[35, 10749, 18]",164,Breakfast at Tiffany's,en,Breakfast at Tiffany's,"Holly Golightly is an eccentric New York City playgirl determined to marry a Brazilian millionaire. But when young writer Paul Varjak moves into her apartment building, her past threatens to get in their way.",9.4768,1961-10-06,7.624,4457,1961,1960
"[16, 28, 14]",635302,Demon Slayer -Kimetsu no Yaiba- The Movie: Mugen Train,ja,劇場版「鬼滅の刃」無限列車編,"Tanjiro Kamado, joined with Inosuke Hashibira, a boy raised by boars who wears a boar's head, and Zenitsu Agatsuma, a scared boy who reveals his true power when he sleeps, boards the Infinity Train on a new mission with the Fire Hashira, Kyojuro Rengoku, to defeat a demon who has been tormenting the people and killing the demon slayers who oppose it!",12.0673,2020-10-16,8.199,4453,2020,2020
"[35, 80]",37136,The Naked Gun: From the Files of Police Squad!,en,The Naked Gun: From the Files of Police Squad!,"When the bumbling Lieutenant Frank Drebin investigates events following the shooting of his partner, he stumbles upon an attempt to assassinate Queen Elizabeth II.",8.9676,1988-12-02,7.273,4450,1988,1980
"[28, 878]",2789,The Chronicles of Riddick,en,The Chronicles of Riddick,"After years of outrunning ruthless bounty hunters, escaped convict Riddick suddenly finds himself caught between opposing forces in a fight for the future of the human race. Now, waging incredible battles on fantastic and deadly worlds, this lone, reluctant hero will emerge as humanity's champion - and the last hope for a universe on the edge of annihilation.",3.3745,2004-06-11,6.55,4441,2004,2000
"[16, 18, 10749]",378064,A Silent Voice: The Movie,ja,映画 聲の形,"Shouya Ishida starts bullying the new girl in class, Shouko Nishimiya, because she is deaf. But as the teasing continues, the rest of the class starts to turn on Shouya for his lack of compassion. When they leave elementary school, Shouko and Shouya do not speak to each other again... until an older, wiser Shouya, tormented by his past behaviour, decides he must see Shouko once more. He wants to atone for his sins, but is it already too late...?",14.2513,2016-09-17,8.386,4440,2016,2010
"[27, 53]",571,The Birds,en,The Birds,Thousands of birds flock into a seaside town and terrorize the residents in a series of deadly attacks.,4.8324,1963-03-28,7.513,4439,1963,1960
"[10751, 16, 12, 35]",270946,Penguins of Madagascar,en,Penguins of Madagascar,"Skipper, Kowalski, Rico and Private join forces with undercover organization The North Wind to stop the villainous Dr. Octavius Brine from destroying the world as we know it.",14.1336,2014-11-22,6.53,4438,2014,2010
[35],4256,Scary Movie 3,en,Scary Movie 3,"In the third installment of the Scary Movie franchise, news anchorwoman Cindy Campbell has to investigate mysterious crop circles and killing video tapes, and help the President stop an alien invasion in the process.",8.901,2003-10-24,5.963,4438,2003,2000
"[35, 10749]",9919,How to Lose a Guy in 10 Days,en,How to Lose a Guy in 10 Days,"It's the battle of wills, as Andie needs to prove she can dump a guy in 10 days, whereas Ben needs to prove he can win a girl in 10 days. Now, the clock is ticking—and the wildly entertaining comedy smash is off and running in this irresistible tale of sex, lies and outrageous romantic fireworks!",8.5421,2003-02-07,6.862,4428,2003,2000
"[27, 28]",924,Dawn of the Dead,en,Dawn of the Dead,"A group of survivors take refuge in a shopping mall after the world is taken over by aggressive, flesh-eating zombies.",8.1437,2004-03-19,7.05,4428,2004,2000
[27],764,The Evil Dead,en,The Evil Dead,"In 1979, a group of college students find a Sumerian Book of the Dead in an old wilderness cabin they've rented for a weekend getaway.",9.715,1981-10-15,7.275,4425,1981,1980
"[18, 53, 80, 9648]",186,Lucky Number Slevin,en,Lucky Number Slevin,"Slevin is mistakenly put in the middle of a personal war between the city’s biggest criminal bosses. Under constant watch, Slevin must try not to get killed by an infamous assassin and come up with an idea of how to get out of his current dilemma.",5.8638,2006-02-24,7.476,4420,2006,2000
"[10751, 35, 16, 14]",360920,The Grinch,en,The Grinch,The Grinch hatches a scheme to ruin Christmas when the residents of Whoville plan their annual holiday celebration.,9.4594,2018-11-08,6.868,4412,2018,2010
"[12, 35, 14, 878]",590223,Love and Monsters,en,Love and Monsters,"Seven years since the Monsterpocalypse began, Joel Dawson has been living underground in order to survive. But after reconnecting over radio with his high school girlfriend Aimee, Joel decides to venture out to reunite with her, despite all the dangerous monsters that stand in his way.",7.1944,2020-10-16,7.27,4411,2020,2020
"[18, 53, 9648]",399057,The Killing of a Sacred Deer,en,The Killing of a Sacred Deer,"Dr. Steven Murphy is a renowned cardiovascular surgeon who presides over a spotless household with his wife and two children. Lurking at the margins of his idyllic suburban existence is Martin, a fatherless teen who insinuates himself into the doctor's life in gradually unsettling ways.",6.2127,2017-10-20,7.009,4404,2017,2010
[18],205587,The Judge,en,The Judge,"A successful lawyer returns to his hometown for his mother's funeral only to discover that his estranged father, the town's judge, is suspected of murder.",7.9764,2014-10-08,7.331,4401,2014,2010
"[12, 14, 10749, 10751]",2270,Stardust,en,Stardust,"In a countryside town bordering on a magical land, a young man makes a promise to his beloved that he'll retrieve a fallen star by venturing into the magical realm. His journey takes him into a world beyond his wildest dreams and reveals his true identity.",8.1384,2007-08-10,7.288,4399,2007,2000
"[37, 35, 18]",537996,The Ballad of Buster Scruggs,en,The Ballad of Buster Scruggs,"Vignettes weaving together the stories of six individuals in the old West at the end of the Civil War. Following the tales of a sharp-shooting songster, a wannabe bank robber, two weary traveling performers, a lone gold prospector, a woman traveling the West to an uncertain future, and a motley crew of strangers undertaking a carriage ride.",6.558,2018-11-09,7.136,4396,2018,2010
"[14, 35]",224141,Into the Woods,en,Into the Woods,"In a woods filled with magic and fairy tale characters, a baker and his wife set out to end the curse put on them by their neighbor, a spiteful witch.",3.5072,2014-12-24,5.76,4393,2014,2010
[37],938,For a Few Dollars More,it,Per qualche dollaro in più,"Two bounty hunters both pursue the brutal and sadistic bandit, El Indio, who has a large bounty on his head.",7.6716,1965-12-18,8.015,4393,1965,1960
[27],132232,Mama,en,Mama,"Guillermo del Toro presents Mama, a supernatural thriller that tells the haunting tale of two little girls who disappeared into the woods the day that their parents were killed. When they are rescued years later and begin a new life, they find that someone or something still wants to come tuck them in at night.",6.794,2013-01-17,6.289,4385,2013,2010
[35],356305,Why Him?,en,Why Him?,A dad forms a bitter rivalry with his daughter's young rich boyfriend.,4.7313,2016-12-22,6.378,4384,2016,2010
"[53, 878, 28, 12]",869,Planet of the Apes,en,Planet of the Apes,"After a spectacular crash-landing on an uncharted planet, brash astronaut Leo Davidson finds himself trapped in a savage world where talking apes dominate the human race. Desperate to find a way home, Leo must evade the invincible gorilla army led by Ruthless General Thade.",6.4632,2001-07-26,5.768,4384,2001,2000
"[878, 28, 53]",87421,Riddick,en,Riddick,"Betrayed by his own kind and left for dead on a desolate planet, Riddick fights for survival against alien predators and becomes more powerful and dangerous than ever before. Soon bounty hunters from throughout the galaxy descend on Riddick only to find themselves pawns in his greater scheme for revenge. With his enemies right where he wants them, Riddick unleashes a vicious attack of vengeance before returning to his home planet of Furya to save it from destruction.",6.1363,2013-09-02,6.34,4374,2013,2010
"[35, 37]",188161,A Million Ways to Die in the West,en,A Million Ways to Die in the West,"As a cowardly farmer begins to fall for the mysterious new woman in town, he must put his new-found courage to the test when her husband, a notorious gun-slinger, announces his arrival.",7.3577,2014-05-22,6.053,4373,2014,2010
[35],227159,Horrible Bosses 2,en,Horrible Bosses 2,"Dale, Kurt and Nick decide to start their own business but things don't go as planned because of a slick investor, prompting the trio to pull off a harebrained and misguided kidnapping scheme.",7.0144,2014-11-12,6.175,4367,2014,2010
"[35, 10749]",8273,American Wedding,en,American Wedding,"With high school a distant memory, Jim and Michelle are getting married — and in a hurry, since Jim's grandmother is sick and wants to see him walk down the aisle — prompting Stifler to throw the ultimate bachelor party. And Jim's dad is reliable as ever, doling out advice no one wants to hear.",7.7001,2003-08-01,6.2,4365,2003,2000
"[80, 28, 27]",503736,Army of the Dead,en,Army of the Dead,"Following a zombie outbreak in Las Vegas, a group of mercenaries take the ultimate gamble: venturing into the quarantine zone to pull off the greatest heist ever attempted.",5.4415,2021-05-14,6.21,4362,2021,2020
"[18, 10752, 10749]",770,Gone with the Wind,en,Gone with the Wind,The spoiled daughter of a Georgia plantation owner conducts a tumultuous romance with a cynical profiteer during the American Civil War and Reconstruction Era.,21.213,1939-12-15,7.916,4354,1939,1930
"[18, 10749, 53]",116,Match Point,en,Match Point,"Chris, a former tennis pro, takes a job as an instructor and befriends his wealthy young student, Tom. After being introduced to his family, Chris is soon engaged to Tom's sister, Chloe. Despite the professional and financial advantages that this relationship affords him, Chris becomes obsessed with Tom's fiancee, American actress Nola.",5.1315,2005-10-26,7.359,4352,2005,2000
"[27, 28, 53]",1233413,Sinners,en,Sinners,"Trying to leave their troubled lives behind, twin brothers return to their hometown to start again, only to discover that an even greater evil is waiting to welcome them back.",30.8612,2025-04-16,7.468,4352,2025,2020
"[18, 36]",321697,Steve Jobs,en,Steve Jobs,"Set backstage at three iconic product launches and ending in 1998 with the unveiling of the iMac, Steve Jobs takes us behind the scenes of the digital revolution to paint an intimate portrait of the brilliant man at its epicenter.",3.9992,2015-10-09,6.776,4350,2015,2010
"[18, 10752]",227306,Unbroken,en,Unbroken,"A chronicle of the life of Louis Zamperini, an Olympic runner who was taken prisoner by Japanese forces during World War II.",6.5172,2014-12-25,7.4,4348,2014,2010
"[12, 27]",9392,The Descent,en,The Descent,"After a personal tragedy, Sarah joins her friends on a caving expedition in the Appalachian Mountains. But when a rockfall traps them deep underground, their adventure turns into a nightmare. As they search for a way out, the group discovers they are not alone—lurking in the darkness are savage, cave-dwelling creatures. With rising tension and dwindling trust, the women must fight to survive against both the predators and each other.",7.2406,2005-07-08,6.979,4346,2005,2000
"[35, 10751, 14]",787699,Wonka,en,Wonka,"Willy Wonka – chock-full of ideas and determined to change the world one delectable bite at a time – is proof that the best things in life begin with a dream, and if you’re lucky enough to meet Willy Wonka, anything is possible.",17.0965,2023-12-06,7.04,4344,2023,2020
"[12, 14, 10751, 18]",34584,The NeverEnding Story,de,Die unendliche Geschichte,"While hiding from bullies in his school's attic, a young boy discovers the extraordinary land of Fantasia, through a magical book called The Neverending Story. The book tells the tale of Atreyu, a young warrior who, with the help of a luck dragon named Falkor, must save Fantasia from the destruction of The Nothing.",7.4711,1984-04-06,7.216,4344,1984,1980
"[35, 10749]",3981,What Women Want,en,What Women Want,"Advertising executive Nick Marshall is as cocky as they come, but what happens to a chauvinistic guy when he can suddenly hear what women are thinking? Nick gets passed over for a promotion, but after an accident enables him to hear women's thoughts, he puts his newfound talent to work against Darcy, his new boss, who seems to be infatuated with him.",6.7846,2000-12-15,6.4,4341,2000,2000
"[14, 28, 53]",834,Underworld: Evolution,en,Underworld: Evolution,"As the war between the vampires and the Lycans rages on, Selene, a former member of the Death Dealers (an elite vampire special forces unit that hunts werewolves), and Michael, the werewolf hybrid, work together in an effort to unlock the secrets of their respective bloodlines.",6.3272,2006-01-12,6.6,4341,2006,2000
"[18, 27, 53]",805,Rosemary's Baby,en,Rosemary's Baby,"A young couple, Rosemary and Guy, moves into an infamous New York apartment building, known by frightening legends and mysterious events, with the purpose of starting a family.",7.2107,1968-06-12,7.818,4336,1968,1960
"[53, 9648]",402,Basic Instinct,en,Basic Instinct,"Catherine, a novelist with an insatiable sexual appetite, becomes a prime suspect when her boyfriend is brutally murdered -- a crime she had described in her latest story.",10.9038,1992-03-20,6.939,4333,1992,1990
"[28, 12, 18]",558449,Gladiator II,en,Gladiator II,"Years after witnessing the death of the revered hero Maximus at the hands of his uncle, Lucius is forced to enter the Colosseum after his home is conquered by the tyrannical Emperors who now lead Rome with an iron fist. With rage in his heart and the future of the Empire at stake, Lucius must look to his past to find strength and honor to return the glory of Rome to its people.",13.5973,2024-11-13,6.615,4331,2024,2020
"[18, 36]",22954,Invictus,en,Invictus,"Newly elected President Nelson Mandela knows his nation remains racially and economically divided in the wake of apartheid. Believing he can bring his people together through the universal language of sport, Mandela rallies South Africa's rugby union team as they make their historic run to the 1995 Rugby World Cup Championship match.",3.8628,2009-12-11,7.181,4330,2009,2000
"[53, 18, 12, 28, 36]",205775,In the Heart of the Sea,en,In the Heart of the Sea,"In the winter of 1820, the New England whaling ship Essex is assaulted by something no one could believe—a whale of mammoth size and will, and an almost human sense of vengeance.",5.3452,2015-12-03,6.759,4327,2015,2010
"[28, 12, 14]",205584,Gods of Egypt,en,Gods of Egypt,A common thief joins a mythical god on a quest through Egypt.,6.8589,2016-02-25,5.692,4326,2016,2010
"[14, 28, 27]",52520,Underworld: Awakening,en,Underworld: Awakening,"Having escaped years of imprisonment, vampire warrioress Selene finds herself in a changed world where humans have discovered the existence of both Vampire and Lycan clans and are conducting an all-out war to eradicate both immortal species. Now Selene must battle the humans and a frightening new breed of super Lycans to ensure the death dealers' survival.",5.8586,2012-01-19,6.3,4326,2012,2010
"[28, 12]",184315,Hercules,en,Hercules,"When a new enemy threatens the innocent, Hercules must lead his fearless team of warriors in a battle against overwhelming odds.",7.3008,2014-07-23,5.798,4315,2014,2010
"[14, 28, 53, 878]",8698,The League of Extraordinary Gentlemen,en,The League of Extraordinary Gentlemen,"To prevent a world war from breaking out, famous characters from Victorian literature band together to do battle against a cunning villain.",5.1026,2003-07-11,5.975,4314,2003,2000
"[28, 12]",9342,The Mask of Zorro,en,The Mask of Zorro,"It has been twenty years since Don Diego de la Vega fought Spanish oppression in Alta California as the legendary romantic hero, Zorro. Having escaped from prison he transforms troubled bandit Alejandro into his successor, in order to foil the plans of the tyrannical Don Rafael Montero who robbed him of his freedom, his wife and his precious daughter.",6.8409,1998-07-16,6.581,4305,1998,1990
"[16, 35, 10751, 14]",9297,Monster House,en,Monster House,"Monsters under the bed are scary enough, but what happens when an entire house is out to get you? Three teens aim to find out when they go up against a decrepit neighboring home and unlock its frightening secrets.",7.0633,2006-06-30,6.708,4303,2006,2000
"[9648, 53]",2832,Identity,en,Identity,"Complete strangers stranded at a remote desert motel during a raging storm soon find themselves the target of a deranged murderer. As their numbers thin out, the travelers begin to turn on each other, as each tries to figure out who the killer is.",12.2323,2003-04-25,7.178,4302,2003,2000
[18],249164,If I Stay,en,If I Stay,"Mia Hall, a talented young cellist, thought the most difficult decision she would ever have to make would be whether to pursue her musical dreams at prestigious Juilliard or follow her heart to be with the love of her life, Adam, a rock singer/guitarist. However, a car wreck changes everything in an instant, and now Mia's life hangs in the balance. Suspended between life and death, Mia faces a choice that will decide her future.",4.6449,2014-08-21,7.353,4295,2014,2010
"[28, 35, 80, 53]",146216,RED 2,en,RED 2,Retired C.I.A. agent Frank Moses reunites his unlikely team of elite operatives for a global quest to track down a missing portable nuclear device.,6.1875,2013-07-18,6.533,4294,2013,2010
"[12, 28, 53]",710,GoldenEye,en,GoldenEye,"When a powerful satellite system falls into the hands of Alec Trevelyan, AKA Agent 006, a former ally-turned-enemy, only James Bond can save the world from a dangerous space weapon that -- in one short pulse -- could destroy the earth! As Bond squares off against his former compatriot, he also battles Xenia Onatopp, an assassin who uses pleasure as her ultimate weapon.",8.5933,1995-11-16,6.898,4293,1995,1990
"[28, 12, 53, 10752]",1369,Rambo: First Blood Part II,en,Rambo: First Blood Part II,John Rambo is released from prison by the government for a top-secret covert mission to the last place on Earth he'd want to return - the jungles of Vietnam.,7.9788,1985-05-21,6.66,4284,1985,1980
"[28, 27, 878]",71679,Resident Evil: Retribution,en,Resident Evil: Retribution,"The Umbrella Corporation’s deadly T-virus continues to ravage the Earth, transforming the global population into legions of the flesh eating Undead. The human race’s last and only hope, Alice, awakens in the heart of Umbrella’s most clandestine operations facility and unveils more of her mysterious past as she delves further into the complex. Without a safe haven, Alice continues to hunt those responsible for the outbreak; a chase that takes her from Tokyo to New York, Washington, D.C. and Moscow, culminating in a mind-blowing revelation that will force her to rethink everything that she once thought to be true. Aided by new found allies and familiar friends, Alice must fight to survive long enough to escape a hostile world on the brink of oblivion. The countdown has begun.",0.5077,2012-09-12,5.831,4283,2012,2010
[53],6145,Fracture,en,Fracture,"A husband is on trial for the attempted murder of his wife, in what is seemingly an open/shut case for the ambitious district attorney trying to put him away. However, there are surprises for both around every corner, and, as a suspenseful game of cat-and-mouse is played out, each must manipulate and outwit the other.",8.571,2007-04-19,7.26,4278,2007,2000
"[18, 35]",274479,Joy,en,Joy,A story based on the life of a struggling Long Island single mom who became one of the country's most successful entrepreneurs.,3.2727,2015-12-24,6.551,4271,2015,2010
"[28, 27, 878]",36648,Blade: Trinity,en,Blade: Trinity,"For years, Blade has fought against the vampires in the cover of the night. But now, after falling into the crosshairs of the FBI, he is forced out into the daylight, where he is driven to join forces with a clan of human vampire hunters he never knew existed—The Nightstalkers. Together with Abigail and Hannibal, two deftly trained Nightstalkers, Blade follows a trail of blood to the ancient creature that is also hunting him—the original vampire, Dracula.",7.6827,2004-12-08,5.857,4269,2004,2000
"[18, 10749, 10752]",22971,Dear John,en,Dear John,"While Sergeant John Tyree is home on two weeks leave from Germany, he meets Savannah after he dives into the ocean to retrieve Savannah's purse that had fallen off a pier. John eventually falls in love with Savannah, who promises to write to him until he returns from overseas.",5.3039,2010-02-04,6.841,4269,2010,2010
"[12, 16, 18, 10751]",9837,The Prince of Egypt,en,The Prince of Egypt,"The strong bond between two Royal Egyptian brothers is challenged when their chosen responsibilities set them at odds, with extraordinary consequences.",8.9992,1998-12-16,7.3,4269,1998,1990
"[27, 53]",7340,Carrie,en,Carrie,"Withdrawn and sensitive teenager Carrie White faces bullying from classmates and abuse from her fanatically pious mother. When she begins to suspect that she has supernatural powers, things take a dark and violent turn.",9.2297,1976-11-03,7.33,4268,1976,1970
"[53, 18, 10749]",290098,The Handmaiden,ko,아가씨,"1930s Korea, in the period of Japanese occupation, a new girl, Sookee, is hired as a handmaiden to a Japanese heiress, Hideko, who lives a secluded life on a large countryside estate with her domineering Uncle Kouzuki. But the maid has a secret. She is a pickpocket recruited by a swindler posing as a Japanese Count to help him seduce the Lady to steal her fortune.",16.3718,2016-06-01,8.188,4264,2016,2010
"[14, 28, 35]",49524,R.I.P.D.,en,R.I.P.D.,A recently slain cop joins a team of undead police officers working for the Rest in Peace Department and tries to find the man who murdered him.,6.5547,2013-07-18,5.854,4260,2013,2010
"[18, 36, 10752, 28]",2024,The Patriot,en,The Patriot,"After proving himself on the field of battle in the French and Indian War, Benjamin Martin wants nothing more to do with such things, preferring the simple life of a farmer. But when his son Gabriel enlists in the army to defend their new nation, America, against the British, Benjamin reluctantly returns to his old life to protect his son.",7.4904,2000-06-28,7.184,4260,2000,2000
"[18, 36, 10752]",613,Downfall,de,Der Untergang,"In April of 1945, Germany stands at the brink of defeat with the Russian Army closing in from the east and the Allied Expeditionary Force attacking from the west. In Berlin, capital of the Third Reich, Adolf Hitler proclaims that Germany will still achieve victory and orders his generals and advisers to fight to the last man. When the end finally does come, and Hitler lies dead by his own hand, what is left of his military must find a way to end the killing that is the Battle of Berlin, and lay down their arms in surrender.",6.2256,2004-09-16,7.9,4261,2004,2000
"[10752, 28, 18]",929590,Civil War,en,Civil War,"In the near future, a group of war journalists attempt to survive while reporting the truth as the United States stands on the brink of civil war.",10.9768,2024-04-10,6.855,4253,2024,2020
"[10749, 18]",1587,What's Eating Gilbert Grape,en,What's Eating Gilbert Grape,"Gilbert Grape is a small-town young man with a lot of responsibility. Chief among his concerns are his mother, who is so overweight that she can't leave the house, and his mentally impaired younger brother, Arnie, who has a knack for finding trouble. Settled into a job at a grocery store and an ongoing affair with local woman Betty Carver, Gilbert finally has his life shaken up by the free-spirited Becky.",7.2925,1993-12-17,7.664,4249,1993,1990
[35],376659,Bad Moms,en,Bad Moms,"When three overworked and under-appreciated moms are pushed beyond their limits, they ditch their conventional responsibilities for a jolt of long overdue freedom, fun, and comedic self-indulgence.",4.981,2016-07-28,6.487,4245,2016,2010
"[35, 80]",86838,Seven Psychopaths,en,Seven Psychopaths,A struggling screenwriter inadvertently becomes entangled in the Los Angeles criminal underworld after his oddball friends kidnap a gangster's beloved Shih Tzu.,5.5075,2012-10-12,6.824,4245,2012,2010
"[80, 53]",276907,Legend,en,Legend,"Suave, charming and volatile, Reggie Kray and his unstable twin brother Ronnie start to leave their mark on the London underworld in the 1960s. Using violence to get what they want, the siblings orchestrate robberies and murders while running nightclubs and protection rackets. With police Detective Leonard ""Nipper"" Read hot on their heels, the brothers continue their rapid rise to power and achieve tabloid notoriety.",8.5992,2015-09-09,7.1,4240,2015,2010
"[12, 18]",20766,The Road,en,The Road,"A father and his son walk alone through burned America. Nothing moves in the ravaged landscape save the ash on the wind and water. It is cold enough to crack stones and, when the snow falls, it is gray. Their destination is the warmer south, although they don't know what, if anything, awaits them there.",6.0467,2009-11-25,7.018,4239,2009,2000
"[35, 14, 10402, 10749]",515195,Yesterday,en,Yesterday,A struggling musician realizes he's the only person on Earth who can remember The Beatles after waking up in an alternate reality where the group was forgotten.,5.1335,2019-06-26,6.683,4238,2019,2010
"[35, 18]",376660,The Edge of Seventeen,en,The Edge of Seventeen,"Two high school girls are best friends until one dates the other's older brother, who is totally his sister's nemesis.",5.9421,2016-11-18,7.153,4238,2016,2010
"[28, 12, 14]",10196,The Last Airbender,en,The Last Airbender,"A century has passed since the Fire Nation declared war on the other three nations of air, water, and earth in its attempt for global domination. Aang, the long-lost Avatar, is found by Water Tribe siblings Katara and Sokka and must learn to master water, earth, and fire bending to defeat the Fire Nation and restore balance to the world.",7.7468,2010-06-30,4.645,4236,2010,2010
"[10751, 14, 35, 10749]",10330,Freaky Friday,en,Freaky Friday,"Mother and daughter bicker over everything -- what Anna wears, whom she likes and what she wants to do when she's older. In turn, Anna detests Tess's fiancé. When a magical fortune cookie switches their personalities, they each get a peek at how the other person feels, thinks and lives.",6.4963,2003-08-05,6.58,4235,2003,2000
"[28, 53, 10752]",7555,Rambo,en,Rambo,"In Thailand, ex-Green Beret John James Rambo joins a group of mercenaries to venture into war-torn neighboring Myanmar to rescue a group of Christian aid workers who have been kidnapped by a ruthless local infantry unit.",8.131,2008-01-24,6.694,4234,2008,2000
"[18, 10749]",10229,A Walk to Remember,en,A Walk to Remember,"When the popular, restless Landon Carter is forced to participate in the school drama production, he falls in love with Jamie Sullivan, the daughter of the town's minister. Jamie has a ""to-do"" list for her life, as well as a very big secret she must keep from Landon.",7.2596,2002-01-25,7.753,4235,2002,2000
"[35, 10749, 18]",4964,Knocked Up,en,Knocked Up,"A slacker and a career-driven woman accidentally conceive a child after a one-night stand. As they try to make the relationship work, they must navigate the challenges of parenthood and their differences in lifestyle and maturity.",6.0484,2007-06-01,6.304,4234,2007,2000
"[878, 28, 12]",1924,Superman,en,Superman,"Mild-mannered Clark Kent works as a reporter at the Daily Planet alongside his crush, Lois Lane. Clark must summon his superhero alter-ego when the nefarious Lex Luthor launches a plan to take over the world.",9.431,1978-12-14,7.2,4230,1978,1970
"[18, 10749]",72570,The Vow,en,The Vow,"Happy young married couple Paige and Leo are, well, happy. Then a car accident puts Paige into a life-threatening coma. Upon awakening she has lost the previous five years of memories, including those of her beloved Leo, her wedding, a confusing relationship with her parents, or the ending of her relationship with her ex-fiance. Despite these complications, Leo endeavors to win her heart again and rebuild their marriage.",6.4456,2012-02-05,7.229,4227,2012,2010
"[80, 18, 9648, 53]",829,Chinatown,en,Chinatown,"Private eye Jake Gittes lives off of the murky moral climate of sunbaked, pre-World War II Southern California. Hired by a beautiful socialite to investigate her husband's extra-marital affair, Gittes is swept into a maelstrom of double dealings and deadly deceits, uncovering a web of personal and political scandals that come crashing together.",7.6309,1974-06-20,7.91,4224,1974,1970
"[35, 10751]",8920,Garfield,en,Garfield,"Garfield, the fat, lazy, lasagna lover, has everything a cat could want. But when Jon, in an effort to impress the Liz - the vet and an old high-school crush - adopts a dog named Odie and brings him home, Garfield gets the one thing he doesn't want. Competition.",4.915,2004-06-10,5.728,4219,2004,2000
"[80, 18, 28, 53]",82682,Gangster Squad,en,Gangster Squad,"Los Angeles, 1949. Ruthless, Brooklyn-born mob king Mickey Cohen runs the show in this town, reaping the ill-gotten gains from the drugs, the guns, the prostitutes and — if he has his way — every wire bet placed west of Chicago. And he does it all with the protection of not only his own paid goons, but also the police and the politicians who are under his control. It’s enough to intimidate even the bravest, street-hardened cop… except, perhaps, for the small, secret crew of LAPD outsiders led by Sgt. John O’Mara and Jerry Wooters who come together to try to tear Cohen’s world apart.",5.5572,2013-01-09,6.38,4218,2013,2010
"[35, 18, 10749]",703,Annie Hall,en,Annie Hall,New York comedian Alvy Singer falls in love with the ditsy Annie Hall.,5.3775,1977-04-19,7.733,4214,1977,1970
"[28, 18, 53]",9798,Enemy of the State,en,Enemy of the State,"When the videotape of the murder of a congressman unknowingly ends up in the hands of labor lawyer and dedicated family man Robert Clayton Dean, he is framed for the murder. With the help of the mysterious Brill, Dean attempts to throw the NSA off his trail and prove his innocence.",6.7002,1998-11-20,7.059,4213,1998,1990
"[878, 53]",1272,Sunshine,en,Sunshine,"Fifty years into the future, the sun is dying, and Earth is threatened by arctic temperatures. A team of astronauts is sent to revive the Sun — but the mission fails. Seven years later, a new team is sent to finish the mission as mankind’s last hope.",7.5518,2007-04-05,6.967,4213,2007,2000
"[18, 10752]",11778,The Deer Hunter,en,The Deer Hunter,"Three steelworkers enlist in the army and are sent to Vietnam, one leaving behind a rushed marriage, the others a shared love. What they encounter during the war changes their lives forever.",8.5458,1978-12-08,7.974,4205,1978,1970
[35],2123,"Me, Myself & Irene",en,"Me, Myself & Irene","Rhode Island State Trooper Charlie Baileygates has a multiple personality disorder. One personality is crazy and aggressive, while the other is more friendly and laid back. Both of these personalities fall in love with the same woman named Irene after Charlie loses his medication.",8.0149,2000-06-22,6.612,4205,2000,2000
[35],225886,Sex Tape,en,Sex Tape,"When Jay and Annie first got together, their romantic connection was intense – but ten years and two kids later, the flame of their love needs a spark.  To kick things up a notch, they decide – why not? – to make a video of themselves trying out every position in The Joy of Sex in one marathon three-hour session.  It seems like a great idea – until they discover that their most private video is no longer private.  With their reputations on the line, they know they’re just one click away from being laid bare to the world... but as their race to reclaim their video leads to a night they'll never forget, they'll find that their video will expose even more than they bargained for.",7.7949,2014-07-17,5.409,4204,2014,2010
"[28, 27, 53]",442249,The First Purge,en,The First Purge,"To push the crime rate below one percent for the rest of the year, the New Founding Fathers of America test a sociological theory that vents aggression for one night in one isolated community. But when the violence of oppressors meets the rage of the others, the contagion will explode from the trial-city borders and spread across the nation.",5.5611,2018-07-04,5.999,4204,2018,2010
"[12, 35, 878]",7453,The Hitchhiker's Guide to the Galaxy,en,The Hitchhiker's Guide to the Galaxy,"Mere seconds before the Earth is to be demolished by an alien construction crew, Arthur Dent is swept off the planet by his friend Ford Prefect, a researcher penning a new edition of ""The Hitchhiker's Guide to the Galaxy.""",7.2049,2005-04-28,6.7,4200,2005,2000
"[10751, 35, 12, 16, 878]",379686,Space Jam: A New Legacy,en,Space Jam: A New Legacy,"When LeBron and his young son Dom are trapped in a digital space by a rogue A.I., LeBron must get them home safe by leading Bugs, Lola Bunny and the whole gang of notoriously undisciplined Looney Tunes to victory over the A.I.'s digitized champions on the court. It's Tunes versus Goons in the highest-stakes challenge of his life.",7.1566,2021-07-08,6.644,4199,2021,2020
"[35, 80, 28]",1493,Miss Congeniality,en,Miss Congeniality,"When the local FBI office receives a letter from a terrorist known only as 'The Citizen', it's quickly determined that he's planning his next act at the Miss America beauty pageant. Because tough-as-nails Gracie Hart is the only female Agent at the office, she's chosen to go undercover as the contestant from New Jersey.",5.5681,2000-12-22,6.523,4199,2000,2000
"[878, 12, 28]",653346,Kingdom of the Planet of the Apes,en,Kingdom of the Planet of the Apes,"Several generations following Caesar's reign, apes – now the dominant species – live harmoniously while humans have been reduced to living in the shadows. As a new tyrannical ape leader builds his empire, one young ape undertakes a harrowing journey that will cause him to question all he's known about the past and to make choices that will define a future for apes and humans alike.",12.5971,2024-05-08,7.056,4199,2024,2020
"[35, 12, 10751]",116149,Paddington,en,Paddington,"A young Peruvian bear travels to London in search of a home. Finding himself lost and alone at Paddington Station, he meets the kindly Brown family, who offer him a temporary haven.",5.8453,2014-11-24,7.119,4200,2014,2010
"[53, 27]",460019,Truth or Dare,en,Truth or Dare,"A harmless game of ""Truth or Dare"" among friends turns deadly when someone—or something—begins to punish those who tell a lie—or refuse the dare.",5.8709,2018-04-12,5.9,4196,2018,2010
"[9648, 53, 18]",489999,Searching,en,Searching,"After David Kim's 16-year-old daughter goes missing, a local investigation is opened and a detective is assigned to the case. But 37 hours later and without a single lead, David decides to search the one place no one has looked yet, where all secrets are kept today: his daughter's laptop.",5.2512,2018-08-24,7.571,4195,2018,2010
"[14, 35, 16, 878, 10751]",228161,Home,en,Home,"When Earth is taken over by the overly-confident Boov, an alien race in search of a new place to call home, all humans are promptly relocated, while all Boov get busy reorganizing the planet. But when one resourceful girl, Tip, manages to avoid capture, she finds herself the accidental accomplice of a banished Boov named Oh. The two fugitives realize there’s a lot more at stake than intergalactic relations as they embark on the road trip of a lifetime.",7.4859,2015-03-18,6.8,4194,2015,2010
"[878, 28, 53]",929,Godzilla,en,Godzilla,"French nuclear tests irradiate an iguana into a giant monster that viciously attacks freighter ships in the Pacific Ocean. A team of experts, including Niko Tatopoulos, conclude that the oversized reptile is the culprit. Before long, the giant lizard is loose in Manhattan as the US military races to destroy the monster before it reproduces and it's spawn takes over the world.",6.4524,1998-05-20,5.649,4195,1998,1990
"[27, 35]",19994,Jennifer's Body,en,Jennifer's Body,"Jennifer, a gorgeous, seductive cheerleader takes evil to a whole new level after she's possessed by a sinister demon. Now it's up to her best friend to stop Jennifer's reign of terror before it's too late.",9.0009,2009-09-18,5.991,4188,2009,2000
"[28, 18]",346,Seven Samurai,ja,七人の侍,"A samurai answers a village's request for protection after he falls on hard times. The town needs protection from bandits, so the samurai gathers six others to help him teach the people how to defend themselves, and the villagers provide the soldiers with food.",17.4058,1954-04-26,8.453,4185,1954,1950
"[28, 53, 18]",522938,Rambo: Last Blood,en,Rambo: Last Blood,"After fighting his demons for decades, John Rambo now lives in peace on his family ranch in Arizona, but his rest is interrupted when Gabriela, the granddaughter of his housekeeper María, disappears after crossing the border into Mexico to meet her biological father. Rambo, who has become a true father figure for Gabriela over the years, undertakes a desperate and dangerous journey to find her.",8.8554,2019-09-18,6.527,4181,2019,2010
"[28, 53]",725201,The Gray Man,en,The Gray Man,"When a shadowy CIA agent uncovers damning agency secrets, he's hunted across the globe by a sociopathic rogue operative who's put a bounty on his head.",8.7678,2022-07-13,6.906,4173,2022,2020
"[28, 53, 80]",1948,Crank,en,Crank,"Chev Chelios, a hit man wanting to go straight, lets his latest target slip away. Then he awakes the next morning to a phone call that informs him he has been poisoned and has only an hour to live unless he keeps adrenaline coursing through his body while he searches for an antidote.",7.6606,2006-08-31,6.652,4168,2006,2000
"[28, 12, 27, 878]",35791,Resident Evil: Afterlife,en,Resident Evil: Afterlife,"In a world ravaged by a virus infection, turning its victims into the Undead, Alice continues on her journey to find survivors and lead them to safety. Her deadly battle with the Umbrella Corporation reaches new heights, but Alice gets some unexpected help from an old friend. A new lead that promises a safe haven from the Undead takes them to Los Angeles, but when they arrive the city is overrun by thousands of Undead - and Alice and her comrades are about to step into a deadly trap.",0.3294,2010-09-01,6.052,4162,2010,2010
"[27, 9648, 878]",340837,A Cure for Wellness,en,A Cure for Wellness,"An ambitious young executive is sent to retrieve his company's CEO from an idyllic but mysterious ""wellness center"" at a remote location in the Swiss Alps but soon suspects that the spa's miraculous treatments are not what they seem.",5.9963,2017-02-15,6.4,4155,2017,2010
"[28, 35, 80]",10189,Pineapple Express,en,Pineapple Express,A stoner and his dealer are forced to go on the run from the police after the pothead witnesses a cop commit a murder.,5.589,2008-08-06,6.6,4153,2008,2000
"[18, 10402, 36]",277216,Straight Outta Compton,en,Straight Outta Compton,"In 1987, five young men, using brutally honest rhymes and hardcore beats, put their frustration and anger about life in the most dangerous place in America into the most powerful weapon they had: their music.  Taking us back to where it all began, Straight Outta Compton tells the true story of how these cultural rebels—armed only with their lyrics, swagger, bravado and raw talent—stood up to the authorities that meant to keep them down and formed the world’s most dangerous group, N.W.A.  And as they spoke the truth that no one had before and exposed life in the hood, their voice ignited a social revolution that is still reverberating today.",5.7793,2015-08-11,7.8,4152,2015,2010
"[80, 18, 9648]",4771,Gone Baby Gone,en,Gone Baby Gone,"When 4 year old Amanda McCready disappears from her home and the police make little headway in solving the case, the girl's aunt, Beatrice McCready hires two private detectives, Patrick Kenzie and Angie Gennaro. The detectives freely admit that they have little experience with this type of case, but the family wants them for two reasons—they're not cops and they know the tough neighborhood in which they all live.",6.6656,2007-09-18,7.306,4151,2007,2000
"[53, 878, 9648]",569547,Black Mirror: Bandersnatch,en,Black Mirror: Bandersnatch,"In 1984, a young programmer begins to question reality as he adapts a dark fantasy novel into a video game. A mind-bending tale with multiple endings.",4.9368,2018-12-28,6.76,4150,2018,2010
"[28, 35, 80]",136795,The Heat,en,The Heat,"Uptight and straight-laced, FBI Special Agent Sarah Ashburn is a methodical investigator with a reputation for excellence--and hyper-arrogance. Shannon Mullins, one of Boston P.D.'s ""finest,"" is foul-mouthed and has a very short fuse, and uses her gut instinct and street smarts to catch the most elusive criminals. Neither has ever had a partner, or a friend for that matter. When these two wildly incompatible law officers join forces to bring down a ruthless drug lord, they become the last thing anyone expected: buddies.",5.826,2013-06-27,6.593,4146,2013,2010
"[9648, 80, 53]",505026,Death on the Nile,en,Death on the Nile,Belgian sleuth Hercule Poirot's Egyptian vacation aboard a glamorous river steamer turns into a terrifying search for a murderer when a picture-perfect couple's idyllic honeymoon is tragically cut short.,8.4063,2022-02-09,6.416,4145,2022,2020
"[28, 9648, 53]",48138,Unknown,en,Unknown,"A man awakens from a coma, only to discover that someone has taken on his identity and that no one, (not even his wife), believes him. With the help of a young woman, he sets out to prove who he is.",5.9342,2011-02-16,6.689,4140,2011,2010
"[12, 28, 53, 878]",8810,Mad Max 2,en,Mad Max 2,"Max Rockatansky returns as the heroic loner who drives the dusty roads of a postapocalyptic Australian Outback in an unending search for gasoline. Arrayed against him and the other scraggly defendants of a fuel-depot encampment are the bizarre warriors commanded by the charismatic Lord Humungus, a violent leader whose scruples are as barren as the surrounding landscape.",8.0146,1981-12-24,7.386,4139,1981,1980
"[27, 9648]",41446,Scream 4,en,Scream 4,"Fifteen years after the original Woodsboro murders, Sidney Prescott returns home to promote her new book about surviving trauma, only for a new Ghostface killer to emerge, targeting a new group of teens.",12.0332,2011-04-13,6.48,4135,2011,2010
"[28, 80, 53]",189,Sin City: A Dame to Kill For,en,Sin City: A Dame to Kill For,Some of Sin City's most hard-boiled citizens cross paths with a few of its more reviled inhabitants.,9.5872,2014-08-20,6.403,4134,2014,2010
"[878, 28, 12]",912649,Venom: The Last Dance,en,Venom: The Last Dance,"Eddie and Venom are on the run. Hunted by both of their worlds and with the net closing in, the duo are forced into a devastating decision that will bring the curtains down on Venom and Eddie's last dance.",28.9381,2024-10-22,6.66,4126,2024,2020
"[28, 80, 53]",866398,The Beekeeper,en,The Beekeeper,One man's campaign for vengeance takes on national stakes after he is revealed to be a former operative of a powerful and clandestine organization known as Beekeepers.,19.5618,2024-01-08,7.241,4124,2024,2020
"[16, 10751, 35]",9982,Chicken Little,en,Chicken Little,"When the sky really is falling and sanity has flown the coop, who will rise to save the day? Together with his hysterical band of misfit friends, Chicken Little must hatch a plan to save the planet from alien invasion and prove that the world's biggest hero is a little chicken.",8.4968,2005-11-04,5.904,4124,2005,2000
[18],3558,"Girl, Interrupted",en,"Girl, Interrupted","Set in the changing world of the late 1960s, Susanna Kaysen's prescribed ""short rest"" from a psychiatrist she had met only once becomes a strange, unknown journey into Alice's Wonderland, where she struggles with the thin line between normal and crazy. Susanna soon realizes how hard it is to get out once she has been committed, and she ultimately has to choose between the world of people who belong inside or the difficult world of reality outside.",16.9439,1999-12-21,7.565,4120,1999,1990
"[53, 80, 18]",1213,The Talented Mr. Ripley,en,The Talented Mr. Ripley,"Tom Ripley is a calculating young man who believes it's better to be a fake somebody than a real nobody. Opportunity knocks in the form of a wealthy U.S. shipbuilder who hires Tom to travel to Italy to bring back his playboy son, Dickie. Ripley worms his way into the idyllic lives of Dickie and his girlfriend, plunging into a daring scheme of duplicity, lies and murder.",7.2773,1999-12-25,7.198,4113,1999,1990
"[16, 10751, 12, 14, 35]",529203,The Croods: A New Age,en,The Croods: A New Age,"Searching for a safer habitat, the prehistoric Crood family discovers an idyllic, walled-in paradise that meets all of its needs. Unfortunately, they must also learn to live with the Bettermans -- a family that's a couple of steps above the Croods on the evolutionary ladder. As tensions between the new neighbors start to rise, a new threat soon propels both clans on an epic adventure that forces them to embrace their differences, draw strength from one another, and survive together.",10.2642,2020-11-25,7.444,4113,2020,2020
"[18, 28, 14]",64686,47 Ronin,en,47 Ronin,"Kai—an outcast—joins Oishi, the leader of 47 outcast samurai.  Together they seek vengeance upon the treacherous overlord who killed their master and banished their kind.  To restore honour to their homeland, the warriors embark upon a quest that challenges them with a series of trials that would destroy ordinary warriors.",5.7124,2013-12-06,6.203,4111,2013,2010
"[53, 80]",1817,Phone Booth,en,Phone Booth,"A slick New York publicist who picks up a ringing receiver in a phone booth is told that if he hangs up, he'll be killed... and the little red light from a laser rifle sight is proof that the caller isn't kidding.",4.6782,2003-01-06,6.867,4111,2003,2000
[18],426426,Roma,es,Roma,"In 1970s Mexico City, two domestic workers help a mother of four while her husband is away for an extended period of time.",3.2605,2018-11-21,7.621,4107,2018,2010
[18],881,A Few Good Men,en,A Few Good Men,"When cocky military lawyer Lt. Daniel Kaffee and his co-counsel, Lt. Cmdr. JoAnne Galloway, are assigned to a murder case, they uncover a hazing ritual that could implicate high-ranking officials such as shady Col. Nathan Jessep.",7.924,1992-12-11,7.542,4106,1992,1990
"[12, 28, 18]",9313,The Man in the Iron Mask,en,The Man in the Iron Mask,"Years have passed since the Three Musketeers, Aramis, Athos and Porthos, have fought together with their friend, D'Artagnan. But with the tyrannical King Louis using his power to wreak havoc in the kingdom while his twin brother, Philippe, remains imprisoned, the Musketeers reunite to abduct Louis and replace him with Philippe.",5.9552,1998-03-12,6.647,4103,1998,1990
"[80, 14, 27]",351460,Death Note,en,Death Note,"Light Turner finds a supernatural notebook and uses it to mete out death, attracting the attention of a detective, a demon and a girl in his class.",4.1222,2017-08-25,4.265,4099,2017,2010
"[12, 28]",335977,Indiana Jones and the Dial of Destiny,en,Indiana Jones and the Dial of Destiny,"Finding himself in a new era, and approaching retirement, Indy wrestles with fitting into a world that seems to have outgrown him. But as the tentacles of an all-too-familiar evil return in the form of an old rival, Indy must don his hat and pick up his whip once more to make sure an ancient and powerful artifact doesn't fall into the wrong hands.",12.8658,2023-06-25,6.512,4095,2023,2020
"[28, 53, 878]",10483,Death Race,en,Death Race,"Terminal Island, New York: 2020. Overcrowding in the US penal system has reached a breaking point. Prisons have been turned over to a monolithic Weyland Corporation, which sees jails full of thugs as an opportunity for televised sport. Adrenalized inmates, a global audience hungry for violence and a spectacular, enclosed arena come together to form the 'Death Race', the biggest, most brutal event.",8.4581,2008-08-22,6.295,4094,2008,2000
[27],345911,Lights Out,en,Lights Out,"Rebecca must unlock the terror behind her little brother's experiences that once tested her sanity, bringing her face to face with a supernatural spirit attached to their mother.",6.6788,2016-07-21,6.4,4091,2016,2010
"[18, 35, 10749]",2898,As Good as It Gets,en,As Good as It Gets,"A misanthropic author, a single mother and waitress, and a gay artist form an unlikely friendship after the artist is assaulted in a robbery.",6.5373,1997-12-19,7.4,4092,1997,1990
"[18, 10749]",4148,Revolutionary Road,en,Revolutionary Road,A young couple living in a Connecticut suburb during the mid-1950s struggle to come to terms with their personal problems while trying to raise their two children. Based on a novel by Richard Yates.,6.118,2008-12-19,6.982,4089,2008,2000
"[28, 12, 18, 53]",75174,The Grey,en,The Grey,"Following a grueling five-week shift at an Alaskan oil refinery, workers led by sharpshooter John Ottway are flying home for a much-needed vacation. But a brutal storm causes their plane to crash in the frozen wilderness, and only eight men, including Ottway, survive. As they trek southward toward civilization and safety, Ottway and his companions must battle mortal injuries, the icy elements, and a pack of hungry wolves.",5.832,2012-01-26,6.574,4088,2012,2010
"[18, 53]",582,The Lives of Others,de,Das Leben der Anderen,"In 1984 East Berlin, dedicated Stasi officer Gerd Wiesler begins spying on a famous playwright and his actress-lover Christa-Maria. Wiesler becomes unexpectedly sympathetic to the couple, and faces conflicting loyalties when his superior takes a liking to Christa-Maria.",7.1317,2006-03-23,8.036,4087,2006,2000
"[18, 878, 35]",301337,Downsizing,en,Downsizing,A kindly occupational therapist undergoes a new procedure to be shrunken to four inches tall so that he and his wife can help save the planet and afford a nice lifestyle at the same time.,4.8544,2017-12-22,5.4,4080,2017,2010
"[16, 10751, 14]",9078,The Sword in the Stone,en,The Sword in the Stone,"Wart is a young boy who aspires to be a knight's squire. On a hunting trip he falls in on Merlin, a powerful but amnesiac wizard who has plans for him beyond mere squiredom. He starts by trying to give him an education, believing that once one has an education, one can go anywhere. Needless to say, it doesn't quite work out that way.",6.5229,1963-12-25,7.219,4078,1963,1960
"[18, 35]",7350,The Bucket List,en,The Bucket List,"Corporate billionaire Edward Cole and working class mechanic Carter Chambers are worlds apart. At a crossroads in their lives, they share a hospital room and discover they have two things in common: a desire to spend the time they have left doing everything they ever wanted to do and an unrealized need to come to terms with who they are. Together they embark on the road trip of a lifetime, becoming friends along the way and learning to live life to the fullest, with insight and humor.",5.0066,2007-12-25,7.189,4075,2007,2000
"[27, 53, 80]",663,Saw IV,en,Saw IV,"Despite Jigsaw's death, and in order to save the lives of two of his colleagues, Lieutenant Rigg is forced to take part in a new game, which promises to test him to the limit.",6.1496,2007-10-25,6.164,4075,2007,2000
"[80, 36, 18]",466420,Killers of the Flower Moon,en,Killers of the Flower Moon,"When oil is discovered in 1920s Oklahoma under Osage Nation land, the Osage people are murdered one by one—until the FBI steps in to unravel the mystery.",11.3894,2023-10-18,7.398,4072,2023,2020
"[18, 28, 36]",14756,Ip Man,cn,葉問,"A semi-biographical account of Yip Man, the first martial arts master to teach the Chinese martial art of Wing Chun. The film focuses on events surrounding Ip that took place in the city of Foshan between the 1930s to 1940s during the Second Sino-Japanese War. Directed by Wilson Yip, the film stars Donnie Yen in the lead role, and features fight choreography by Sammo Hung.",3.2228,2008-12-12,7.761,4072,2008,2000
"[35, 18]",40807,50/50,en,50/50,"Inspired by a true story, a comedy centered on a 27-year-old guy who learns of his cancer diagnosis and his subsequent struggle to beat the disease.",4.6372,2011-09-30,7.182,4065,2011,2010
"[12, 16, 35, 10751]",11619,Flushed Away,en,Flushed Away,"London high-society mouse, Roddy is flushed down the toilet by Sid, a common sewer rat. Hang on for a madcap adventure deep in the sewer bowels of Ratropolis, where Roddy meets the resourceful Rita, the rodent-hating Toad and his faithful thugs, Spike and Whitey.",7.8981,2006-10-22,6.3,4065,2006,2000
"[80, 28, 878]",9739,Demolition Man,en,Demolition Man,"In 1996, brash L.A. detective John Spartan and maniac killer Simon Phoenix are both sentenced to decades in a cryogenic prison as punishment for a rescue mission gone wrong. When Phoenix escapes 36 years later to wreak havoc on the future, Spartan is awakened to capture his nemesis the old-fashioned way.",8.3017,1993-10-08,6.751,4062,1993,1990
"[28, 12, 878]",72710,The Host,en,The Host,"A parasitic alien soul is injected into the body of Melanie Stryder. Instead of carrying out her race's mission of taking over the Earth, ""Wanda"" (as she comes to be called) forms a bond with her host and sets out to aid other free humans.",4.8724,2013-03-22,6.284,4061,2013,2010
"[18, 35, 10402]",71,Billy Elliot,en,Billy Elliot,"County Durham, England, 1984. The miners' strike has started and the police have started coming up from Bethnal Green, starting a class war with the lower classes suffering. Caught in the middle of the conflict is 11-year old Billy Elliot, who, after leaving his boxing club for the day, stumbles upon a ballet class and finds out that he's naturally talented. He practices with his teacher Mrs. Wilkinson for an upcoming audition in Newcastle-upon Tyne for the royal Ballet school in London.",5.2332,2000-09-28,7.593,4057,2000,2000
"[35, 18, 10749]",3082,Modern Times,en,Modern Times,"A bumbling tramp desires to build a home with a young woman, yet is thwarted time and time again by his lack of experience and habit of being in the wrong place at the wrong time..",7.4922,1936-02-05,8.28,4054,1936,1930
"[27, 53]",16871,Drag Me to Hell,en,Drag Me to Hell,"After denying a woman the extension she needs to keep her home, loan officer Christine Brown sees her once-promising life take a startling turn for the worse. Christine is convinced she's been cursed by a Gypsy, but her boyfriend is skeptical. Her only hope seems to lie in a psychic who claims he can help her lift the curse and keep her soul from being dragged straight to hell.",5.8886,2009-05-27,6.473,4052,2009,2000
"[28, 878, 12]",588228,The Tomorrow War,en,The Tomorrow War,"The world is stunned when a group of time travelers arrive from the year 2051 to deliver an urgent message: Thirty years in the future, mankind is losing a global war against a deadly alien species. The only hope for survival is for soldiers and civilians from the present to be transported to the future and join the fight. Among those recruited is high school teacher and family man Dan Forester. Determined to save the world for his young daughter, Dan teams up with a brilliant scientist and his estranged father in a desperate quest to rewrite the fate of the planet.",15.8695,2021-09-03,7.468,4052,2021,2020
"[80, 18, 53]",37094,Falling Down,en,Falling Down,An ordinary man frustrated with the various flaws he sees in society begins to psychotically and violently lash out against them.,7.2896,1993-02-26,7.393,4051,1993,1990
"[18, 53, 10752]",2253,Valkyrie,en,Valkyrie,"Wounded in Africa during World War II, Nazi Col. Claus von Stauffenberg returns to his native Germany and joins the Resistance in a daring plan to create a shadow government and assassinate Adolf Hitler. When events unfold so that he becomes a central player, he finds himself tasked with both leading the coup and personally killing the Führer.",6.8318,2008-12-25,6.954,4047,2008,2000
"[27, 9648]",55779,Final Destination 5,en,Final Destination 5,"Death is just as omnipresent as ever, and is unleashed after one man’s premonition saves a group of coworkers from a terrifying suspension bridge collapse. But this group of unsuspecting souls was never supposed to survive, and, in a terrifying race against time, the ill-fated group frantically tries to discover a way to escape Death’s sinister agenda.",8.1371,2011-08-12,6.152,4045,2011,2010
[18],1164,Babel,en,Babel,"Tragedy strikes a married couple vacationing in the Moroccan desert, which jumpstarts an interlocking story involving four different families.",5.1982,2006-10-26,7.169,4044,2006,2000
"[53, 18, 9648]",8271,Disturbia,en,Disturbia,"Kale has a life most teenagers would envy. He spends his days endlessly playing video games, surfing the net, eating junk food and watching cable. He has complete free reign of the house, and a beautiful young hottie named Ashley has just moved in next door. There’s only one problem—he’s not allowed to leave the house. Kale’s under court-ordered house arrest for three months, and if he takes one step beyond a 100-foot perimeter of the house, his next confinement will be in a real prison.",5.9878,2007-03-27,6.683,4043,2007,2000
"[35, 28]",10661,You Don't Mess with the Zohan,en,You Don't Mess with the Zohan,An Israeli counterterrorism soldier with a secretly fabulous ambition to become a Manhattan hairstylist. Zohan's desire runs so deep that he'll do anything -- including faking his own death and going head-to-head with an Arab cab driver -- to make his dreams come true.,7.2034,2008-06-05,5.714,4041,2008,2000
"[12, 16, 14]",81,Nausicaä of the Valley of the Wind,ja,風の谷のナウシカ,"After a global war, the seaside kingdom known as the Valley of the Wind remains one of the last strongholds on Earth untouched by a poisonous jungle and the powerful insects that guard it. Led by the courageous Princess Nausicaä, the people of the Valley engage in an epic struggle to restore the bond between humanity and Earth.",8.6743,1984-03-11,7.949,4036,1984,1980
"[12, 28, 878]",9804,Waterworld,en,Waterworld,"In a futuristic world where the polar ice caps have melted and made Earth a liquid planet, a beautiful barmaid rescues a mutant seafarer from a floating island prison. They escape, along with her young charge, Enola, and sail off aboard his ship. But the trio soon becomes the target of a menacing pirate who covets the map to 'Dryland'—which is tattooed on Enola's back.",8.0934,1995-07-28,6.224,4034,1995,1990
"[28, 14, 53]",71676,Ghost Rider: Spirit of Vengeance,en,Ghost Rider: Spirit of Vengeance,"When the devil resurfaces with aims to take over the world in human form, Johnny Blaze reluctantly comes out of hiding to transform into the flame-spewing supernatural hero Ghost Rider -- and rescue a 10-year-old boy from an unsavory end.",7.0481,2011-12-10,5.011,4034,2011,2010
"[18, 10749, 53]",1010581,My Fault,es,Culpa mía,"Noah must leave her city, boyfriend, and friends to move into William Leister's mansion, the flashy and wealthy husband of her mother Rafaela. As a proud and independent 17 year old, Noah resists living in a mansion surrounded by luxury. However, it is there where she meets Nick, her new stepbrother, and the clash of their strong personalities becomes evident from the very beginning.",41.9154,2023-06-08,7.749,4032,2023,2020
"[36, 18]",72976,Lincoln,en,Lincoln,"The revealing story of the 16th US President's tumultuous final months in office. In a nation divided by war and the strong winds of change, Lincoln pursues a course of action designed to end the war, unite the country and abolish slavery. With the moral courage and fierce determination to succeed, his choices during this critical moment will change the fate of generations to come.",5.9987,2012-11-09,6.848,4032,2012,2010
"[12, 28, 53]",646,Dr. No,en,Dr. No,"Agent 007 battles mysterious Dr. No, a scientific genius bent on destroying the U.S. space program. As the countdown to disaster begins, Bond must go to Jamaica, where he encounters beautiful Honey Ryder, to confront a megalomaniacal villain in his massive island headquarters.",8.4949,1962-10-07,6.986,4017,1962,1960
"[10751, 12, 16, 35, 14]",10501,The Road to El Dorado,en,The Road to El Dorado,"Stowing away after a failed con, a pair of swindlers end up on El Dorado, the fabled ""city of gold"", where they quickly get in over their heads when they are mistaken as gods by the inhabitants.",9.0299,2000-03-31,7.256,4016,2000,2000
"[18, 80]",122081,Spring Breakers,en,Spring Breakers,"After four college girls rob a restaurant to fund their spring break in Florida, they get entangled with a weird dude with his own criminal agenda.",4.525,2013-03-06,5.256,4015,2013,2010
"[35, 10749, 18]",10184,He's Just Not That Into You,en,He's Just Not That Into You,"Have you ever wondered why they said they would call but didn't, or why they don't want to sleep with you anymore, or why your relationship isn't going to the next level? Maybe they're just not that into you. Gigi wants a man who says he'll call her - and actually does - while Alex advises her to stop waiting by the phone. Beth wants a proposal after years of a committed relationship with her boyfriend, Neil, who is just fine with the way things are. Janine's not sure if she can trust her husband, Ben, who can't quite trust himself around Anna. Anna can't decide between the sexy married guy or her straightforward, no-sparks standby, Conor, who can't get over the fact that he can't have her. And Mary, who's found an entire network of loving, supportive men, just needs to find one who's straight.",5.8443,2009-02-06,6.626,4014,2009,2000
"[27, 9648]",4234,Scream 3,en,Scream 3,"As bodies begin dropping around the Hollywood set of STAB 3, the third film based on the gruesome Woodsboro killings, Sidney and other survivors are once again terrorized by another Ghostface killer.",10.3217,2000-02-04,6.008,4007,2000,2000
"[14, 18, 35]",2280,Big,en,Big,When a young boy makes a wish at a carnival machine to be big—he wakes up the following morning to find that it has been granted and his body has grown older overnight. But he is still the same 13-year-old boy inside. Now he must learn how to cope with the unfamiliar world of grown-ups including getting a job and having his first romantic encounter with a woman.,7.7477,1988-06-03,7.2,4005,1988,1980
"[10752, 36]",853,Enemy at the Gates,en,Enemy at the Gates,A Russian and a German sniper play a game of cat-and-mouse during the Battle of Stalingrad in WWII.,8.8744,2001-02-28,7.416,3999,2001,2000
"[27, 9648]",882598,Smile,en,Smile,"After witnessing a bizarre, traumatic incident involving a patient, Dr. Rose Cotter starts experiencing frightening occurrences that she can't explain.",9.8251,2022-09-23,6.664,3999,2022,2020
"[28, 80, 53]",400535,Sicario: Day of the Soldado,en,Sicario: Day of the Soldado,Agent Matt Graver teams up with operative Alejandro Gillick to prevent Mexican drug cartels from smuggling terrorists across the United States border.,9.85,2018-06-27,6.94,3994,2018,2010
"[18, 10749]",5038,Vicky Cristina Barcelona,en,Vicky Cristina Barcelona,"Two girlfriends on a summer holiday in Spain become enamored with the same painter, unaware that his ex-wife, with whom he has a tempestuous relationship, is about to re-enter the picture.",4.6026,2008-08-15,6.8,3993,2008,2000
"[18, 80]",396371,Molly's Game,en,Molly's Game,"Molly Bloom, a young skier and former Olympic hopeful becomes a successful entrepreneur (and a target of an FBI investigation) when she establishes a high-stakes, international poker game.",6.1179,2017-12-07,7.147,3990,2017,2010
"[10751, 35, 12, 16, 878, 14, 28]",438148,Minions: The Rise of Gru,en,Minions: The Rise of Gru,"A fanboy of a supervillain supergroup known as the Vicious 6, Gru hatches a plan to become evil enough to join them, with the backup of his followers, the Minions.",11.6847,2022-06-29,7.27,3989,2022,2020
[37],5176,3:10 to Yuma,en,3:10 to Yuma,"In Arizona in the late 1800s, infamous outlaw Ben Wade and his vicious gang of thieves and murderers have plagued the Southern Railroad. When Wade is captured, Civil War veteran Dan Evans, struggling to survive on his drought-plagued ranch, volunteers to deliver him alive to the ""3:10 to Yuma"", a train that will take the killer to trial.",6.3971,2007-09-06,7.229,3986,2007,2000
"[35, 80, 18, 9648, 36]",270487,"Hail, Caesar!",en,"Hail, Caesar!","When a Hollywood star mysteriously disappears in the middle of filming, the studio sends their fixer to get him back.",4.9492,2016-02-05,5.941,3985,2016,2010
"[18, 10749]",12163,The Wrestler,en,The Wrestler,"Aging wrestler Randy ""The Ram"" Robinson is long past his prime but still ready and rarin' to go on the pro-wrestling circuit. After a particularly brutal beating, however, Randy hangs up his tights, pursues a serious relationship with a long-in-the-tooth stripper, and tries to reconnect with his estranged daughter. But he can't resist the lure of the ring and readies himself for a comeback.",5.1348,2008-09-07,7.536,3985,2008,2000
"[35, 10402, 10749, 18]",198277,Begin Again,en,Begin Again,"Gretta, a budding songwriter, finds herself alone after her boyfriend Dave ditches her. Her life gains purpose when Dan, a record label executive, notices her talent.",5.0643,2014-06-27,7.235,3983,2014,2010
"[16, 10751, 12, 35, 14]",41513,The Smurfs,en,The Smurfs,"When the evil wizard Gargamel chases the tiny blue Smurfs out of their village, they tumble from their magical world and into ours -- in fact, smack dab in the middle of Central Park. Just three apples high and stuck in the Big Apple, the Smurfs must find a way to get back to their village before Gargamel tracks them down.",5.2374,2011-07-29,5.758,3983,2011,2010
[18],334,Magnolia,en,Magnolia,"On one random day in the San Fernando Valley, a dying father, a young wife, a male caretaker, a famous lost son, a police officer in love, a boy genius, an ex-boy genius, a game show host and an estranged daughter will each become part of a dazzling multiplicity of plots, but one story.",6.6363,1999-12-17,7.732,3974,1999,1990
"[12, 27, 35]",257445,Goosebumps,en,Goosebumps,"After moving to a small town, Zach Cooper finds a silver lining when he meets next door neighbor Hannah, the daughter of bestselling Goosebumps series author R.L. Stine. When Zach unintentionally unleashes real monsters from their manuscripts and they begin to terrorize the town, it’s suddenly up to Stine, Zach and Hannah to get all of them back in the books where they belong.",6.0177,2015-08-05,6.308,3964,2015,2010
"[35, 10749]",10591,The Girl Next Door,en,The Girl Next Door,"Exceptionally ambitious high schooler Matthew has aspirations for a career in politics when he falls in love with his gorgeous 19-year-old neighbor, Danielle. But Matthew's bright future is jeopardized when he finds Danielle was once a porn star. As Danielle's past catches up with her, Matthew's love for her forces him to re-evaluate his goals.",13.5287,2004-04-09,6.734,3964,2004,2000
"[18, 10749]",22947,Up in the Air,en,Up in the Air,"Corporate downsizing expert Ryan Bingham spends his life in planes, airports, and hotels, but just as he’s about to reach a milestone of ten million frequent flyer miles, he meets a woman who causes him to rethink his transient life.",4.5847,2009-12-04,6.893,3960,2009,2000
"[80, 18, 53]",4147,Road to Perdition,en,Road to Perdition,"Mike Sullivan works as a hit man for crime boss John Rooney. Sullivan views Rooney as a father figure, however after his son is witness to a killing, Mike Sullivan finds himself on the run in attempt to save the life of his son and at the same time looking for revenge on those who wronged him.",6.2512,2002-07-12,7.351,3957,2002,2000
"[16, 12, 35, 10751]",153518,The Angry Birds Movie,en,The Angry Birds Movie,"An island populated entirely by happy, flightless birds or almost entirely. In this paradise, Red, a bird with a temper problem, speedy Chuck, and the volatile Bomb have always been outsiders. But when the island is visited by mysterious green piggies, it’s up to these unlikely outcasts to figure out what the pigs are up to.",9.8972,2016-05-11,6.257,3953,2016,2010
"[35, 12]",296099,Vacation,en,Vacation,"Hoping to bring his family closer together and to recreate his childhood vacation for his own kids, a grown up Rusty Griswold takes his wife and their two sons on a cross-country road trip to the coolest theme park in America, Walley World. Needless to say, things don't go quite as planned.",7.7686,2015-07-28,6.306,3951,2015,2010
"[28, 12, 35]",752623,The Lost City,en,The Lost City,"Reclusive author Loretta Sage writes about exotic places in her popular adventure novels that feature a handsome cover model named Alan. While on tour promoting her new book with Alan, Loretta gets kidnapped by an eccentric billionaire who hopes she can lead him to the ancient city's lost treasure that featured in her latest story. Alan, determined to prove he can be a hero in real life and not just on the pages of her books, sets off to rescue her.",7.7981,2022-03-23,6.461,3949,2022,2020
"[28, 53, 80]",1089,Point Break,en,Point Break,"In Los Angeles, a gang of bank robbers who call themselves The Ex-Presidents commit their crimes while wearing masks of Reagan, Carter, Nixon and Johnson. Believing that the members of the gang could be surfers, the F.B.I. sends young agent Johnny Utah to the beach undercover to mix with the surfers and gather information.",7.9085,1991-07-12,7.2,3940,1991,1990
"[12, 28, 53]",658,Goldfinger,en,Goldfinger,"Special agent 007 comes face to face with one of the most notorious villains of all time, and now he must outwit and outgun the powerful tycoon to prevent him from cashing in on a devious scheme to raid Fort Knox -- and obliterate the world's economy.",8.3852,1964-09-20,7.354,3940,1964,1960
"[35, 10749]",455207,Crazy Rich Asians,en,Crazy Rich Asians,"An American-born Chinese economics professor accompanies her boyfriend to Singapore for his best friend's wedding, only to get thrust into the lives of Asia's rich and famous.",6.2243,2018-08-15,7.052,3939,2018,2010
"[10749, 18]",258480,Carol,en,Carol,"In 1950s New York, a department-store clerk who dreams of a better life falls for an older, married woman.",5.7017,2015-11-20,7.5,3934,2015,2010
"[27, 9648, 53]",321258,The Boy,en,The Boy,"A young American woman takes a job as a nanny in a remote English village, soon discovering that the family's eight-year-old son is a life-sized doll that comes with a list of strict rules.",5.1562,2016-01-22,5.973,3930,2016,2010
"[27, 9648]",298250,Jigsaw,en,Jigsaw,"Law enforcement finds itself chasing the ghost of a man dead for over a decade, embroiled in a diabolical new game that's only just begun.",9.1412,2017-10-25,6.216,3931,2017,2010
"[12, 18, 35]",4538,The Darjeeling Limited,en,The Darjeeling Limited,"Three American brothers who have not spoken to each other in a year set off on a train voyage across India with a plan to find themselves and bond with each other -- to become brothers again like they used to be. Their ""spiritual quest"", however, veers rapidly off-course (due to events involving over-the-counter pain killers, Indian cough syrup, and pepper spray).",4.7569,2007-09-07,7.147,3929,2007,2000
[18],82520,Return,en,Return,"Back from a tour of duty, Kelli struggles to find her place in her family and the rust-belt town she no longer recognizes.",2.8838,2011-02-10,6.436,3923,2011,2010
"[28, 878, 27]",615656,Meg 2: The Trench,en,Meg 2: The Trench,An exploratory dive into the deepest depths of the ocean of a daring research team spirals into chaos when a malevolent mining operation threatens their mission and forces them into a high-stakes battle for survival.,13.2073,2023-08-02,6.378,3922,2023,2020
"[14, 28, 53]",12437,Underworld: Rise of the Lycans,en,Underworld: Rise of the Lycans,"A prequel to the first two Underworld films, this fantasy explains the origins of the feud between the Vampires and the Lycans. Aided by his secret love, Sonja, courageous Lucian leads the Lycans in battle against brutal Vampire king Viktor. Determined to break the king's enslavement of his people, Lucian faces off against the Death Dealer army in a bid for Lycan independence.",6.4466,2009-01-22,6.5,3920,2009,2000
"[878, 12, 18, 28]",871,Planet of the Apes,en,Planet of the Apes,"Astronaut Taylor crash lands on a distant planet ruled by apes who use a primitive race of humans for experimentation and sport. Soon Taylor finds himself among the hunted, his life in the hands of a benevolent chimpanzee scientist.",9.0016,1968-02-07,7.649,3921,1968,1960
"[10751, 14, 35]",252,Willy Wonka & the Chocolate Factory,en,Willy Wonka & the Chocolate Factory,"When eccentric candy man Willy Wonka promises a lifetime supply of sweets and a tour of his chocolate factory to five lucky kids, penniless Charlie Bucket seeks the golden ticket that will make him a winner.",6.7849,1971-06-29,7.483,3920,1971,1970
"[12, 10751, 18]",481848,The Call of the Wild,en,The Call of the Wild,"Buck is a big-hearted dog whose blissful domestic life is turned upside down when he is suddenly uprooted from his California home and transplanted to the exotic wilds of the Yukon during the Gold Rush of the 1890s. As the newest rookie on a mail delivery dog sled team—and later its leader—Buck experiences the adventure of a lifetime, ultimately finding his true place in the world and becoming his own master.",5.7878,2020-02-19,7.522,3920,2020,2020
[27],301365,The Neon Demon,en,The Neon Demon,"When aspiring model Jesse moves to Los Angeles, her youth and vitality are devoured by a group of beauty-obsessed women who will take any means necessary to get what she has.",5.6783,2016-06-08,6.507,3919,2016,2010
"[53, 878]",8645,The Happening,en,The Happening,"When a deadly airborne virus threatens to wipe out the northeastern United States, teacher Elliot Moore and his wife Alma flee from contaminated cities into the countryside in a fight to discover the truth. Is it terrorism, the accidental release of some toxic military bio weapon -- or something even more sinister?",5.0313,2008-06-11,5.396,3917,2008,2000
"[14, 28, 53, 878, 27]",346672,Underworld: Blood Wars,en,Underworld: Blood Wars,"Vampire death dealer Selene fends off brutal attacks from both the Lycan clan and the Vampire faction that betrayed her. With her only allies, David and his father Thomas, she must stop the eternal war between Lycans and Vampires, even if it means she has to make the ultimate sacrifice.",7.2863,2016-11-24,5.913,3914,2016,2010
"[28, 53, 80]",9335,Transporter 2,en,Transporter 2,"Professional driver, and former Special Forces officer, Frank Martin is living in Miami, where he is temporarily filling in for a friend as the chauffeur for a government narcotics control policy director and his family. The young boy in the family is targeted for kidnapping, and Frank immediately becomes involved in protecting the child and exposing the kidnappers.",7.6446,2005-08-03,6.327,3913,2005,2000
[27],1690,Hostel,en,Hostel,"Three backpackers head to a Slovakian city that promises to meet their hedonistic expectations, with no idea of the hell that awaits them.",5.3124,2006-01-06,5.956,3912,2006,2000
"[10752, 28, 36, 18, 53]",300671,13 Hours: The Secret Soldiers of Benghazi,en,13 Hours: The Secret Soldiers of Benghazi,An American Ambassador is killed during an attack at a U.S. compound in Libya as a security team struggles to make sense out of the chaos.,9.6302,2016-01-14,7.27,3911,2016,2010
"[27, 53]",760104,X,en,X,"In 1979, a group of young filmmakers set out to make an adult film in rural Texas, but when their reclusive, elderly hosts catch them in the act, the cast find themselves fighting for their lives.",13.4991,2022-03-17,6.718,3908,2022,2020
"[18, 53, 10752]",7445,Brothers,en,Brothers,"When his helicopter goes down during his fourth tour of duty in Afghanistan, Marine Sam Cahill is presumed dead. Back home, brother Tommy steps in to look over Sam’s wife, Grace, and two children. Sam’s surprise homecoming triggers domestic mayhem.",6.7179,2009-12-02,7.314,3906,2009,2000
"[9648, 53]",1586,Secret Window,en,Secret Window,"Mort Rainey, a writer just emerging from a painful divorce with his ex-wife, is stalked at his remote lake house by a psychotic stranger and would-be scribe who claims Rainey swiped his best story idea. But as Rainey endeavors to prove his innocence, he begins to question his own sanity.",5.8572,2004-03-12,6.566,3903,2004,2000
"[27, 53]",343674,Gerald's Game,en,Gerald's Game,"When her husband's sex game goes wrong, Jessie (who is handcuffed to a bed in a remote lake house) faces warped visions, dark secrets and a dire choice.",4.6026,2017-09-29,6.398,3902,2017,2010
"[878, 18, 12]",522402,Finch,en,Finch,"On a post-apocalyptic Earth, a robot, built to protect the life of his dying creator's beloved dog, learns about life, love, friendship, and what it means to be human.",6.6488,2021-11-04,7.803,3899,2021,2020
"[35, 27]",246741,What We Do in the Shadows,en,What We Do in the Shadows,Vampire housemates try to cope with the complexities of modern life and show a newly turned hipster some of the perks of being undead.,5.3523,2014-06-19,7.55,3899,2014,2010
[18],9475,Scent of a Woman,en,Scent of a Woman,"Charlie Simms is a student at a private preparatory school who comes from a poor family. To earn the money for his flight home to Gresham, Oregon for Christmas, Charlie takes a job over Thanksgiving looking after retired U.S. Army officer Lieutenant Colonel Frank Slade, a cantankerous middle-aged man who lives with his niece and her family.",8.2123,1992-12-23,7.785,3898,1992,1990
"[28, 53]",59961,Safe House,en,Safe House,"A dangerous CIA renegade resurfaces after a decade on the run. When the safe house he's remanded to is attacked by mercenaries, a rookie operative escapes with him. Now, the unlikely allies must stay alive long enough to uncover who wants them dead.",5.296,2012-02-08,6.489,3894,2012,2010
"[14, 16, 878, 10751, 28]",8965,Atlantis: Milo's Return,en,Atlantis: Milo's Return,Milo and Kida reunite with their friends to investigate strange occurances around the world that seem to have links to the secrets of Atlantis.,4.4302,2003-02-25,6.334,3893,2003,2000
"[18, 36]",1955,The Elephant Man,en,The Elephant Man,"A Victorian surgeon rescues a heavily disfigured man being mistreated by his ""owner"" as a side-show freak. Behind his monstrous façade, there is revealed a person of great intelligence and sensitivity. Based on the true story of Joseph Merrick (called John Merrick in the film), a severely deformed man in 19th century London.",5.8965,1980-10-09,8.048,3892,1980,1980
"[10402, 18, 10749, 80]",9762,Step Up,en,Step Up,"Delinquent Tyler Gage receives the opportunity of a lifetime after vandalizing a performing arts school, gaining him the chance to earn a scholarship and dance with up-and-coming dancer Nora.",7.7706,2006-08-11,6.9,3871,2006,2000
"[35, 27]",419479,The Babysitter,en,The Babysitter,"When Cole stays up past his bedtime, he discovers that his hot babysitter is part of a Satanic cult that will stop at nothing to keep him quiet.",5.708,2017-10-13,6.178,3869,2017,2010
"[878, 18]",2277,Bicentennial Man,en,Bicentennial Man,"Richard Martin buys a gift, a new NDR-114 robot. The product is named Andrew by the youngest of the family's children. ""Bicentennial Man"" follows the life and times of Andrew, a robot purchased as a household appliance programmed to perform menial tasks. As Andrew begins to experience emotions and creative thought, the Martin family soon discovers they don't have an ordinary robot.",6.4696,1999-12-17,7.265,3869,1999,1990
"[80, 18, 9648, 53]",1592,Primal Fear,en,Primal Fear,"Defense attorney Martin Vail takes on jobs for money and prestige rather than any sense of the greater good. His latest case involves an altar boy, accused of brutally murdering the archbishop of Chicago. Vail finds himself up against his ex-pupil and ex-lover, but as the case progresses and the Church's dark secrets are revealed, Vail finds that what appeared a simple case takes on a darker, more dangerous aspect.",8.7784,1996-04-03,7.7,3868,1996,1990
"[27, 9648]",19912,The Final Destination,en,The Final Destination,A horrifying premonition saves a young man and his friends from death during a racetrack accident but terrible fates await them nonetheless.,7.4806,2009-08-26,5.613,3867,2009,2000
"[35, 18, 10751, 10402, 10749, 10770]",13649,High School Musical 2,en,High School Musical 2,"The East High Wildcats are gearing up for big fun as they land the coolest summer jobs imaginable. Troy, Gabriella, Chad, and Taylor have scored sweet gigs at the Lava Springs Country Club owned by Sharpay and Ryan's family. Sharpay's first rule of business: Get Troy. As Troy experiences a life of privilege he's never known, will he give up the Wildcats and Gabriella to rise to the top?",2.5812,2007-08-17,6.5,3858,2007,2000
"[28, 53]",44048,Unstoppable,en,Unstoppable,"When a massive, unmanned locomotive roars out of control, the threat is more ominous than just a derailment. The train is laden with toxic chemicals, and an accident would decimate human life and cause an environmental disaster. The only hope of bringing the train to a safe stop is in the hands of veteran engineer Frank Barnes, and young conductor Will Colson, who must risk their lives to save those in the runaway's path. Inspired by true events.",5.6728,2010-11-04,6.609,3855,2010,2010
"[12, 28, 53]",36669,Die Another Day,en,Die Another Day,"James Bond is sent to investigate the connection between a North Korean terrorist and a diamond mogul, who is funding the development of an international space weapon.",8.637,2002-11-17,5.998,3855,2002,2000
"[10751, 35, 14, 12]",448119,Dolittle,en,Dolittle,"After losing his wife seven years earlier, the eccentric Dr. John Dolittle, famed doctor and veterinarian of Queen Victoria’s England, hermits himself away behind the high walls of Dolittle Manor with only his menagerie of exotic animals for company. But when the young queen falls gravely ill, a reluctant Dolittle is forced to set sail on an epic adventure to a mythical island in search of a cure, regaining his wit and courage as he crosses old adversaries and discovers wondrous creatures.",6.2497,2020-01-02,6.577,3853,2020,2020
"[16, 10751]",73723,The Lorax,en,The Lorax,"A 12-year-old boy searches for the one thing that will enable him to win the affection of the girl of his dreams. To find it he must discover the story of the Lorax, the grumpy yet charming creature who fights to protect his world.",8.0879,2012-03-01,6.524,3846,2012,2010
"[10402, 36, 18]",614934,Elvis,en,Elvis,"The life story of Elvis Presley as seen through the complicated relationship with his enigmatic manager, Colonel Tom Parker.",7.6252,2022-06-22,7.461,3845,2022,2020
"[28, 35, 53]",11665,Get Smart,en,Get Smart,"When members of the nefarious crime syndicate KAOS attack the U.S. spy agency Control and the identities of secret agents are compromised, the Chief has to promote hapless but eager analyst Maxwell Smart to field agent. He is partnered with veteran and capable Agent 99, the only spy whose cover remains intact. Can they work together to thwart the evil world-domination plans of KAOS and its crafty operative?",6.3557,2008-06-19,6.207,3844,2008,2000
"[28, 53]",423204,Angel Has Fallen,en,Angel Has Fallen,"After a treacherous attack, Secret Service agent Mike Banning is charged with attempting to assassinate President Trumbull. Chased by his own colleagues and the FBI, Banning begins a race against the clock to clear his name.",9.0293,2019-08-21,6.595,3843,2019,2010
"[53, 9648, 80]",446021,Bad Times at the El Royale,en,Bad Times at the El Royale,"Lake Tahoe, 1969. Seven strangers, each one with a secret to bury, meet at El Royale, a decadent motel with a dark past. In the course of a fateful night, everyone will have one last shot at redemption.",4.1457,2018-10-04,6.846,3841,2018,2010
"[28, 12, 16, 878, 53]",12244,9,en,9,"When 9 first comes to life, he finds himself in a post-apocalyptic world. All humans are gone, and it is only by chance that he discovers a small community of others like him taking refuge from fearsome machines that roam the earth intent on their extinction. Despite being the neophyte of the group, 9 convinces the others that hiding will do them no good.",8.9258,2009-08-19,6.947,3841,2009,2000
[18],1640,Crash,en,Crash,"In post-Sept. 11 Los Angeles, tensions erupt when the lives of a Brentwood housewife, her district attorney husband, a Persian shopkeeper, two cops, a pair of carjackers and a Korean couple converge during a 36-hour period.",7.048,2005-05-06,7.216,3841,2005,2000
"[35, 10749, 80]",239,Some Like It Hot,en,Some Like It Hot,"In Prohibition-era Chicago, musicians Joe and Jerry witness a mob hit, and flee the state in an all-female band disguised as Josephine and Daphne, but further complications set in.",7.3711,1959-03-19,8.082,3840,1959,1950
"[28, 16, 878]",9323,Ghost in the Shell,ja,GHOST IN THE SHELL,"In the year 2029, the barriers of our world have been broken down by the net and by cybernetics, but this brings new vulnerability to humans in the form of brain-hacking. When a highly-wanted hacker known as 'The Puppetmaster' begins involving them in politics, Section 9, a group of cybernetically enhanced cops, are called in to investigate and stop the Puppetmaster.",8.396,1995-11-18,7.928,3836,1995,1990
"[878, 28, 12, 53]",16320,Serenity,en,Serenity,"When the renegade crew of Serenity agrees to hide a fugitive on their ship, they find themselves in an action-packed battle between the relentless military might of a totalitarian regime who will destroy anything – or anyone – to get the girl back and the bloodthirsty creatures who roam the uncharted areas of space. But... the greatest danger of all may be on their ship.",8.0891,2005-09-25,7.358,3831,2005,2000
"[80, 53, 18, 9648]",9481,The Bone Collector,en,The Bone Collector,"Lincoln Rhyme was the department's top homicide detective and leading expert in criminal forensics until an injury left him paralyzed, depressed, and incapable of working. But when a gruesome murder in Manhattan leaves detectives baffled, they call on Rhyme to help solve the mystery. Amelia Donaghy, a rookie cop whose quick thinking preserved a gruesome murder scene, is enlisted by Rhyme to be his on-the-scene forensics expert. With Amelia reluctantly acting as Rhyme's able-bodied go-between, the pair piece together cryptic clues the killer leaves behind at the scene of the crime, hoping to catch the grisly serial killer.",6.2038,1999-11-04,6.796,3830,1999,1990
"[18, 80, 12]",1541,Thelma & Louise,en,Thelma & Louise,"Taking a break from their dreary lives, close friends Thelma and Louise embark on a short weekend trip that ends in unforeseen incriminating circumstances. As fugitives, both women rediscover the strength of their bond and their newfound resilience.",7.6233,1991-05-24,7.6,3828,1991,1990
"[27, 9648]",646385,Scream,en,Scream,"Twenty-five years after a streak of brutal murders shocked the quiet town of Woodsboro, a new killer has donned the Ghostface mask and begins targeting a group of teenagers to resurrect secrets from the town’s deadly past.",16.5236,2022-01-12,6.686,3827,2022,2020
"[27, 9648]",576845,Last Night in Soho,en,Last Night in Soho,"A young girl, passionate about fashion design, is mysteriously able to enter the 1960s where she encounters her idol, a dazzling wannabe singer. But 1960s London is not what it seems, and time seems to be falling apart with shady consequences.",5.8473,2021-10-21,7.277,3825,2021,2020
"[18, 80, 53]",1598,Cape Fear,en,Cape Fear,"Sam Bowden is a small-town corporate attorney. Max Cady is a tattooed, cigar-smoking, Bible-quoting, psychotic rapist. What do they have in common? 14 years ago, Sam was a public defender assigned to Max Cady's rape trial, and he made a serious error: he hid a document from his illiterate client that could have gotten him acquitted. Now, the cagey Cady has been released, and he intends to teach Sam Bowden and his family a thing or two about loss.",5.7406,1991-11-13,7.259,3824,1991,1990
"[28, 12, 14]",274854,The Last Witch Hunter,en,The Last Witch Hunter,"The modern world holds many secrets, but by far the most astounding is that witches still live among us; vicious supernatural creatures intent on unleashing the Black Death upon the world and putting an end to the human race once and for all. Armies of witch hunters have battled this unnatural enemy for centuries, including Kaulder, a valiant warrior who many years ago slayed the all-powerful Witch Queen, decimating her followers in the process. In the moments right before her death, the Queen cursed Kaulder with immortality, forever separating him from his beloved wife and daughter. Today, Kaulder is the last living hunter who has spent his immortal life tracking down rogue witches, all the while yearning for his long-lost family.",9.9516,2015-10-21,6.01,3823,2015,2010
"[27, 53]",256274,"As Above, So Below",en,"As Above, So Below","When a team of explorers venture into the catacombs that lie beneath the streets of Paris, they uncover the dark secret that lies within this city of the dead.",5.6312,2014-08-14,6.736,3819,2014,2010
"[80, 18, 53]",819,Sleepers,en,Sleepers,Two gangsters seek revenge on the state jail worker who during their stay at a youth prison sexually abused them. A sensational court hearing takes place to charge him for the crimes.,11.2778,1996-10-18,7.6,3819,1996,1990
[27],521029,Annabelle Comes Home,en,Annabelle Comes Home,"Determined to keep Annabelle from wreaking more havoc, demonologists Ed and Lorraine Warren bring the possessed doll to the locked artifacts room in their home, placing her “safely” behind sacred glass and enlisting a priest’s holy blessing. But an unholy night of horror awaits as Annabelle awakens the evil spirits in the room, who all set their sights on a new target—the Warrens' ten-year-old daughter, Judy, and her friends.",6.1086,2019-06-26,6.406,3813,2019,2010
"[28, 53, 80]",94329,The Raid,id,Serbuan Maut,"Deep in the heart of Jakarta's slums lies an impenetrable safe house for the world's most dangerous killers and gangsters. Until now, the run-down apartment block has been considered untouchable to even the bravest of police. Cloaked under the cover of pre-dawn darkness and silence, an elite swat team is tasked with raiding the safe house in order to take down the notorious drug lord that runs it.  But when a chance encounter with a spotter blows their cover and news of their assault reaches the drug lord, the building's lights are cut and all the exits blocked. Stranded on the sixth floor with no way out, the unit must fight their way through the city's worst to survive their mission. Starring Indonesian martial arts sensation Iko Uwais.",5.1882,2012-03-22,7.401,3815,2012,2010
"[36, 18, 28, 53]",617653,The Last Duel,en,The Last Duel,"King Charles VI declares that Knight Jean de Carrouges settle his dispute with his squire, Jacques Le Gris, by challenging him to a duel.",7.0271,2021-10-13,7.411,3812,2021,2020
"[18, 10749]",77877,The Lucky One,en,The Lucky One,A Marine travels to Louisiana after serving three tours in Iraq and searches for the unknown woman he believes was his good luck charm during the war.,4.9441,2012-04-19,7.17,3809,2012,2010
"[35, 80, 28, 18]",399170,Logan Lucky,en,Logan Lucky,"Trying to reverse a family curse, brothers Jimmy and Clyde Logan set out to execute an elaborate robbery during the legendary Coca-Cola 600 race at the Charlotte Motor Speedway.",5.1149,2017-08-17,6.736,3807,2017,2010
"[28, 12, 18]",664,Twister,en,Twister,"An unprecedented series of violent tornadoes is sweeping across Oklahoma. Tornado chasers, headed by Dr. Jo Harding, attempt to release a groundbreaking device that will allow them to track them and create a more advanced warning system. They are joined by Jo's soon to be ex-husband Bill, a former tornado chaser himself, and his girlfriend Melissa.",8.0247,1996-05-10,6.552,3807,1996,1990
"[18, 878]",62215,Melancholia,en,Melancholia,Two sisters find their already strained relationship challenged as a mysterious new planet threatens to collide with Earth.,5.2846,2011-05-26,7.157,3796,2011,2010
"[27, 28, 53]",1992,Planet Terror,en,Planet Terror,"Two doctors find their graveyard shift inundated with townspeople ravaged by sores. Among the wounded is Cherry Darling, a dancer whose leg was ripped from her body. As the invalids quickly become enraged aggressors, Cherry and her ex-boyfriend El Wray lead a team of accidental warriors into the night.",5.5305,2007-04-06,6.688,3797,2007,2000
"[28, 53]",204082,Homefront,en,Homefront,"Phil Broker, a retired DEA agent, leads a quiet life with his daughter Maddy, until a school bullying incident draws them into a conflict with Morgan “Gator” Bodine, a local crime boss.",9.9965,2013-11-12,6.935,3795,2013,2010
"[10751, 16, 14, 12, 35, 10402]",136799,Trolls,en,Trolls,"After the monstrous Bergens invade Troll Village, Princess Poppy, the happiest Troll ever born, and overly-cautious, curmudgeonly outcast Branch set off on a journey to rescue her friends. Their mission is full of adventure and mishaps, as this mismatched duo try to tolerate each other long enough to get the job done.",8.3403,2016-10-13,6.627,3795,2016,2010
[35],9472,DodgeBall: A True Underdog Story,en,DodgeBall: A True Underdog Story,"When megalomaniacal White Goodman, the owner of a trendy, high-end fitness center, makes a move to take over the struggling local gym run by happy-go-lucky Pete La Fleur, there's only one way for La Fleur to fight back: dodgeball. Aided by a dodgeball guru and Goodman's attorney, La Fleur and his rag-tag team of underdogs launch a knock-down, drag-out battle in which the winner takes all.",6.6244,2004-06-18,6.363,3792,2004,2000
"[9648, 53, 80]",793,Blue Velvet,en,Blue Velvet,"The discovery of a severed human ear found in a field leads a young man on an investigation related to a beautiful, mysterious nightclub singer and a group of psychopathic criminals who have kidnapped her child.",7.1279,1986-09-19,7.607,3792,1986,1980
"[10752, 18, 36, 28]",152760,The Monuments Men,en,The Monuments Men,"Based on the true story of the greatest treasure hunt in history, The Monuments Men is an action drama focusing on seven over-the-hill, out-of-shape museum directors, artists, architects, curators, and art historians who went to the front lines of WWII to rescue the world’s artistic masterpieces from Nazi thieves and return them to their rightful owners.  With the art hidden behind enemy lines, how could these guys hope to succeed?",5.2683,2014-01-24,6.059,3791,2014,2010
"[16, 12, 10751]",313297,Kubo and the Two Strings,en,Kubo and the Two Strings,"Kubo mesmerizes the people in his village with his magical gift for spinning wild tales with origami. When he accidentally summons an evil spirit seeking vengeance, Kubo is forced to go on a quest to solve the mystery of his fallen samurai father and his mystical weaponry, as well as discover his own magical powers.",5.5927,2016-08-18,7.63,3791,2016,2010
"[35, 18, 10749, 14, 12]",347031,Swiss Army Man,en,Swiss Army Man,"Alone on a tiny deserted island, Hank has given up all hope of ever making it home again. But one day everything changes when a dead body washes ashore, and he soon realizes it may be his last opportunity to escape certain death. Armed with his new “friend” and an unusual bag of tricks, the duo go on an epic adventure to bring Hank back to the woman of his dreams.",4.4672,2016-06-24,6.9,3785,2016,2010
"[18, 53, 28]",3176,Battle Royale,ja,バトル・ロワイアル,"In the future, the Japanese government captures a class of ninth-grade students and forces them to kill each other under the revolutionary ""Battle Royale"" act.",6.7728,2000-12-16,7.27,3784,2000,2000
"[878, 28, 53]",169,Predator 2,en,Predator 2,A police chief in the war-torn streets of Los Angeles discovers that an extraterrestrial creature is hunting down residents - and that he is the next target.,9.4676,1990-11-21,6.301,3786,1990,1990
"[27, 53, 80]",11917,Saw V,en,Saw V,"Following Jigsaw's grisly demise, Detective Mark Hoffman is commended as a hero, but Agent Strahm is suspicious, and delves into Hoffman's past. Meanwhile, another group of people are put through a series of gruesome tests.",6.0128,2008-10-23,6.173,3777,2008,2000
"[53, 878, 18]",97370,Under the Skin,en,Under the Skin,A seductive stranger prowls the streets of Glasgow in search of prey: unsuspecting men who fall under her spell.,5.896,2014-03-14,6.144,3775,2014,2010
"[35, 10749]",232672,Blended,en,Blended,"Recently divorced mom Lauren and widowed dad Jim let their friends push them into a blind date, which goes disastrously wrong. Unsurprisingly, neither wants to see the other ever again. However, fate intervenes when both Jim and Lauren, unbeknownst to each other, purchase one-half of the same vacation package at a South African resort for families, during spring break. They and their children are forced to share the same romantic suite and participate in a slew of family activities together.",7.8832,2014-05-21,6.889,3774,2014,2010
[18],1246,Rocky Balboa,en,Rocky Balboa,"When he loses a highly publicized virtual boxing match to ex-champ Rocky Balboa, reigning heavyweight titleholder Mason Dixon retaliates by challenging the Italian Stallion to a 10-round exhibition bout. To the surprise of his son and friends, Rocky agrees to come out of retirement and face an opponent who's faster, stronger and thirty years his junior. Rocky takes on Dixon in what will become the greatest fight in boxing history!",6.1119,2006-12-20,6.877,3772,2006,2000
[27],30497,The Texas Chain Saw Massacre,en,The Texas Chain Saw Massacre,"Five friends head out to rural Texas to visit the grave of a grandfather. On the way, they stumble across what appears to be a deserted house, only to discover something sinister within. Something armed with a chainsaw.",8.8266,1974-10-11,7.282,3769,1974,1970
"[18, 10749]",400617,Phantom Thread,en,Phantom Thread,"In 1950s London, a renowned dressmaker's meticulous lifestyle begins drastically changing as his relationship with his young muse intensifies.",5.8298,2017-12-25,7.3,3765,2017,2010
"[28, 12, 35, 10751, 878]",308531,Teenage Mutant Ninja Turtles: Out of the Shadows,en,Teenage Mutant Ninja Turtles: Out of the Shadows,"After supervillain Shredder escapes custody, he joins forces with mad scientist Baxter Stockman and two dimwitted henchmen, Bebop and Rocksteady, to unleash a diabolical plan to take over the world. As the Turtles prepare to take on Shredder and his new crew, they find themselves facing an even greater evil with similar intentions: the notorious Krang.",6.762,2016-05-30,6.048,3766,2016,2010
"[35, 10749]",884605,No Hard Feelings,en,No Hard Feelings,"On the brink of losing her childhood home, Maddie discovers an intriguing job listing: wealthy helicopter parents looking for someone to “date” their introverted 19-year-old son, Percy, before he leaves for college. To her surprise, Maddie soon discovers the awkward Percy is no sure thing.",8.9467,2023-06-15,6.676,3765,2023,2020
"[878, 28, 12]",670292,The Creator,en,The Creator,"Amid a future war between the human race and the forces of artificial intelligence, a hardened ex-special forces agent grieving the disappearance of his wife, is recruited to hunt down and kill the Creator, the elusive architect of advanced AI who has developed a mysterious weapon with the power to end the war—and mankind itself.",13.2478,2023-09-27,7.007,3763,2023,2020
"[80, 53, 18]",241,Natural Born Killers,en,Natural Born Killers,Two victims of traumatized childhoods become lovers and serial murderers irresponsibly glorified by the mass media.,8.814,1994-08-26,7.054,3760,1994,1990
"[28, 12, 878]",2164,Stargate,en,Stargate,"An interstellar teleportation device, found in Egypt, leads to a planet with humans resembling ancient Egyptians who worship the god Ra.",8.2991,1994-10-28,7.013,3758,1994,1990
"[16, 878, 10751, 12]",718789,Lightyear,en,Lightyear,Legendary Space Ranger Buzz Lightyear embarks on an intergalactic adventure alongside a group of ambitious recruits and his robot companion Sox.,7.3181,2022-06-15,6.878,3757,2022,2020
"[28, 18]",911430,F1,en,F1,Racing legend Sonny Hayes is coaxed out of retirement to lead a struggling Formula 1 team—and mentor a young hotshot driver—while chasing one more chance at glory.,29.9504,2025-06-25,7.751,3759,2025,2020
"[10751, 14, 35, 12]",2899,Asterix & Obelix: Mission Cleopatra,fr,Astérix & Obélix : Mission Cléopâtre,History's favorite Gauls assist Queen Cleopatra when she wagers that the Egyptian people can build a palace for Julius Caesar in just three months.,6.0563,2002-01-30,7.37,3756,2002,2000
"[18, 10749]",80,Before Sunset,en,Before Sunset,"Nine years later, Jesse travels across Europe giving readings from a book he wrote about the night he spent in Vienna with Celine. After his reading in Paris, Celine finds him, and they spend part of the day together before Jesse has to again leave for a flight. They are both in relationships now, and Jesse has a son, but as their strong feelings for each other start to return, both confess a longing for more.",5.3534,2004-06-16,7.81,3757,2004,2000
"[12, 28, 35]",9486,Johnny English,en,Johnny English,"A lowly pencil pusher working for MI7, Johnny English is suddenly promoted to super spy after Agent One is assassinated and every other agent is blown up at his funeral. When a billionaire entrepreneur sponsors the exhibition of the Crown Jewels—and the valuable gems disappear on the opening night and on English's watch—the newly-designated agent must jump into action to find the thief and recover the missing gems.",6.5762,2003-03-14,6.293,3755,2003,2000
"[35, 80]",816,Austin Powers: International Man of Mystery,en,Austin Powers: International Man of Mystery,"As a swinging fashion photographer by day and a groovy British superagent by night, Austin Powers is the '60s' most shagadelic spy. But can he stop megalomaniac Dr. Evil after the bald villain freezes himself and unthaws in the '90s? With the help of sexy sidekick Vanessa Kensington, he just might.",7.2255,1997-05-02,6.593,3753,1997,1990
"[18, 10749]",417678,"Everything, Everything",en,"Everything, Everything","A teenager who's lived a sheltered life because she's allergic to everything, falls for the boy who moves in next door.",3.4352,2017-05-18,7.239,3744,2017,2010
"[35, 10749]",20943,The Ugly Truth,en,The Ugly Truth,"A romantically challenged morning show producer is reluctantly embroiled in a series of outrageous tests by her chauvinistic correspondent to prove his theories on relationships and help her find love. His clever ploys, however, lead to an unexpected result.",5.5377,2009-07-24,6.505,3741,2009,2000
"[35, 18]",580175,Another Round,da,Druk,Four stagnant high school teachers decide to test out a theory that maintaining a constant level of intoxication will improve their overall lives.,3.8039,2020-09-24,7.628,3735,2020,2020
"[16, 12, 35, 10751]",172385,Rio 2,en,Rio 2,"It's a jungle out there for Blu, Jewel and their three kids after they're hurtled from Rio de Janeiro to the wilds of the Amazon. As Blu tries to fit in, he goes beak-to-beak with the vengeful Nigel, and meets the most fearsome adversary of all: his father-in-law.",7.4949,2014-03-19,6.521,3731,2014,2010
"[18, 35]",615777,Babylon,en,Babylon,"A tale of outsized ambition and outrageous excess, tracing the rise and fall of multiple characters in an era of unbridled decadence and depravity during Hollywood's transition from silent films to sound films in the late 1920s.",11.2175,2022-12-22,7.362,3729,2022,2020
"[35, 18]",371638,The Disaster Artist,en,The Disaster Artist,"An aspiring actor in Hollywood meets an enigmatic stranger by the name of Tommy Wiseau, the meeting leads the actor down a path nobody could have predicted; creating the worst movie ever made.",4.6929,2017-03-12,7.103,3729,2017,2010
"[18, 53, 35]",265195,Wild Tales,es,Relatos salvajes,"Injustice and the demands of the world can cause stress for many people. Some of them, however, explode. This includes a waitress serving a grouchy loan shark, an altercation between two motorists, an ill-fated wedding reception, and a wealthy businessman who tries to buy his family out of trouble.",4.3587,2014-08-21,7.862,3722,2014,2010
"[18, 14]",866,Finding Neverland,en,Finding Neverland,"During a writing slump, playwright J.M. Barrie meets a widow and her four children, all young boys—who soon become an important part of Barrie’s life and the inspiration that lead him to create his masterpiece. Peter Pan.",4.8378,2004-10-29,7.319,3721,2004,2000
"[18, 10749]",2288,Closer,en,Closer,The relationships of two couples become complicated and deceitful when the man from one couple meets the woman of the other.,16.0541,2004-12-03,6.833,3718,2004,2000
"[18, 878, 53]",10200,The Day the Earth Stood Still,en,The Day the Earth Stood Still,"A representative of an alien race that went through drastic evolution to survive its own climate change, Klaatu comes to Earth to assess whether humanity can prevent the environmental damage they have inflicted on their own planet. When barred from speaking to the United Nations, he decides humankind shall be exterminated so the planet can survive.",6.1257,2008-12-10,5.656,3711,2008,2000
"[28, 53, 80]",942,Lethal Weapon 2,en,Lethal Weapon 2,Riggs and Murtaugh are on the trail of South African diplomats using their immunity to engage in criminal activities.,7.5357,1989-07-07,7.0,3708,1989,1980
"[35, 10749]",193610,The Other Woman,en,The Other Woman,"After discovering her boyfriend is married, Carly soon meets the wife he's been cheating on. And when yet another affair is discovered, all three women team up to plot mutual revenge on the three-timing SOB.",5.6842,2014-04-16,6.4,3707,2014,2010
"[878, 28]",44943,Battle: Los Angeles,en,Battle: Los Angeles,"When once distant UFOs become a terrifying threat and an alien invasion force begins attacking Earths major costal and riverside cities, a U.S Marine staff sergeant and his team are sent into battle only to find they must take it upon themselves to defeat an unknown enemy and protect what remains of Los Angeles.",6.0421,2011-03-08,5.814,3695,2011,2010
"[18, 10749]",23169,Remember Me,en,Remember Me,"Still reeling from a heartbreaking family event and his parents' subsequent divorce, Tyler Hawkins discovers a fresh lease on life when he meets Ally Craig, a gregarious beauty who witnessed her mother's death. But as the couple draws closer, the fallout from their separate tragedies jeopardizes their love.",5.2456,2010-03-11,7.098,3694,2010,2010
"[10751, 28, 35, 12, 878]",10054,Spy Kids,en,Spy Kids,"Carmen and Juni think their parents are boring. Little do they know that in their day, Gregorio and Ingrid Cortez were the top secret agents from their respective countries. They gave up that life to raise their children. Now, the disappearances of several of their old colleagues forces the Cortez' return from retirement. What they didn't count on was Carmen and Juni joining the ""family business.""",7.615,2001-03-18,5.817,3687,2001,2000
"[18, 53, 80]",59,A History of Violence,en,A History of Violence,An average family is thrust into the spotlight after the father commits a seemingly self-defense murder at his diner.,16.2426,2005-09-23,7.163,3683,2005,2000
"[878, 27, 28]",340102,The New Mutants,en,The New Mutants,"Five young mutants, just discovering their abilities while held in a secret facility against their will, fight to escape their past sins and save themselves.",6.3492,2020-04-02,6.078,3681,2020,2020
"[14, 27, 28, 12]",456740,Hellboy,en,Hellboy,"Hellboy comes to England, where he must defeat Nimue, Merlin's consort and the Blood Queen. But their battle will bring about the end of the world, a fate he desperately tries to turn away.",4.5559,2019-04-10,5.576,3680,2019,2010
"[53, 80, 9648]",2252,Eastern Promises,en,Eastern Promises,A Russian teenager living in London dies during childbirth but leaves clues in her diary that could tie her child to a rape involving a violent Russian mob family.,5.6398,2007-09-14,7.346,3680,2007,2000
"[16, 12, 14]",11621,Porco Rosso,ja,紅の豚,"In Italy in the 1930s, sky pirates in biplanes terrorize wealthy cruise ships as they sail the Adriatic Sea. The only pilot brave enough to stop the scourge is the mysterious Porco Rosso, a former World War I flying ace who was somehow turned into a pig during the war. As he prepares to battle the pirate crew's American ace, Porco Rosso enlists the help of spunky girl mechanic Fio Piccolo and his longtime friend Madame Gina.",6.8122,1992-07-18,7.795,3681,1992,1990
"[35, 10752]",914,The Great Dictator,en,The Great Dictator,Dictator Adenoid Hynkel tries to expand his empire while a poor Jewish barber tries to avoid persecution from Hynkel's regime.,8.7118,1940-10-15,8.281,3674,1940,1940
"[35, 18, 10749]",9390,Jerry Maguire,en,Jerry Maguire,"Jerry Maguire used to be a typical sports agent: willing to do just about anything he could to get the biggest possible contracts for his clients, plus a nice commission for himself. Then, one day, he suddenly has second thoughts about what he's really doing. When he voices these doubts, he ends up losing his job and all of his clients, save Rod Tidwell, an egomaniacal football player.",7.9273,1996-12-13,6.983,3671,1996,1990
"[28, 35, 80]",5174,Rush Hour 3,en,Rush Hour 3,"After a botched assassination attempt, the mismatched duo finds themselves in Paris, struggling to retrieve a precious list of names, as the murderous crime syndicate's henchmen try their best to stop them. Once more, Lee and Carter must fight their way through dangerous gangsters; however, this time, the past has come back to haunt Lee. Will the boys get the job done once and for all?",7.2907,2007-08-08,6.486,3670,2007,2000
[27],1008042,Talk to Me,en,Talk to Me,"When a group of friends discover how to conjure spirits using an embalmed hand, they become hooked on the new thrill, until one of them goes too far and unleashes terrifying supernatural forces.",8.8306,2023-07-26,7.136,3670,2023,2020
"[35, 878]",68,Brazil,en,Brazil,"Low-level bureaucrat Sam Lowry escapes the monotony of his day-to-day life through a recurring daydream of himself as a virtuous hero saving a beautiful damsel. Investigating a case that led to the wrongful arrest and eventual death of an innocent man instead of wanted terrorist Harry Tuttle, he meets the woman from his daydream, and in trying to help her gets caught in a web of mistaken identities, mindless bureaucracy and lies.",5.0905,1985-02-20,7.667,3667,1985,1980
"[53, 80, 18]",582014,Promising Young Woman,en,Promising Young Woman,"A young woman, traumatized by a tragic event in her past, seeks out vengeance against those who crossed her path.",5.6355,2020-12-13,7.39,3662,2020,2020
"[35, 10749, 18]",9870,Forgetting Sarah Marshall,en,Forgetting Sarah Marshall,"When actress Sarah Marshall dumps aspiring musician Peter Bretter for rock star Aldous Snow, Peter's world comes crashing down. His best friend Brian suggests that Peter should get away from everything and to fly off to Hawaii to escape all his problems. After arriving in Hawaii and meeting the beautiful receptionist Rachel Jansen, Peter is shocked to see not only Aldous in Hawaii, but also Sarah.",6.4152,2008-04-17,6.506,3658,2008,2000
"[16, 10751]",77950,Turbo,en,Turbo,The tale of an ordinary garden snail who dreams of winning the Indy 500.,6.663,2013-07-11,6.266,3655,2013,2010
"[28, 53, 80]",926393,The Equalizer 3,en,The Equalizer 3,"Robert McCall finds himself at home in Southern Italy but he discovers his friends are under the control of local crime bosses. As events turn deadly, McCall knows what he has to do: become his friends' protector by taking on the mafia.",17.0945,2023-08-30,7.291,3655,2023,2020
"[10752, 36, 12]",57212,War Horse,en,War Horse,"On the brink of the First World War, Albert's beloved horse Joey is sold to the Cavalry by his father. Against the backdrop of the Great War, Joey begins an odyssey full of danger, joy, and sorrow, and he transforms everyone he meets along the way. Meanwhile, Albert, unable to forget his equine friend, searches the battlefields of France to find Joey and bring him home.",6.8035,2011-12-25,7.3,3652,2011,2010
"[28, 35, 10749]",746036,The Fall Guy,en,The Fall Guy,"Fresh off an almost career-ending accident, stuntman Colt Seavers has to track down a missing movie star, solve a conspiracy and try to win back the love of his life while still doing his day job.",12.122,2024-04-24,6.957,3651,2024,2020
"[18, 10749, 35]",37247,The Graduate,en,The Graduate,A disillusioned college graduate finds himself torn between his older lover and her daughter.,7.0393,1967-12-21,7.631,3649,1967,1960
"[18, 35, 80]",9291,The Longest Yard,en,The Longest Yard,"Disgraced pro football quarterback Paul Crewe lands in a Texas federal penitentiary, where manipulative Warden Hazen recruits him to advise the institution's football team of prison guards. Crewe suggests a tune-up game which lands him quarterbacking a crew of inmates in a game against the guards. Aided by incarcerated ex-NFL coach and player Nate Scarborough, Crewe and his team must overcome not only the bloodthirstiness of the opposition, but also the corrupt warden trying to fix the game against them.",8.1449,2005-05-27,6.668,3645,2005,2000
"[18, 27, 53]",65086,The Woman in Black,en,The Woman in Black,"The story follows a young lawyer, Arthur Kipps, who is ordered to travel to a remote village and sort out a recently deceased client’s papers. As he works alone in the client’s isolated house, Kipps begins to uncover tragic secrets, his unease growing when he glimpses a mysterious woman dressed only in black. Receiving only silence from the locals, Kipps is forced to uncover the true identity of the Woman in Black on his own, leading to a desperate race against time when he discovers her true identity.",5.0875,2012-02-03,6.141,3644,2012,2010
"[35, 12, 80]",817,Austin Powers: The Spy Who Shagged Me,en,Austin Powers: The Spy Who Shagged Me,"When diabolical genius Dr. Evil travels back in time to steal superspy Austin Powers's ‘mojo,’ Austin must return to the swingin' '60s himself - with the help of American agent, Felicity Shagwell - to stop the dastardly plan. Once there, Austin faces off against Dr. Evil's army of minions to try to save the world in his own unbelievably groovy way.",8.1733,1999-06-08,6.303,3643,1999,1990
"[35, 10749, 878]",587792,Palm Springs,en,Palm Springs,"When carefree Nyles and reluctant maid of honor Sarah have a chance encounter at a Palm Springs wedding, things get complicated when they find themselves unable to escape the venue, themselves, or each other.",5.932,2020-07-10,7.337,3642,2020,2020
[18],160588,Blue Jasmine,en,Blue Jasmine,"After experiencing a traumatic misfortune, Jasmine French, a wealthy woman from New York, moves to San Francisco to live with her foster sister Ginger and the firm purpose of getting a new life, but she will be haunted by anxiety and memories of the past.",3.6964,2013-08-01,6.981,3637,2013,2010
"[28, 53, 12]",50456,Hanna,en,Hanna,"Raised by her father, an ex-CIA agent, in the wilds of Finland, Hanna's upbringing has been geared to making her the perfect assassin. Sent into the world by her father on a mission, Hanna journeys across Europe, eluding agents dispatched after her by a ruthless intelligence operative. As she nears her ultimate target, Hanna faces startling revelations about her existence.",5.887,2011-04-07,6.587,3636,2011,2010
"[28, 53, 80]",13387,Transporter 3,en,Transporter 3,"Frank Martin puts the driving gloves on to deliver Valentina, the kidnapped daughter of a Ukrainian government official, from Marseilles to Odessa on the Black Sea. En route, he has to contend with thugs who want to intercept Valentina's safe delivery and not let his personal feelings get in the way of his dangerous objective.",6.7656,2008-11-26,6.162,3634,2008,2000
"[80, 18, 53]",499932,The Devil All the Time,en,The Devil All the Time,"In Knockemstiff, Ohio and its neighboring backwoods, sinister characters converge around young Arvin Russell as he fights the evil forces that threaten him and his family.",5.2849,2020-09-11,7.181,3631,2020,2020
"[35, 27, 878]",512196,Happy Death Day 2U,en,Happy Death Day 2U,"Collegian Tree Gelbman wakes up in horror to learn that she's stuck in a parallel universe. Her boyfriend Carter is now with someone else, and her friends and fellow students seem to be completely different versions of themselves. When Tree discovers that Carter's roommate has been altering time, she finds herself once again the target of a masked killer. When the psychopath starts to go after her inner circle, Tree soon realizes that she must die over and over again to save everyone.",4.6841,2019-02-13,6.324,3629,2019,2010
"[28, 53, 18]",1620,Hitman,en,Hitman,"A genetically engineered assassin with deadly aim, known only as ""Agent 47"" eliminates strategic targets for a top-secret organization. But when he's double-crossed, the hunter becomes the prey as 47 finds himself in a life-or-death game of international intrigue.",6.7187,2007-11-21,6.154,3626,2007,2000
[18],258216,Nymphomaniac: Vol. I,en,Nymphomaniac: Vol. I,"A man named Seligman finds a fainted wounded woman in an alley and he brings her home. She tells him that her name is Joe and that she is nymphomaniac. Joe tells her life and sexual experiences with hundreds of men since she was a young teenager while Seligman tells about his hobbies, such as fly fishing, reading about Fibonacci numbers or listening to organ music.",3.6561,2013-12-25,6.844,3622,2013,2010
[35],1621,Trading Places,en,Trading Places,A snobbish investor and a wily street con-artist find their positions reversed as part of a bet by two callous millionaires.,17.5704,1983-06-07,7.231,3622,1983,1980
"[28, 80, 53, 12]",278924,Mechanic: Resurrection,en,Mechanic: Resurrection,"Arthur Bishop thought he had put his murderous past behind him when his most formidable foe kidnaps the love of his life. Now he is forced to travel the globe to complete three impossible assassinations, and do what he does best, make them look like accidents.",8.7848,2016-08-25,6.039,3621,2016,2010
[35],212778,Chef,en,Chef,"When Chef Carl Casper suddenly quits his job at a prominent Los Angeles restaurant after refusing to compromise his creative integrity for its controlling owner, he is left to figure out what's next. Finding himself in Miami, he teams up with his ex-wife, his friend and his son to launch a food truck. Taking to the road, Chef Carl goes back to his roots to reignite his passion for the kitchen -- and zest for life and love.",6.3489,2014-05-08,7.116,3616,2014,2010
[18],462,Erin Brockovich,en,Erin Brockovich,"A twice-divorced mother of three who sees an injustice, takes on the bad guy and wins -- with a little help from her push-up bra. Erin goes to work for an attorney and comes across medical records describing illnesses clustered in one nearby town. She starts investigating and soon exposes a monumental cover-up.",5.9164,2000-03-17,7.436,3613,2000,2000
"[10751, 35]",11674,101 Dalmatians,en,101 Dalmatians,"An evil, high-fashion designer plots to steal Dalmatian puppies in order to make an extravagant fur coat, but instead creates an extravagant mess.",7.6515,1996-11-27,5.94,3612,1996,1990
"[80, 18, 53]",50348,The Lincoln Lawyer,en,The Lincoln Lawyer,"Mick Haller is a charismatic defense attorney who does business out of his Lincoln Continental sedan. Mick spends most of his time defending petty crooks and other bottom-feeders, so it comes as quite a surprise when he lands the case of a lifetime: defending a Beverly Hills playboy who is accused of attempted murder. However, what Mick initially thinks is an open-and-shut case with a big monetary reward develops into something more sinister.",5.4686,2011-03-17,7.208,3607,2011,2010
"[35, 10749]",9489,You've Got Mail,en,You've Got Mail,Book superstore magnate Joe Fox and independent book shop owner Kathleen Kelly fall in love in the anonymity of the Internet—both blissfully unaware that he's trying to put her out of business.,5.8889,1998-12-18,6.701,3607,1998,1990
"[12, 10751, 14]",267935,The BFG,en,The BFG,"An orphan little girl befriends a benevolent giant who takes her to Giant Country, where they attempt to stop the man-eating giants that are invading the human world.",6.073,2016-06-01,6.286,3606,2016,2010
"[27, 53]",713704,Evil Dead Rise,en,Evil Dead Rise,"A reunion between two estranged sisters gets cut short by the rise of flesh-possessing demons, thrusting them into a primal battle for survival as they face the most nightmarish version of family imaginable.",14.4043,2023-04-12,6.913,3604,2023,2020
"[35, 28, 14]",594767,Shazam! Fury of the Gods,en,Shazam! Fury of the Gods,"Billy Batson and his foster siblings, who transform into superheroes by saying ""Shazam!"", are forced to get back into action and fight the Daughters of Atlas, who they must stop from using a weapon that could destroy the world.",9.2606,2023-03-15,6.425,3604,2023,2020
[18],87093,Big Eyes,en,Big Eyes,"In the late 1950s and early '60s, artist Walter Keane achieves unbelievable fame and success with portraits of saucer-eyed waifs. However, no one realizes that his wife, Margaret, is the real painter behind the brush. Although Margaret is horrified to learn that Walter is passing off her work as his own, she is too meek to protest too loudly. It isn't until the Keanes' marriage comes to an end and a lawsuit follows that the truth finally comes to light.",3.1069,2014-12-24,6.969,3603,2014,2010
"[18, 10751, 10402, 10749]",15121,The Sound of Music,en,The Sound of Music,"In the years before World War II, a tomboyish postulant at an Austrian abbey is hired as a governess in the home of a widowed naval captain with seven children and brings a new love of life and music into the home.",9.411,1965-03-29,7.731,3599,1965,1960
"[10749, 878, 53]",950396,The Gorge,en,The Gorge,"Two highly trained operatives grow close from a distance after being sent to guard opposite sides of a mysterious gorge. When an evil below emerges, they must work together to survive what lies within.",24.0957,2025-02-13,7.616,3596,2025,2020
[18],600354,The Father,en,The Father,"A man refuses all assistance from his daughter as he ages and, as he tries to make sense of his changing circumstances, he begins to doubt his loved ones, his own mind and even the fabric of his reality.",6.6309,2020-12-23,8.096,3595,2020,2020
"[28, 53, 27]",514847,The Hunt,en,The Hunt,"Twelve strangers wake up in a clearing. They don't know where they are—or how they got there. In the shadow of a dark internet conspiracy theory, ruthless elitists gather at a remote location to hunt humans for sport. But their master plan is about to be derailed when one of the hunted turns the tables on her pursuers.",8.4797,2020-03-11,6.635,3593,2020,2020
"[80, 18, 53]",77016,End of Watch,en,End of Watch,Two young officers are marked for death after confiscating a small cache of money and firearms from the members of a notorious cartel during a routine traffic stop.,6.5352,2012-09-20,7.35,3593,2012,2010
"[16, 35, 10751]",62214,Frankenweenie,en,Frankenweenie,"When a car hits young Victor's pet dog Sparky, Victor decides to bring him back to life the only way he knows how. But when the bolt-necked ""monster"" wreaks havoc and terror in the hearts of Victor's neighbors, he has to convince them that Sparky's still the good, loyal friend he was.",5.0874,2012-10-04,7.004,3593,2012,2010
"[28, 53]",1669,The Hunt for Red October,en,The Hunt for Red October,"A new technologically-superior Soviet nuclear sub, the Red October, is heading for the U.S. coast under the command of Captain Marko Ramius. The American government thinks Ramius is planning to attack. Lone CIA analyst Jack Ryan has a different idea: he thinks Ramius is planning to defect, but he has only a few hours to find him and prove it - because the entire Russian naval and air commands are trying to find Ramius, too. The hunt is on!",7.0466,1990-03-02,7.381,3592,1990,1990
"[35, 10749, 18, 10751, 10402]",11887,High School Musical 3: Senior Year,en,High School Musical 3: Senior Year,"As seniors in high school, Troy and Gabriella struggle with the idea of being separated from one another as college approaches. Along with the rest of the Wildcats, they stage a spring musical to address their experiences, hopes and fears about their future.",2.9806,2008-10-11,6.5,3590,2008,2000
[18],401104,To the Bone,en,To the Bone,A young woman dealing with anorexia meets an unconventional doctor who challenges her to face her condition and embrace life.,3.0425,2017-01-22,7.204,3589,2017,2010
"[18, 53]",7735,The Wave,de,Die Welle,A school teacher discusses types of government with his class. His students find it too boring to repeatedly go over national socialism and believe that dictatorship cannot be established in modern Germany. He starts an experiment to show how easily the masses can become manipulated.,4.1431,2008-03-13,7.482,3587,2008,2000
"[27, 53]",280092,Insidious: Chapter 3,en,Insidious: Chapter 3,"A twisted new tale of terror begins for a teenage girl and her family, and revealing more mysteries of the otherworldly realm, 'The Further'.",10.1145,2015-05-28,6.282,3584,2015,2010
"[27, 14]",426063,Nosferatu,en,Nosferatu,"A gothic tale of obsession between a haunted young woman and the terrifying vampire infatuated with her, causing untold horror in its wake.",12.4137,2024-12-25,6.706,3584,2024,2020
"[18, 10749]",1443,The Virgin Suicides,en,The Virgin Suicides,"A group of male friends become obsessed with five mysterious sisters who are sheltered by their strict, religious parents.",5.047,2000-04-21,7.131,3580,2000,2000
"[28, 35, 10749]",59962,This Means War,en,This Means War,Two top CIA operatives wage an epic battle against one another after they discover they are dating the same woman.,4.9358,2012-02-14,6.18,3579,2012,2010
"[18, 35]",429197,Vice,en,Vice,"George W. Bush picks Dick Cheney, the CEO of Halliburton Co., to be his Republican running mate in the 2000 presidential election. No stranger to politics, Cheney's impressive résumé includes stints as White House chief of staff, House Minority Whip and Defense Secretary. When Bush wins by a narrow margin, Cheney begins to use his newfound power to help reshape the country and the world.",5.2918,2018-12-25,7.018,3578,2018,2010
"[35, 14, 10749]",449563,Isn't It Romantic,en,Isn't It Romantic,"For a long time, Natalie, an Australian architect living in New York City, had always believed that what she had seen in rom-coms is all fantasy. But after thwarting a mugger at a subway station only to be knocked out while fleeing, Natalie wakes up and discovers that her life has suddenly become her worst nightmare—a romantic comedy—and she is the leading lady.",3.9181,2019-02-13,6.2,3577,2019,2010
"[18, 80, 36]",261023,Black Mass,en,Black Mass,"The true story of Whitey Bulger, the brother of a state senator and the most infamous violent criminal in the history of South Boston, who became an FBI informant to take down a Mafia family invading his turf.",5.2617,2015-09-17,6.53,3574,2015,2010
"[28, 53, 80]",27582,The Mechanic,en,The Mechanic,"Arthur Bishop is a 'mechanic' - an elite assassin with a strict code requiring professional perfection and total detachment. One of an elite group of assassins, Bishop may be the best in the business - with a unique talent for cleanly eliminating targets. When Harry McKenna, his close friend and mentor, is murdered, Harry's son comes to him with vengeance in his heart and a desire to learn Bishop's trade, signaling the birth of a deadly partnership.",8.1793,2011-01-13,6.528,3563,2011,2010
[18],295964,Burnt,en,Burnt,"Adam Jones is a Chef who destroyed his career with drugs and diva behavior. He cleans up and returns to London, determined to redeem himself by spearheading a top restaurant that can gain three Michelin stars.",4.1713,2015-10-02,6.527,3560,2015,2010
"[28, 12, 35, 878, 37]",8487,Wild Wild West,en,Wild Wild West,Legless Southern inventor Dr. Arliss Loveless plans to rekindle the Civil War by assassinating President Ulysses S. Grant. Only two men can stop him: gunfighter James West and master-of-disguise and inventor Artemus Gordon. The two must team up to thwart Loveless' plans.,4.6865,1999-06-30,5.319,3556,1999,1990
"[28, 14, 80]",314,Catwoman,en,Catwoman,"Liquidated after discovering a corporate conspiracy, mild-mannered graphic artist Patience Phillips washes up on an island, where she's resurrected and endowed with the prowess of a cat — and she's eager to use her new skills... as a vigilante. Before you can say ""cat and mouse"", handsome gumshoe Tom Lone is on her tail, fascinated by both of her personas.",4.9953,2004-07-22,4.616,3556,2004,2000
"[35, 10749]",458423,Mamma Mia! Here We Go Again,en,Mamma Mia! Here We Go Again,"Five years after meeting her three fathers, Sophie Sheridan prepares to open her mother’s hotel. In 1979, young Donna Sheridan meets the men who each could be Sophie’s biological father.",6.1465,2018-07-18,7.079,3553,2018,2010
"[80, 28, 35]",58233,Johnny English Reborn,en,Johnny English Reborn,"The most prominent heads of state in the world begin gathering for a conference that could have a major impact on global politics. When MI-7 receives word that the Chinese premier has become the target of some high-powered killers, it falls on Johnny English to save the day. Armed with the latest high-tech weaponry and gadgets that would make even James Bond jealous, the once-disgraced agent uncovers evidence of a massive conspiracy involving some of the world's most powerful organisations, and vows to redeem his tarnished reputation by stopping the killers before they can strike.",5.4528,2011-09-15,6.241,3553,2011,2010
"[28, 12, 18]",8367,Robin Hood: Prince of Thieves,en,Robin Hood: Prince of Thieves,"Nobleman crusader Robin of Locksley breaks out of a Jerusalem prison with the help of Moorish fellow prisoner Azeem and travels back home to England. But upon arrival he discovers his dead father in the ruins of his family estate, killed by the vicious sheriff of Nottingham, Robin and Azeem join forces with outlaws Little John and Will Scarlett to save the kingdom from the sheriff's villainy.",6.757,1991-06-14,6.855,3554,1991,1990
[35],4257,Scary Movie 4,en,Scary Movie 4,"Cindy finds out the house she lives in is haunted by a little boy and goes on a quest to find out who killed him and why. Also, Alien ""Tr-iPods"" are invading the world and she has to uncover the secret in order to stop them.",8.6668,2006-04-12,5.487,3553,2006,2000
"[878, 12, 10751]",6795,Zathura: A Space Adventure,en,Zathura: A Space Adventure,"After their father is called into work, two young boys, Walter and Danny, are left in the care of their teenage sister, Lisa, and told they must stay inside. Walter and Danny, who anticipate a boring day, are shocked when they begin playing Zathura, a space-themed board game, which they realize has mystical powers when their house is shot into space. With the help of an astronaut, the boys attempt to return home.",5.2453,2005-11-06,6.432,3544,2005,2000
"[35, 18]",937278,A Man Called Otto,en,A Man Called Otto,"When a lively young family moves in next door, grumpy widower Otto Anderson meets his match in a quick-witted, pregnant woman named Marisol, leading to an unlikely friendship that turns his world upside down.",10.289,2022-12-28,7.751,3540,2022,2020
"[10749, 18]",419478,Midnight Sun,en,Midnight Sun,"Katie, a 17-year-old, has been sheltered since childhood and confined to her house during the day by a rare disease that makes even the smallest amount of sunlight deadly. Fate intervenes when she meets Charlie and they embark on a summer romance.",4.6625,2018-03-22,7.806,3538,2018,2010
"[14, 12, 10751]",258230,A Monster Calls,en,A Monster Calls,12-year-old Conor encounters an ancient tree monster who proceeds to help him cope with his mother's terminal illness and being bullied in school.,5.5991,2016-10-07,7.291,3538,2016,2010
"[18, 36, 10752]",504949,The King,en,The King,"England, 15th century. Hal, a capricious prince who lives among the populace far from court, is forced by circumstances to reluctantly accept the throne and become Henry V.",6.6869,2019-10-11,7.157,3536,2019,2010
"[18, 10749]",796,Cruel Intentions,en,Cruel Intentions,"Slaking a thirst for dangerous games, Kathryn challenges her stepbrother, Sebastian, to deflower their headmaster's daughter before the summer ends. If he succeeds, the prize is the chance to bed Kathryn. But if he loses, Kathryn will claim his most prized possession.",10.3432,1999-03-05,6.798,3535,1999,1990
"[878, 12, 28]",406759,Moonfall,en,Moonfall,A mysterious force knocks the moon from its orbit around Earth and sends it hurtling on a collision course with life as we know it.,8.8722,2022-02-02,6.25,3534,2022,2020
"[28, 14, 27]",72331,Abraham Lincoln: Vampire Hunter,en,Abraham Lincoln: Vampire Hunter,"President Lincoln's mother is killed by a supernatural creature, which fuels his passion to crush vampires and their slave-owning helpers.",4.8088,2012-06-20,5.765,3533,2012,2010
"[28, 14, 12]",458576,Monster Hunter,en,Monster Hunter,"A portal transports Cpt. Artemis and an elite unit of soldiers to a strange world where powerful monsters rule with deadly ferocity. Faced with relentless danger, the team encounters a mysterious hunter who may be their only hope to find a way home.",5.7059,2020-12-03,6.52,3532,2020,2020
"[27, 9648, 878]",384521,The Cloverfield Paradox,en,The Cloverfield Paradox,"Orbiting above a planet on the brink of war, scientists test a device to solve an energy crisis and end up face-to-face with a dark alternate reality.",5.2131,2018-02-04,5.6,3532,2018,2010
"[12, 18, 28, 10749]",146,"Crouching Tiger, Hidden Dragon",zh,卧虎藏龍,"Two warriors in pursuit of a stolen sword and a notorious fugitive are led to an impetuous, physically-skilled, teenage nobleman's daughter, who is at a crossroads in her life.",9.2648,2000-07-06,7.433,3532,2000,2000
"[28, 35, 53]",23631,Machete,en,Machete,"After being set-up and betrayed by the man who hired him to assassinate a Texas Senator, an ex-Federale launches a brutal rampage of revenge against his former boss.",4.4576,2010-09-01,6.344,3528,2010,2010
"[18, 14]",397837,Before I Fall,en,Before I Fall,"Samantha Kingston has everything. Then, everything changes. After one fateful night, she wakes up with no future at all. Trapped into reliving the same day over and over, she begins to question just how perfect her life really was.",4.0305,2017-03-02,6.964,3527,2017,2010
"[27, 28, 878, 35]",9362,Tremors,en,Tremors,"Val McKee and Earl Bassett are in a fight for their lives when they discover that their desolate town has been infested with gigantic, man-eating creatures that live below the ground.",5.7257,1990-01-19,6.933,3527,1990,1990
[18],4995,Boogie Nights,en,Boogie Nights,"Set in 1977, back when sex was safe, pleasure was a business and business was booming, idealistic porn producer Jack Horner aspires to elevate his craft to an art form. Horner discovers Eddie Adams, a hot young talent working as a busboy in a nightclub, and welcomes him into the extended family of movie-makers, misfits and hangers-on that are always around. Adams' rise from nobody to a celebrity adult entertainer is meteoric, and soon the whole world seems to know his porn alter ego, ""Dirk Diggler"". Now, when disco and drugs are in vogue, fashion is in flux and the party never seems to stop, Adams' dreams of turning sex into stardom are about to collide with cold, hard reality.",6.1775,1997-10-07,7.627,3526,1997,1990
"[18, 80]",457799,"Extremely Wicked, Shockingly Evil and Vile",en,"Extremely Wicked, Shockingly Evil and Vile","A chronicle of the crimes of Ted Bundy, from the perspective of his longtime girlfriend, Elizabeth Kloepfer, who refused to believe the truth about him for years.",5.5407,2019-05-02,6.996,3522,2019,2010
"[16, 35, 10751, 12, 14]",12222,Horton Hears a Who!,en,Horton Hears a Who!,"An imaginative elephant named Horton hears a faint cry for help coming from a tiny speck of dust floating through the air. Horton suspects there may be life on that speck and despite a surrounding community, who thinks he has lost his mind, he is determined to save the tiny particle.",8.4828,2008-03-03,6.518,3518,2008,2000
"[35, 18]",9032,Big Daddy,en,Big Daddy,"A lazy law school grad adopts a kid to impress his girlfriend, but everything doesn't go as planned. Now he's forced to grow up while navigating the challenges of fatherhood.",6.6257,1999-06-25,6.49,3516,1999,1990
"[27, 9648]",277685,Unfriended,en,Unfriended,"While video chatting one night, six high school friends receive a Skype message from a classmate who killed herself exactly one year ago. At first they think it's a prank, but when the girl starts revealing the friends' darkest secrets, they realize they are dealing with something out of this world, something that wants them dead.",3.6922,2014-06-18,5.543,3515,2014,2010
[35],262391,Serial (Bad) Weddings,fr,Qu'est-ce qu'on a fait au Bon Dieu ?,A catholic French couple sees their life upside down when their four daughters get married to men of different religion and origins.,2.8934,2014-04-16,6.664,3512,2014,2010
"[53, 80, 35]",1054867,One Battle After Another,en,One Battle After Another,"Washed-up revolutionary Bob exists in a state of stoned paranoia, surviving off-grid with his spirited, self-reliant daughter, Willa. When his evil nemesis resurfaces after 16 years and she goes missing, the former radical scrambles to find her, father and daughter both battling the consequences of his past.",28.4321,2025-09-23,7.37,3513,2025,2020
[99],899082,Harry Potter 20th Anniversary: Return to Hogwarts,en,Harry Potter 20th Anniversary: Return to Hogwarts,"An enchanting making-of story told through all-new in-depth interviews and cast conversations, inviting fans on a magical first-person journey through one of the most beloved film franchises of all time.",6.2385,2022-01-01,7.31,3506,2022,2020
"[12, 35, 14, 10751, 18]",381289,A Dog's Purpose,en,A Dog's Purpose,A dog goes on quest to discover his purpose in life over the course of several lifetimes with multiple owners.,5.8479,2017-01-19,7.636,3506,2017,2010
"[28, 53, 80, 12]",399361,Triple Frontier,en,Triple Frontier,"Struggling to make ends meet, former special ops soldiers reunite for a high-stakes heist: stealing $75 million from a South American drug lord.",5.4363,2019-03-06,6.329,3504,2019,2010
"[35, 878, 12]",7512,Idiocracy,en,Idiocracy,"To test its top-secret Human Hibernation Project, the Pentagon picks the most average Americans it can find - an Army private and a prostitute - and sends them to the year 2505 after a series of freak events. But when they arrive, they find a civilization so dumbed-down that they're the smartest people around.",11.4346,2006-09-01,6.4,3501,2006,2000
"[35, 80]",109431,Identity Thief,en,Identity Thief,"When a mild-mannered businessman learns his identity has been stolen, he hits the road in an attempt to foil the thief -- a trip that puts him in the path of a deceptively harmless-looking woman.",4.8065,2013-02-07,5.851,3500,2013,2010
"[18, 35, 10749]",74643,The Artist,fr,The Artist,"Hollywood, 1927: As silent movie star George Valentin wonders if the arrival of talking pictures will cause him to fade into oblivion, he sparks with Peppy Miller, a young dancer set for a big break.",4.3592,2011-10-12,7.44,3496,2011,2010
"[18, 10749]",46705,Blue Valentine,en,Blue Valentine,"Dean and Cindy live a quiet life in a modest neighborhood. They appear to have the world at their feet at the outset of the relationship. However, his lack of ambition and her retreat into self-absorption cause potentially irreversible cracks in their marriage.",5.7879,2010-12-26,6.962,3491,2010,2010
"[35, 18, 10749]",392,Chocolat,en,Chocolat,"In the winter of 1959, a single mother and her young daughter arrive in a rural French town, where they open an unusual chocolate shop that disrupts the moral fiber of the strictly Catholic townsfolk and mayor.",6.5343,2000-12-22,6.972,3489,2000,2000
"[14, 27, 35]",766,Army of Darkness,en,Army of Darkness,"Ash, a handsome, shotgun-toting, chainsaw-armed department store clerk, is time warped backwards into England's Dark Ages, where he romances a beauty and faces legions of the undead.",7.7284,1992-10-31,7.263,3487,1992,1990
"[28, 53, 878]",1103,Escape from New York,en,Escape from New York,"In a world ravaged by crime, the entire island of Manhattan has been converted into a walled prison where brutal prisoners roam free. After the US president crash-lands inside, war hero Snake Plissken has 24 hours to bring him back.",6.3347,1981-05-23,7.047,3486,1981,1980
"[12, 18, 10752]",8619,Master and Commander: The Far Side of the World,en,Master and Commander: The Far Side of the World,"After an abrupt and violent encounter with a French warship inflicts severe damage upon his ship, a captain of the British Royal Navy begins a chase over two oceans to capture or destroy the enemy, though he must weigh his commitment to duty and ferocious pursuit of glory against the safety of his devoted crew, including the ship's thoughtful surgeon, his best friend.",5.7133,2003-11-14,7.188,3484,2003,2000
"[10752, 36, 28, 12, 18, 10749]",1966,Alexander,en,Alexander,"Alexander, the King of Macedonia, leads his legions against the giant Persian Empire. After defeating the Persians, he leads his army across the then known world, venturing farther than any westerner had ever gone, all the way to India.",7.3908,2004-11-21,5.952,3480,2004,2000
"[27, 53]",22804,Saw VI,en,Saw VI,"Special Agent Strahm is dead, and Detective Hoffman has emerged as the unchallenged successor to Jigsaw's legacy. However, when the FBI draws closer to Hoffman, he is forced to set a game into motion, and Jigsaw's grand scheme is finally understood.",6.0328,2009-10-22,6.291,3480,2009,2000
"[53, 9648, 80]",3594,The Number 23,en,The Number 23,"Animal control officer Walter Sparrow becomes obsessed with a novel that he believes was written about him, as more and more similarities between himself and his literary alter ego seem to arise.",5.089,2007-02-23,6.411,3479,2007,2000
"[35, 18, 36]",140823,Saving Mr. Banks,en,Saving Mr. Banks,"Author P.L. Travers looks back on her childhood while reluctantly meeting with Walt Disney, who seeks to adapt her Mary Poppins books for the big screen.",3.7131,2013-11-29,7.338,3474,2013,2010
"[35, 10749]",872,Singin' in the Rain,en,Singin' in the Rain,"In 1927 Hollywood, a silent film star falls for a chorus girl just as he and his paranoid screen partner struggle to make the difficult transition to talking pictures.",7.485,1952-04-10,8.135,3470,1952,1950
"[18, 10749]",6023,P.S. I Love You,en,P.S. I Love You,A young widow discovers that her late husband has left her 10 messages intended to help ease her pain and start a new life.,4.4128,2007-11-15,7.176,3466,2007,2000
"[18, 36]",906126,Society of the Snow,es,La sociedad de la nieve,"On October 13, 1972, Uruguayan Air Force Flight 571, chartered to take a rugby team to Chile, crashes into a glacier in the heart of the Andes.",4.4769,2023-12-15,7.975,3465,2023,2020
"[53, 9648, 18]",328425,The Gift,en,The Gift,Simon and Robyn are a young married couple whose life is going as planned until a chance run-in with Simon's high school acquaintance sends their world into a tailspin.,4.7234,2015-07-31,6.7,3464,2015,2010
"[878, 28]",695721,The Hunger Games: The Ballad of Songbirds & Snakes,en,The Hunger Games: The Ballad of Songbirds & Snakes,"64 years before he becomes the tyrannical president of Panem, Coriolanus Snow sees a chance for a change in fortunes when he mentors Lucy Gray Baird, the female tribute from District 12.",14.4031,2023-11-15,6.986,3458,2023,2020
"[28, 80, 35]",40805,The Green Hornet,en,The Green Hornet,"Britt Reid, the heir to the largest newspaper fortune in Los Angeles, is a spoiled playboy who has been, thus far, happy to lead an aimless life. After his father dies, Britt meets Kato, a resourceful company employee. Realizing that they have the talent and resources to make something of their lives, Britt and Kato join forces as costumed crime-fighters to bring down the city's most-powerful criminal, Chudnofsky.",4.7244,2011-01-12,5.594,3457,2011,2010
"[35, 18, 10749]",462919,Sierra Burgess Is a Loser,en,Sierra Burgess Is a Loser,A case of mistaken identity results in unexpected romance when the most popular girl in high school and the biggest loser must come together to win over their crushes.,3.7505,2018-09-07,6.287,3456,2018,2010
"[27, 53]",263472,Knock Knock,en,Knock Knock,"When a devoted husband and father is left home alone for the weekend, two stranded young women unexpectedly knock on his door for help. What starts out as a kind gesture results in a dangerous seduction and a deadly game of cat and mouse.",5.8031,2015-06-26,5.385,3458,2015,2010
"[16, 10751, 28, 35, 12, 14]",1011985,Kung Fu Panda 4,en,Kung Fu Panda 4,"Po is gearing up to become the spiritual leader of his Valley of Peace, but also needs someone to take his place as Dragon Warrior. As such, he will train a new kung fu practitioner for the spot and will encounter a villain called the Chameleon who conjures villains from the past.",31.8266,2024-03-02,7.0,3456,2024,2020
"[16, 10751, 35]",109451,Cloudy with a Chance of Meatballs 2,en,Cloudy with a Chance of Meatballs 2,"After the disastrous food storm in the first film, Flint and his friends are forced to leave the town. Flint accepts the invitation from his idol Chester V to join The Live Corp Company, which has been tasked to clean the island, and where the best inventors in the world create technologies for the betterment of mankind. When Flint discovers that his machine still operates and now creates mutant food beasts like living pickles, hungry tacodiles, shrimpanzees and apple pie-thons, he and his friends must return to save the world.",7.4783,2013-09-26,6.456,3455,2013,2010
"[12, 16, 18, 10751]",10948,The Fox and the Hound,en,The Fox and the Hound,"When a feisty little fox named Tod is adopted into a farm family, he quickly becomes friends with a fun and adorable hound puppy named Copper. Life is full of hilarious adventures until Copper is expected to take on his role as a hunting dog -- and the object of his search is his best friend!",6.4455,1981-07-10,7.138,3452,1981,1980
"[10402, 35]",353616,Pitch Perfect 3,en,Pitch Perfect 3,"After the highs of winning the world championships, the Bellas find themselves split apart and discovering there aren't job prospects for making music with your mouth. But when they get the chance to reunite for an overseas USO tour, this group of awesome nerds will come together to make some music, and some questionable decisions, one last time.",6.2666,2017-12-20,6.507,3449,2017,2010
"[14, 10751, 35]",400650,Mary Poppins Returns,en,Mary Poppins Returns,"Mary Poppins returns to the Banks family and helps them evade grave dangers by taking them on magical, musical adventures.",4.8971,2018-12-13,6.512,3447,2018,2010
"[28, 12, 53, 10752]",1370,Rambo III,en,Rambo III,"Combat has taken its toll on Rambo, but he's finally begun to find inner peace in a monastery. When Rambo's friend and mentor Col. Trautman asks for his help on a top secret mission to Afghanistan, Rambo declines but must reconsider when Trautman is captured.",7.0249,1988-05-24,6.199,3448,1988,1980
"[28, 27, 878]",173897,Resident Evil: The Final Chapter,en,Resident Evil: The Final Chapter,"Picking up immediately after the events in Resident Evil: Retribution, Alice is the only survivor of what was meant to be humanity's final stand against the undead. Now, she must return to where the nightmare began - The Hive in Raccoon City, where the Umbrella Corporation is gathering its forces for a final strike against the only remaining survivors of the apocalypse.",0.3401,2016-12-23,6.095,3447,2016,2010
"[28, 12, 14]",572802,Aquaman and the Lost Kingdom,en,Aquaman and the Lost Kingdom,"Black Manta seeks revenge on Aquaman for his father's death. Wielding the Black Trident's power, he becomes a formidable foe. To defend Atlantis, Arthur (Aquaman) forges an alliance with his imprisoned brother. They must protect the kingdom.",11.957,2023-12-20,6.526,3444,2023,2020
"[27, 35, 14]",765,Evil Dead II,en,Evil Dead II,"Ash Williams and his girlfriend Linda find a log cabin in the woods with a voice recording from an archeologist who had recorded himself reciting ancient chants from ""The Book of the Dead."" As they play the recording an evil power is unleashed taking over Linda's body.",7.5305,1987-03-13,7.545,3446,1987,1980
[18],1375,Rocky V,en,Rocky V,"A lifetime of taking shots has ended Rocky’s career, and a crooked accountant has left him broke. Inspired by the memory of his trainer, however, Rocky finds glory in training and takes on an up-and-coming boxer.",4.8768,1990-11-16,5.774,3442,1990,1990
"[878, 35, 12]",696506,Mickey 17,en,Mickey 17,"Unlikely hero Mickey Barnes finds himself in the extraordinary circumstance of working for an employer who demands the ultimate commitment to the job… to die, for a living.",14.4933,2025-02-28,6.829,3440,2025,2020
"[878, 18]",244267,I Origins,en,I Origins,A molecular biologist's study of the human eye has far-reaching implications about humanity's scientific and spiritual beliefs.,3.291,2014-07-18,7.564,3439,2014,2010
"[10751, 12, 16, 10749]",15969,The Return of Jafar,en,The Return of Jafar,"The evil Jafar escapes from the magic lamp as an all-powerful genie, ready to plot his revenge against Aladdin. From battling elusive villains atop winged horses, to dodging flames inside an exploding lava pit, it's up to Aladdin - with Princess Jasmine and the outrageously funny Genie by his side - to save the kingdom once and for all.",5.0477,1994-12-15,6.241,3433,1994,1990
"[80, 18, 53]",6075,Carlito's Way,en,Carlito's Way,"Free after years in prison, Carlito Brigante intends to give up his criminal ways, but it's not long before the ex-con is sucked back into the New York City underworld.",6.8732,1993-11-10,7.831,3434,1993,1990
"[27, 878]",531309,Brightburn,en,Brightburn,"What if a child from another world crash-landed on Earth, but instead of becoming a hero to mankind, he proved to be something far more sinister?",7.6481,2019-05-09,6.143,3429,2019,2010
"[14, 28, 12, 10751]",2486,Eragon,en,Eragon,"In his homeland of Alagaesia, a farm boy happens upon a dragon's egg -- a discovery that leads him on a predestined journey where he realized he's the one person who can defend his home against an evil king.",5.4813,2006-12-14,5.124,3429,2006,2000
"[878, 28, 53]",8337,They Live,en,They Live,A lone drifter stumbles upon a unique pair of sunglasses that reveal aliens are systematically gaining control of the Earth by masquerading as humans and lulling the public into submission.,6.9955,1988-11-04,7.295,3428,1988,1980
"[35, 10749]",39451,Little Fockers,en,Little Fockers,"It has taken 10 years, two little Fockers with wife Pam and countless hurdles for Greg to finally get in with his tightly wound father-in-law, Jack. After the cash-strapped dad takes a job moonlighting for a drug company, Jack's suspicions about his favorite male nurse come roaring back. When Greg and Pam's entire clan descends for the twins' birthday party, Greg must prove to the skeptical Jack that he's fully capable as the man of the house.",6.8738,2010-12-21,5.654,3426,2010,2010
"[35, 18]",10312,Patch Adams,en,Patch Adams,"The true story of Dr. Hunter ""Patch"" Adams, who in the 1970s found that humor is the best medicine, and was willing to do just anything to make his patients laugh—even if it meant risking his own career.",5.8149,1998-12-25,7.3,3425,1998,1990
"[10402, 35]",2005,Sister Act,en,Sister Act,"When lively lounge singer Deloris sees her mobster beau commit murder, she is relocated for her protection. Set up in the guise of a nun in a California convent, she proceeds to upend the quiet lives of the resident sisters.",6.6476,1992-05-28,6.825,3420,1992,1990
"[27, 878, 28, 12]",443791,Underwater,en,Underwater,"After an earthquake destroys their underwater station, six researchers must navigate two miles along the dangerous, unknown depths of the ocean floor to make it to safety in a race against time.",6.8202,2020-01-08,6.278,3415,2020,2020
[35],274167,Daddy's Home,en,Daddy's Home,"The story of a mild-mannered radio executive who strives to become the best stepdad ever to his wife's two children, but complications ensue when their freewheeling, freeloading real father arrives, forcing stepdad to compete for the affection of the kids.",7.2509,2015-12-25,6.3,3415,2015,2010
"[18, 80, 36]",644495,House of Gucci,en,House of Gucci,"When Patrizia Reggiani, an outsider from humble beginnings, marries into the Gucci family, her unbridled ambition begins to unravel the family legacy and triggers a reckless spiral of betrayal, decadence, revenge, and ultimately… murder.",6.3842,2021-11-24,6.566,3414,2021,2020
[35],9506,Anger Management,en,Anger Management,"After a small misunderstanding aboard an airplane escalates out of control, timid businessman Dave Buznik is ordered by the court to undergo anger management therapy at the hands of specialist Dr. Buddy Rydell. But when Buddy steps up his aggressive treatment by moving in, Dave goes from mild to wild as the unorthodox treatment wreaks havoc with his life.",4.9116,2003-04-11,6.159,3409,2003,2000
[27],157433,Pet Sematary,en,Pet Sematary,"Dr. Louis Creed and his wife, Rachel, move from Boston to Ludlow, in rural Maine, with their two young children. Hidden in the woods near the new family home, Ellie, their eldest daughter, discovers a mysterious cemetery where the pets of community members are buried.",4.3403,2019-04-04,5.7,3408,2019,2010
"[12, 28, 53]",714,Tomorrow Never Dies,en,Tomorrow Never Dies,A deranged media mogul is staging international incidents to pit the world's superpowers against each other. Now James Bond must take on this evil mastermind in an adrenaline-charged battle to end his reign of terror and prevent global pandemonium.,7.0116,1997-12-11,6.377,3408,1997,1990
"[878, 28, 53]",19959,Surrogates,en,Surrogates,"Set in a futuristic world where humans live in isolation and interact through surrogate robots, a cop is forced to leave his home for the first time in years in order to investigate the murders of others' surrogates.",6.6567,2009-09-24,6.14,3407,2009,2000
"[35, 28]",455980,Tag,en,Tag,"For one month every year, five highly competitive friends hit the ground running in a no-holds-barred game of tag they’ve been playing since the first grade. This year, the game coincides with the wedding of their only undefeated player, which should finally make him an easy target. But he knows they’re coming...and he’s ready.",5.5017,2018-05-30,6.704,3405,2018,2010
"[35, 80]",818,Austin Powers in Goldmember,en,Austin Powers in Goldmember,"The world's most shagadelic spy continues his fight against Dr. Evil. This time, the diabolical doctor and his clone, Mini-Me, team up with a new foe—'70s kingpin Goldmember. While pursuing the team of villains to stop them from world domination, Austin gets help from his dad and an old girlfriend.",6.2205,2002-07-26,6.016,3401,2002,2000
[35],100042,Dumb and Dumber To,en,Dumb and Dumber To,"20 years since their first adventure, Lloyd and Harry go on a road trip to find Harry's newly discovered daughter, who was given up for adoption.",4.6669,2014-11-12,5.57,3398,2014,2010
"[28, 878, 12]",986056,Thunderbolts*,en,Thunderbolts*,"After finding themselves ensnared in a death trap, seven disillusioned castoffs must embark on a dangerous mission that will force them to confront the darkest corners of their pasts.",22.5639,2025-04-30,7.291,3397,2025,2020
"[35, 18, 10751, 10749]",11130,The Princess Diaries 2: Royal Engagement,en,The Princess Diaries 2: Royal Engagement,"Mia Thermopolis is now a college graduate and on her way to Genovia to take up her duties as princess. Accompanied by her friend Lilly, Mia continues her 'princess lessons', like riding horses side-saddle and archery. But her already complicated life is turned upside down once again when she learns that she is to take the crown as queen earlier than expected, all while she meets a mysteriously charming young man.",8.6491,2004-08-06,6.7,3391,2004,2000
"[28, 878, 12]",841,Dune,en,Dune,"In the year 10,191, the most precious substance in the universe is the spice Melange. The spice extends life. The spice expands consciousness. The spice is vital to space travel.  The spice exists on only one planet in the entire universe, the vast desert planet Arrakis, also known as Dune.  Its native inhabitants, the Fremen, have long held a prophecy that a man would come, a messiah who would lead them to true freedom.",8.6606,1984-12-14,6.179,3391,1984,1980
"[12, 53, 878]",2756,The Abyss,en,The Abyss,"A civilian oil rig crew is recruited to conduct a search and rescue effort when a nuclear submarine mysteriously sinks. One diver soon finds himself on a spectacular odyssey 25,000 feet below the ocean's surface where he confronts a mysterious force that has the power to change the world or destroy it.",7.4442,1989-08-09,7.344,3390,1989,1980
"[28, 36, 10749, 10752]",9361,The Last of the Mohicans,en,The Last of the Mohicans,"In war-torn colonial America, in the midst of a bloody battle between British, the French and Native American allies, the aristocratic daughter of a British Colonel and her party are captured by a group of Huron warriors. Fortunately, a group of three Mohican trappers comes to their rescue.",6.4986,1992-08-26,7.4,3388,1992,1990
"[12, 36, 10752]",947,Lawrence of Arabia,en,Lawrence of Arabia,"During World War I, English officer Thomas Edward 'T.E.' Lawrence sets out to unite and lead the diverse, often warring, Arab tribes to fight the Turks.",6.8261,1962-12-11,7.995,3388,1962,1960
[18],76025,Shame,en,Shame,"Brandon, a thirty-something man living in New York, eludes intimacy with women but feeds his deepest desires with a compulsive addiction to sex. When his younger sister temporarily moves into his apartment, stirring up bitter memories of their shared painful past, Brandon's life, like his fragile mind, gets out of control.",7.4736,2011-10-02,6.925,3387,2011,2010
"[35, 10749]",6557,27 Dresses,en,27 Dresses,Altruistic Jane finds herself facing her worst nightmare as her younger sister announces her engagement to the man Jane secretly adores.,7.1511,2008-01-10,6.451,3387,2008,2000
"[27, 18]",393519,Raw,fr,Grave,"Stringent vegetarian Justine encounters a decadent, merciless, and dangerously seductive world during her first week at veterinary school. Desperate to fit in, she strays from her principles and eats raw meat for the first time. She soon experiences terrible and unexpected consequences as her true self begins to emerge.",3.1962,2017-03-10,7.022,3385,2017,2010
"[27, 9648]",433808,The Ritual,en,The Ritual,"A group of college friends reunite for a trip to the forest, but encounter a menacing presence in the woods that's stalking them.",6.6178,2017-10-11,6.272,3380,2017,2010
"[18, 10751, 10749]",35690,The Last Song,en,The Last Song,"A drama centered on a rebellious girl who is sent to a Southern beach town for the summer to stay with her father. Through their mutual love of music, the estranged duo learn to reconnect.",4.4364,2010-03-31,7.23,3380,2010,2010
[35],12133,Step Brothers,en,Step Brothers,"Brennan Huff and Dale Doback might be grown men. But that doesn't stop them from living at home and turning into jealous, competitive stepbrothers when their single parents marry. Brennan's constant competition with Dale strains his mom's marriage to Dale's dad, leaving everyone to wonder whether they'll ever see eye to eye.",6.2503,2008-07-25,6.559,3374,2008,2000
"[80, 53, 28]",18487,The Taking of Pelham 1 2 3,en,The Taking of Pelham 1 2 3,"Armed men hijack a New York City subway train, holding the passengers hostage in return for a ransom, and turning an ordinary day's work for dispatcher Walter Garber into a face-off with the mastermind behind the crime.",5.4301,2009-06-10,6.357,3371,2009,2000
"[18, 80, 53]",470,21 Grams,en,21 Grams,"Paul Rivers, an ailing mathematician lovelessly married to an English émigré; Christina Peck, an upper-middle-class suburban housewife and mother of two girls; and Jack Jordan, a born-again ex-con, are brought together by a terrible accident that changes their lives.",4.7155,2003-09-06,7.32,3370,2003,2000
[35],3034,Young Frankenstein,en,Young Frankenstein,"A young neurosurgeon inherits the castle of his grandfather, the famous Dr. Victor von Frankenstein. In the castle he finds a funny hunchback, a pretty lab assistant and the elderly housekeeper. Young Frankenstein believes that the work of his grandfather was delusional, but when he discovers the book where the mad doctor described his reanimation experiment, he suddenly changes his mind.",4.8597,1974-12-15,7.853,3370,1974,1970
"[28, 12, 36, 10749, 18]",76649,Pompeii,en,Pompeii,"In 79 A.D., Milo, a slave turned gladiator, finds himself in a race against time to save his true love Cassia, the beautiful daughter of a wealthy merchant who has been unwillingly betrothed to a corrupt Roman Senator. As Mount Vesuvius erupts in a torrent of blazing lava, Milo must fight his way out of the arena in order to save his beloved as the once magnificent Pompeii crumbles around him.",4.2038,2014-02-18,5.547,3367,2014,2010
"[36, 18, 12]",285783,The Walk,en,The Walk,The story of French high-wire artist Philippe Petit's attempt to cross the Twin Towers of the World Trade Center in 1974.,4.1004,2015-09-30,6.992,3364,2015,2010
"[80, 53, 28]",449443,Den of Thieves,en,Den of Thieves,A gritty crime saga which follows the lives of an elite unit of the LA County Sheriff's Dept. and the state's most successful bank robbery crew as the outlaws plan a seemingly impossible heist on the Federal Reserve Bank.,8.7043,2018-01-18,6.864,3363,2018,2010
"[18, 10749]",8055,The Reader,en,The Reader,"The story of Michael Berg, a German lawyer who, as a teenager in the late 1950s, had an affair with an older woman, Hanna, who then disappeared only to resurface years later as one of the defendants in a war crimes trial stemming from her actions as a concentration camp guard late in the war. He alone realizes that Hanna is illiterate and may be concealing that fact at the expense of her freedom.",6.2073,2008-12-10,7.462,3361,2008,2000
"[35, 10751, 10749]",11247,A Cinderella Story,en,A Cinderella Story,"Routinely exploited by her wicked stepmother, the downtrodden Samantha Montgomery is excited about the prospect of meeting her Internet beau at the school's Halloween dance.",9.3052,2004-07-16,6.591,3360,2004,2000
"[35, 878]",957,Spaceballs,en,Spaceballs,"When the nefarious Dark Helmet hatches a plan to snatch Princess Vespa and steal her planet's air, space-bum-for-hire Lone Starr and his clueless sidekick fly to the rescue. Along the way, they meet Yogurt, who puts Lone Starr wise to the power of ""The Schwartz."" Can he master it in time to save the day?",9.6488,1987-06-24,6.863,3360,1987,1980
[10752],635744,Jarhead: Law of Return,en,Jarhead: Law of Return,"Major Ronan Jackson, an accomplished fighter pilot for the Israel Defense Forces and son of a U.S. Senator, is shot down while flying through Syrian airspace. After miraculously surviving the crash, Jackson is taken captive by a group of Hezbollah militiamen. A squad of elite soldiers, led by Gunnery Sergeant Dave Torres, risk their own lives in the hopes of saving an ally they've never met.",3.0334,2019-10-01,6.528,3358,2019,2010
"[12, 18, 10749, 28]",9476,A Knight's Tale,en,A Knight's Tale,"William Thatcher, a knight's peasant apprentice, gets a chance at glory when the knight dies suddenly mid-tournament. Posing as a knight himself, William won't stop until he's crowned tournament champion—assuming matters of the heart don't get in the way.",7.5767,2001-05-11,6.872,3356,2001,2000
"[18, 10749, 36]",1904,Memoirs of a Geisha,en,Memoirs of a Geisha,"In the years before World War II, a penniless Japanese child is torn from her family to work as a maid in a geisha house.",5.1985,2005-12-06,7.639,3357,2005,2000
"[27, 53]",511987,Crawl,en,Crawl,"When a huge hurricane hits her hometown in Florida, Haley ignores evacuation orders to look for her father. After finding him badly wounded, both are trapped by the flood. With virtually no time to escape the storm, they discover that rising water levels are the least of their problems.",6.0151,2019-07-10,6.323,3354,2019,2010
"[53, 878]",220289,Coherence,en,Coherence,Four couples gather for dinner the night a mysterious and powerful comet passes overhead.,6.2868,2014-04-06,7.213,3354,2014,2010
"[28, 12, 14]",9334,The Scorpion King,en,The Scorpion King,"In ancient Egypt, peasant Mathayus is hired to exact revenge on the powerful Memnon and the sorceress Cassandra, who are ready to overtake Balthazar's village. Amid betrayals, thieves, abductions and more, Mathayus strives to bring justice to his complicated world.",5.5567,2002-04-18,5.593,3353,2002,2000
[35],1542,Office Space,en,Office Space,"A depressed white-collar worker tries hypnotherapy, only to find himself in a perpetual state of devil-may-care bliss that prompts him to start living by his own rules, and hatch a hapless attempt to embezzle money from his soul-killing employers.",5.0087,1999-02-19,7.372,3352,1999,1990
"[35, 10749]",259694,How to Be Single,en,How to Be Single,"New York City is full of lonely hearts seeking the right match, and what Alice, Robin, Lucy, Meg, Tom and David all have in common is the need to learn how to be single in a world filled with ever-evolving definitions of love.",18.9292,2016-02-08,6.3,3342,2016,2010
"[18, 35, 80]",180863,T2 Trainspotting,en,T2 Trainspotting,"After 20 years abroad, Mark Renton returns to Scotland and reunites with his old friends Sick Boy, Spud and Begbie.",5.2019,2017-01-27,6.941,3341,2017,2010
"[16, 18, 36, 10749]",149870,The Wind Rises,ja,風立ちぬ,"A lifelong love of flight inspires Japanese aviation engineer Jiro Horikoshi, whose storied career includes the creation of the A-6M World War II fighter plane.",6.5487,2013-07-20,7.793,3339,2013,2010
"[12, 18, 28]",980489,Gran Turismo,en,Gran Turismo,The ultimate wish-fulfillment tale of a teenage Gran Turismo player whose gaming skills won him a series of Nissan competitions to become an actual professional racecar driver.,9.8806,2023-08-09,7.705,3334,2023,2020
"[28, 53, 12]",657,From Russia with Love,en,From Russia with Love,"Agent 007 is back in the second installment of the James Bond series, this time battling a secret crime organization known as SPECTRE. Russians Rosa Klebb and Kronsteen are out to snatch a decoding device known as the Lektor, using the ravishing Tatiana to lure Bond into helping them. Bond willingly travels to meet Tatiana in Istanbul, where he must rely on his wits to escape with his life in a series of deadly encounters with the enemy.",7.0253,1963-10-10,7.057,3334,1963,1960
"[80, 18, 53]",968,Dog Day Afternoon,en,Dog Day Afternoon,"Based on the true story of would-be Brooklyn bank robbers John Wojtowicz and Salvatore Naturile. Sonny and Sal attempt a bank heist which quickly turns sour and escalates into a hostage situation and stand-off with the police. As Sonny's motives for the robbery are slowly revealed and things become more complicated, the heist turns into a media circus.",6.0717,1975-09-21,7.8,3332,1975,1970
"[18, 53]",974576,Conclave,en,Conclave,"After the unexpected death of the Pope, Cardinal Lawrence is tasked with managing the covert and ancient ritual of electing a new one. Sequestered in the Vatican with the Catholic Church’s most powerful leaders until the process is complete, Lawrence finds himself at the center of a conspiracy that could lead to its downfall.",9.1507,2024-10-25,7.191,3332,2024,2020
"[80, 18, 53]",597208,Nightmare Alley,en,Nightmare Alley,An ambitious carnival man with a talent for manipulating people with a few well-chosen words hooks up with a female psychologist who is even more dangerous than he is.,6.3499,2021-12-02,6.955,3328,2021,2020
"[18, 14, 27]",1062722,Frankenstein,en,Frankenstein,"Dr. Victor Frankenstein, a brilliant but egotistical scientist, brings a creature to life in a monstrous experiment that ultimately leads to the undoing of both the creator and his tragic creation.",23.9466,2025-10-17,7.647,3329,2025,2020
[18],581734,Nomadland,en,Nomadland,"A woman in her sixties embarks on a journey through the western United States after losing everything in the Great Recession, living as a van-dwelling modern-day nomad.",4.7812,2021-01-29,7.175,3327,2021,2020
"[10749, 18, 35]",818647,Through My Window,es,A través de mi ventana,"Raquel's longtime crush on her next-door neighbor turns into something more when he starts developing feelings for her, despite his family's objections.",8.869,2022-02-04,7.351,3325,2022,2020
"[18, 36]",556984,The Trial of the Chicago 7,en,The Trial of the Chicago 7,What was supposed to be a peaceful protest turned into a violent clash with the police. What followed was one of the most notorious trials in history.,5.3672,2020-09-25,7.7,3322,2020,2020
"[10749, 35]",543540,The Perfect Date,en,The Perfect Date,"No beau? No problem! To earn money for college, a high schooler creates a dating app that lets him act as a stand-in boyfriend.",4.3955,2019-04-12,6.431,3319,2019,2010
"[14, 18]",490,The Seventh Seal,sv,Det sjunde inseglet,"When disillusioned Swedish knight Antonius Block returns home from the Crusades to find his country in the grips of the Black Death, he challenges Death to a chess match for his life. Tormented by the belief that God does not exist, Block sets off on a journey, meeting up with traveling players Jof and his wife, Mia, and becoming determined to evade Death long enough to commit one redemptive act while he still lives.",4.9054,1957-02-16,8.156,3318,1957,1950
"[16, 12, 35]",501929,The Mitchells vs. the Machines,en,The Mitchells vs. the Machines,"A quirky, dysfunctional family's road trip is upended when they find themselves in the middle of the robot apocalypse and suddenly become humanity's unlikeliest last hope.",6.3847,2021-04-22,7.843,3317,2021,2020
"[18, 35]",674324,The Banshees of Inisherin,en,The Banshees of Inisherin,"Two lifelong friends find themselves at an impasse when one abruptly ends their relationship, with alarming consequences for both of them.",6.6658,2022-10-20,7.5,3312,2022,2020
"[9648, 53, 27]",622,The Ninth Gate,en,The Ninth Gate,"A rare book dealer finds himself at the heart of a string of paranormal events when he is hired to find the last two copies of a text, The Nine Gates of the Kingdom of Shadows, capable of summoning the Devil.",5.2006,1999-08-25,6.486,3312,1999,1990
"[18, 14]",8967,The Tree of Life,en,The Tree of Life,"The impressionistic story of a Texas family in the 1950s. The film follows the life journey of the eldest son, Jack, through the innocence of childhood to his disillusioned adult years as he tries to reconcile a complicated relationship with his father. Jack finds himself a lost soul in the modern world, seeking answers to the origins and meaning of life while questioning the existence of faith.",5.445,2011-05-17,6.726,3311,2011,2010
"[878, 12, 28]",609681,The Marvels,en,The Marvels,"When her duties send her to an anomalous wormhole linked to a Kree revolutionary, Carol's powers become entangled with that of Jersey City super-fan Kamala Khan, aka Ms. Marvel, and Carol's estranged niece, now S.A.B.E.R. astronaut Captain Monica Rambeau. Together, this unlikely trio must team up and learn to work in concert to save the universe.",9.0742,2023-11-08,5.94,3310,2023,2020
"[80, 18, 37]",82633,Lawless,en,Lawless,"In 1931, the Bondurant brothers of Franklin County, Virginia, run a multipurpose backwoods establishment that hides their true business — bootlegging. Middle brother Forrest is the brain of the operation; older Howard is the brawn, and younger Jack, the lookout. Though the local police have taken bribes and left the brothers alone, a violent war erupts when a sadistic lawman from Chicago arrives and tries to shut down the Bondurants operation.",7.3297,2012-08-29,7.071,3310,2012,2010
[27],4488,Friday the 13th,en,Friday the 13th,Camp counselors are stalked and murdered by an unknown assailant while trying to reopen a summer camp that was the site of a child's drowning.,8.6911,1980-05-09,6.403,3308,1980,1980
[18],179144,The Great Beauty,it,La grande bellezza,"Jep Gambardella has seduced his way through the lavish nightlife of Rome for decades, but after his 65th birthday and a shock from the past, Jep looks past the nightclubs and parties to find a timeless landscape of absurd, exquisite beauty.",3.7891,2013-05-21,7.51,3306,2013,2010
"[18, 10749]",228205,The Longest Ride,en,The Longest Ride,The lives of a young couple intertwine with a much older man as he reflects back on a lost love while he's trapped in an automobile crash.,5.5958,2015-04-09,7.624,3305,2015,2010
"[27, 53, 9648]",10066,House of Wax,en,House of Wax,A group of unwitting teens are stranded near a strange wax museum and soon must fight to survive and keep from becoming the next exhibit.,7.0828,2005-05-05,6.023,3305,2005,2000
"[27, 53]",9792,The Hills Have Eyes,en,The Hills Have Eyes,"Based on Wes Craven's 1977 suspenseful cult classic, The Hills Have Eyes is the story of a family road trip that goes terrifyingly awry when the travelers become stranded in a government atomic zone. Miles from nowhere, the Carter family soon realizes the seemingly uninhabited wasteland is actually the breeding ground of a blood-thirsty mutant family...and they are the prey.",9.0881,2006-03-10,6.456,3304,2006,2000
[35],9614,Happy Gilmore,en,Happy Gilmore,"Failed hockey player-turned-golf whiz Happy Gilmore — whose unconventional approach and antics on the green courts the ire of rival Shooter McGavin — is determined to win a PGA tournament so he can save his granny's house with the prize money. Meanwhile, an attractive tour publicist tries to soften Happy's image.",5.9245,1996-02-16,6.7,3304,1996,1990
"[10751, 35, 12, 16]",412117,The Secret Life of Pets 2,en,The Secret Life of Pets 2,"Max the terrier must cope with some major life changes when his owner gets married and has a baby. When the family takes a trip to the countryside, nervous Max has numerous run-ins with canine-intolerant cows, hostile foxes and a scary turkey. Luckily for Max, he soon catches a break when he meets Rooster, a gruff farm dog who tries to cure the lovable pooch of his neuroses.",17.508,2019-05-24,6.948,3303,2019,2010
"[12, 35, 10751, 878]",9354,"Honey, I Shrunk the Kids",en,"Honey, I Shrunk the Kids",The scientist father of a teenage girl and boy accidentally shrinks his and two other neighborhood teens to the size of insects. Now the teens must fight diminutive dangers as the father searches for them.,5.1,1989-06-23,6.316,3302,1989,1980
"[53, 18, 14, 9648, 27, 10749]",49730,Red Riding Hood,en,Red Riding Hood,"Valerie is in love with a brooding outsider, Peter, but her parents have arranged for her to marry another man. Unwilling to lose each other, Valerie and Peter plan to run away together when Valerie's older sister is killed by a werewolf that prowls the dark forest surrounding their village. Panic grips the town as Valerie discovers that she has a unique connection to the beast--one that inexorably draws them together, making her both suspect ... and bait.",6.7478,2011-03-10,5.978,3300,2011,2010
"[16, 14, 12, 18]",555604,Guillermo del Toro's Pinocchio,en,Guillermo del Toro's Pinocchio,"During the rise of fascism in Mussolini's Italy, a wooden boy brought magically to life struggles to live up to his father's expectations.",7.4926,2022-11-09,8.019,3300,2022,2020
"[16, 10751, 35]",378236,The Emoji Movie,en,The Emoji Movie,"Gene, a multi-expressional emoji, sets out on a journey to become a normal emoji.",17.3991,2017-07-23,5.393,3299,2017,2010
"[16, 10751, 14]",756,Fantasia,en,Fantasia,"Walt Disney's timeless masterpiece is an extravaganza of sight and sound! See the music come to life, hear the pictures burst into song and experience the excitement that is Fantasia over and over again.",7.1823,1940-11-13,7.339,3299,1940,1940
[27],10585,Child's Play,en,Child's Play,"After being shot in a toy store, a serial killer transfers his soul into a Good Guy doll. A mother then gifts it to her 6-year old son Andy, which unleashes terror upon the city.",7.7999,1988-11-09,6.741,3299,1988,1980
[27],609,Poltergeist,en,Poltergeist,"The Freelings' suburban home becomes the center of paranormal activity that opens a portal to the 'other side'. With help, they must cross over to get their daughter back.",8.3655,1982-06-04,7.153,3298,1982,1980
"[10749, 18]",43949,Flipped,en,Flipped,"When Juli meets Bryce in the second grade, she knows it's true love. After spending six years trying to convince Bryce the same, she's ready to give up - until he starts to reconsider.",10.5103,2010-08-06,8.006,3297,2010,2010
"[28, 35, 14, 12]",6978,Big Trouble in Little China,en,Big Trouble in Little China,"Truck driver Jack Burton gets embroiled in a supernatural battle when his best friend Wang Chi's green-eyed fiancée is kidnapped by henchmen of the sorcerer Lo Pan, who must marry a girl with green eyes in order to return to the human realm.",6.9373,1986-05-30,7.206,3297,1986,1980
"[28, 18, 53]",12113,Body of Lies,en,Body of Lies,"The CIA’s hunt is on for the mastermind of a wave of terrorist attacks. Roger Ferris is the agency’s man on the ground, moving from place to place, scrambling to stay ahead of ever-shifting events. An eye in the sky – a satellite link – watches Ferris.  At the other end of that real-time link is the CIA’s Ed Hoffman, strategizing events from thousands of miles away. And as Ferris nears the target, he discovers trust can be just as dangerous as it is necessary for survival.",4.6422,2008-10-09,6.6,3294,2008,2000
"[53, 80, 18]",109421,Side Effects,en,Side Effects,A woman turns to prescription medication as a way of handling her anxiety concerning her husband's upcoming release from prison.,4.472,2013-02-07,6.613,3292,2013,2010
"[18, 53, 9648]",192,The Name of the Rose,en,The Name of the Rose,"14th-century Franciscan monk William of Baskerville and his young novice arrive at a conference to find that several monks have been murdered under mysterious circumstances. To solve the crimes, William must rise up against the Church's authority and fight the shadowy conspiracy of monastery monks using only his intelligence; which is considerable.",6.4469,1986-09-24,7.494,3292,1986,1980
"[28, 35, 80]",573435,Bad Boys: Ride or Die,en,Bad Boys: Ride or Die,"After their late former Captain is framed, Lowrey and Burnett try to clear his name, only to end up on the run themselves.",17.6055,2024-06-05,7.327,3287,2024,2020
"[12, 10751, 14, 10749]",447277,The Little Mermaid,en,The Little Mermaid,"The youngest of King Triton’s daughters, and the most defiant, Ariel longs to find out more about the world beyond the sea, and while visiting the surface, falls for the dashing Prince Eric. With mermaids forbidden to interact with humans, Ariel makes a deal with the evil sea witch, Ursula, which gives her a chance to experience life on land, but ultimately places her life – and her father’s crown – in jeopardy.",13.5589,2023-05-18,6.274,3284,2023,2020
"[35, 10751, 14]",2758,Addams Family Values,en,Addams Family Values,"Siblings Wednesday and Pugsley Addams will stop at nothing to get rid of Pubert, the new baby boy adored by parents Gomez and Morticia. Things go from bad to worse when the new ""black widow"" nanny, Debbie Jellinsky, launches her plan to add Fester to her collection of dead husbands.",7.4581,1993-11-19,6.97,3285,1993,1990
"[28, 878, 53, 27]",440,Aliens vs Predator: Requiem,en,Aliens vs Predator: Requiem,"After a horrifying PredAlien crash-lands near a small Colorado town, killing everyone it encounters and producing countless Alien offspring, a lone Predator arrives to ""clean up"" the infestation.",6.6532,2007-12-25,5.181,3284,2007,2000
"[28, 53]",9772,Air Force One,en,Air Force One,"When Russian neo-nationalists hijack Air Force One, the world's most secure and extraordinary aircraft, the President is faced with a nearly impossible decision to give in to terrorist demands or sacrifice not only the country's dignity, but the lives of his wife and daughter.",6.1761,1997-07-25,6.47,3283,1997,1990
"[878, 28, 53]",238615,Self/less,en,Self/less,An extremely wealthy elderly man dying from cancer undergoes a radical medical procedure that transfers his consciousness to the body of a healthy young man but everything may not be as good as it seems when he starts to uncover the mystery of the body's origins and the secret organization that will kill to keep its secrets.,6.1496,2015-07-10,6.417,3281,2015,2010
"[18, 36]",68730,Silence,en,Silence,"In the 17th century, two Portuguese Jesuit priests travel to Japan in an attempt to locate their mentor, who is rumored to have committed apostasy, and to propagate Catholicism.",5.7438,2016-12-23,7.116,3281,2016,2010
[18],68722,The Master,en,The Master,"Freddie, a volatile, heavy-drinking veteran who suffers from post-traumatic stress disorder, finds some semblance of a family when he stumbles onto the ship of Lancaster Dodd, the charismatic leader of a new ""religion"" he forms after World War II.",5.367,2012-09-14,7.101,3280,2012,2010
"[28, 18, 878]",8656,Deep Impact,en,Deep Impact,"A seven-mile-wide space rock is hurtling toward Earth, threatening to obliterate the planet. Now, it's up to the president of the United States to save the world. He appoints a tough-as-nails veteran astronaut to lead a joint American-Russian crew into space to destroy the comet before impact. Meanwhile, an enterprising reporter uses her smarts to uncover the scoop of the century.",6.8521,1998-05-08,6.2,3279,1998,1990
"[35, 10749]",9029,What Happens in Vegas,en,What Happens in Vegas,"During a wild vacation in Las Vegas, career woman Joy McNally and playboy Jack Fuller come to the sober realization that they have married each other after a night of drunken abandon. They are then compelled, for legal reasons, to live life as a couple for a limited period of time. At stake is a large amount of money.",5.8026,2008-05-07,6.111,3275,2008,2000
"[27, 878, 53]",762441,A Quiet Place: Day One,en,A Quiet Place: Day One,"As New York City is invaded by alien creatures who hunt by sound, a woman named Sam fights to survive with her cat.",9.4389,2024-06-26,6.652,3275,2024,2020
"[12, 35, 10751, 14]",62764,Mirror Mirror,en,Mirror Mirror,"After she spends all her money, an evil enchantress queen schemes to marry a handsome, wealthy prince. There's just one problem - he's in love with a beautiful princess, Snow White. Now, joined by seven rebellious dwarves, Snow White launches an epic battle of good vs. evil...",4.7723,2012-03-15,5.914,3274,2012,2010
"[27, 80]",41439,Saw 3D,en,Saw 3D,"As a deadly battle rages over Jigsaw's brutal legacy, a group of Jigsaw survivors gathers to seek the support of self-help guru and fellow survivor Bobby Dagen, a man whose own dark secrets unleash a new wave of terror.",5.8089,2010-10-22,5.977,3272,2010,2010
"[28, 80, 53]",249070,Hitman: Agent 47,en,Hitman: Agent 47,An assassin teams up with a woman to help her find her father and uncover the mysteries of her ancestry.,7.8185,2015-08-20,5.9,3268,2015,2010
"[28, 80, 53]",13809,RocknRolla,en,RocknRolla,"When a Russian mobster sets up a real estate scam that generates millions of pounds, various members of London's criminal underworld pursue their share of the fortune. Various shady characters, including Mr One-Two, Stella the accountant, and Johnny Quid, a druggie rock-star, try to claim their slice.",5.4864,2008-09-04,6.951,3267,2008,2000
"[28, 12, 35]",9471,Charlie's Angels: Full Throttle,en,Charlie's Angels: Full Throttle,"The Angels are charged with finding a pair of missing rings that are encoded with the personal information of members of the Witness Protection Program. As informants are killed, the ladies target a rogue agent who might be responsible.",4.7409,2003-06-25,5.484,3265,2003,2000
"[10752, 28, 18]",516486,Greyhound,en,Greyhound,"A first-time captain leads a convoy of allied ships carrying thousands of soldiers across the treacherous waters of the ""Black Pit"" to the front lines of WWII. With no air cover protection for 5 days, the captain and his convoy must battle the surrounding enemy Nazi U-boats in order to give the allies a chance to win the war.",8.762,2020-07-09,7.408,3264,2020,2020
"[18, 36, 10752]",8741,The Thin Red Line,en,The Thin Red Line,"The story of a group of men, an Army Rifle company called C-for-Charlie, who change, suffer, and ultimately make essential discoveries about themselves during the fierce World War II battle of Guadalcanal. It follows their journey, from the surprise of an unopposed landing, through the bloody and exhausting battles that follow, to the ultimate departure of those who survived.",6.845,1998-12-23,7.4,3264,1998,1990
"[14, 35, 10751]",10439,Hocus Pocus,en,Hocus Pocus,"After 300 years of slumber, three sister witches are accidentally resurrected in Salem on Halloween night, and it is up to three kids and their newfound feline friend to put an end to the witches' reign of terror once and for all.",6.5317,1993-07-16,7.035,3263,1993,1990
"[35, 10751, 14]",3050,Doctor Dolittle,en,Doctor Dolittle,"A successful physician and devoted family man, John Dolittle seems to have the world by the tail, until a long suppressed talent he possessed as a child, the ability to communicate with animals is suddenly reawakened with a vengeance! Now every creature within squawking distance wants the good doctor's advice, unleashing an outrageous chain of events that turns his world upside down!",4.5646,1998-06-26,5.715,3263,1998,1990
"[35, 10749, 18]",38408,Life As We Know It,en,Life As We Know It,"After a disastrous first date for caterer Holly and network sports director Messer, all they have in common is a dislike for each other and their love for their goddaughter Sophie. But when they suddenly become all Sophie has in this world, Holly and Messer must set their differences aside. Juggling careers and social calendars, they'll have to find common ground while living under the same roof.",4.439,2010-10-02,6.901,3260,2010,2010
"[35, 10751]",9714,Home Alone 3,en,Home Alone 3,"9-year-old Alex Pruitt is home alone with the chicken pox. Turns out, due to a mix-up among nefarious spies, Alex was given a toy car concealing a top-secret microchip. Now Alex must fend off the spies as they try to break into his house to get it back.",5.5338,1997-12-12,5.275,3259,1997,1990
"[35, 10749]",9655,She's the Man,en,She's the Man,"Viola Hastings is in a real jam. Complications threaten her scheme to pose as her twin brother, Sebastian, and take his place at a new boarding school. She falls in love with her handsome roommate, Duke, who loves beautiful Olivia, who has fallen for Sebastian! As if that were not enough, Viola's twin returns from London ahead of schedule but has no idea that his sister has already replaced him on campus.",7.426,2006-03-17,6.807,3257,2006,2000
[18],284293,Still Alice,en,Still Alice,"Alice Howland, happily married with three grown children, is a renowned linguistics professor who starts to forget words. When she receives a devastating diagnosis, Alice and her family find their bonds tested.",3.53,2014-12-05,7.465,3254,2014,2010
"[10752, 18]",975,Paths of Glory,en,Paths of Glory,A commanding officer defends three scapegoats on trial for a failed offensive that occurred within the French Army in 1916.,8.1972,1957-10-25,8.256,3252,1957,1950
[27],8922,Jeepers Creepers,en,Jeepers Creepers,"On a desolate country highway, two homeward-bound teens are nearly run off the road by a maniac in a beat-up truck, and later spot him shoving what appears to be a body down a sewer pipe.",8.5319,2001-07-01,6.5,3250,2001,2000
"[18, 36]",7214,Coach Carter,en,Coach Carter,"Based on a true story, in which Richmond High School head basketball coach Ken Carter made headlines in 1999 for benching his undefeated team due to poor academic results.",6.6525,2005-01-14,7.571,3249,2005,2000
"[18, 53, 80]",979,Irreversible,fr,Irréversible,A woman’s lover and her ex-boyfriend take justice into their own hands after she becomes the victim of a rapist. Because some acts can’t be undone. Because man is an animal. Because the desire for vengeance is a natural impulse. Because most crimes remain unpunished.,12.1876,2002-05-22,7.177,3249,2002,2000
"[10749, 18, 36]",167073,Brooklyn,en,Brooklyn,"In 1950s Ireland and New York, young Eilis Lacey has to choose between two men and two countries.",5.2705,2015-10-20,7.303,3247,2015,2010
"[27, 9648]",1078605,Weapons,en,Weapons,"When all but one child from the same class mysteriously vanish on the same night at exactly the same time, a community is left questioning who or what is behind their disappearance.",20.9941,2025-08-04,7.254,3248,2025,2020
"[28, 80]",119283,Parker,en,Parker,"A thief with a unique code of professional ethics is double-crossed by his crew and left for dead. Assuming a new disguise and forming an unlikely alliance with a woman on the inside, he looks to hijack the score of the crew's latest heist.",6.1307,2013-01-23,6.078,3240,2013,2010
"[53, 9648, 80]",915935,Anatomy of a Fall,fr,Anatomie d'une chute,"A woman is suspected of her husband's murder, and their blind son faces a moral dilemma as the sole witness.",6.9437,2023-08-23,7.523,3239,2023,2020
"[28, 12, 878]",9355,Mad Max Beyond Thunderdome,en,Mad Max Beyond Thunderdome,"Mad Max becomes a pawn in a decadent oasis of a technological society, and when exiled, becomes the deliverer of a colony of children.",7.6733,1985-06-29,6.2,3239,1985,1980
"[27, 878, 9648]",8413,Event Horizon,en,Event Horizon,"In 2047, a group of astronauts are sent to investigate and salvage the starship Event Horizon which disappeared mysteriously seven years before on its maiden voyage. However, it soon becomes evident that something sinister resides in its corridors.",7.3974,1997-08-15,6.576,3237,1997,1990
"[35, 10751, 28]",10022,The Pacifier,en,The Pacifier,Navy SEAL Shane Wolfe is handed a new assignment: Protect the five Plummer kids from enemies of their recently deceased father -- a government scientist whose top-secret experiment remains hidden in the kids' house.,5.6783,2005-03-04,6.1,3234,2005,2000
"[18, 10752, 9648]",46738,Incendies,fr,Incendies,"A mother's last wishes send twins Jeanne and Simon on a journey to Middle East in search of their tangled roots. Adapted from Wajdi Mouawad's acclaimed play, Incendies tells the powerful and moving tale of two young adults' voyage to the core of deep-rooted hatred, never-ending wars and enduring love.",7.9291,2010-09-17,8.1,3233,2010,2010
"[27, 18]",13310,Let the Right One In,sv,Låt den rätte komma in,"When Oskar, a sensitive, bullied 12-year-old boy, meets his new neighbor, the mysterious and moody Eli, they strike up a friendship. Initially reserved with each other, Oskar and Eli slowly form a close bond, but it soon becomes apparent that she is no ordinary young girl.",3.0624,2008-10-24,7.547,3233,2008,2000
"[878, 12, 28]",1234821,Jurassic World Rebirth,en,Jurassic World Rebirth,"Five years after the events of Jurassic World Dominion, covert operations expert Zora Bennett is contracted to lead a skilled team on a top-secret mission to secure genetic material from the world's three most massive dinosaurs. When Zora's operation intersects with a civilian family whose boating expedition was capsized, they all find themselves stranded on an island where they come face-to-face with a sinister, shocking discovery that's been hidden from the world for decades.",41.4275,2025-07-01,6.272,3233,2025,2020
"[12, 28, 53]",36643,The World Is Not Enough,en,The World Is Not Enough,"Greed, revenge, world dominance and high-tech terrorism – it's all in a day's work for Bond, who's on a mission to protect a beautiful oil heiress from a notorious terrorist. In a race against time that culminates in a dramatic submarine showdown, Bond works to defuse the international power struggle that has the world's oil supply hanging in the balance.",7.9101,1999-11-17,6.3,3232,1999,1990
"[28, 878, 53]",1738,Next,en,Next,"Las Vegas showroom magician Cris Johnson has a secret which torments him: he can see a few minutes into the future. Sick of the examinations he underwent as a child and the interest of the government and medical establishment in his power, he lies low under an assumed name in Vegas, performing cheap tricks and living off small-time gambling ""winnings."" But when a terrorist group threatens to detonate a nuclear device in Los Angeles, government agent Callie Ferris must use all her wiles to capture Cris and convince him to help her stop the cataclysm.",7.1206,2007-04-25,6.121,3231,2007,2000
"[28, 12, 53]",415842,American Assassin,en,American Assassin,"Following the murder of his fiancée, Mitch Rapp trains under the instruction of Cold War veteran Stan Hurley. The pair then is enlisted to investigate a wave of apparently random attacks on military and civilian targets.",7.0748,2017-07-14,6.418,3227,2017,2010
"[27, 53, 9648]",3597,I Know What You Did Last Summer,en,I Know What You Did Last Summer,"After an accident on a winding road, four teens make the fatal mistake of dumping their victim's body into the sea. Exactly one year later, the deadly secret resurfaces as they're stalked by a hook-handed figure.",6.0438,1997-10-17,5.999,3227,1997,1990
"[28, 878, 35, 10751]",939243,Sonic the Hedgehog 3,en,Sonic the Hedgehog 3,"Sonic, Knuckles, and Tails reunite against a powerful new adversary, Shadow, a mysterious villain with powers unlike anything they have faced before. With their abilities outmatched in every way, Team Sonic must seek out an unlikely alliance in hopes of stopping Shadow and protecting the planet.",23.9015,2024-12-19,7.611,3222,2024,2020
"[18, 10749]",843,In the Mood for Love,cn,花樣年華,"Two neighbors form a strong bond after both suspect extramarital activities of their spouses. However, they agree to keep their bond platonic so as not to commit similar wrongs.",10.5448,2000-09-29,8.087,3215,2000,2000
"[28, 18, 10749]",619,The Bodyguard,en,The Bodyguard,"A former Secret Service agent grudgingly takes an assignment to protect a pop idol who's threatened by a crazed fan. At first, the safety-obsessed bodyguard and the self-indulgent diva totally clash. But before long, all that tension sparks fireworks of another sort, and the love-averse tough guy is torn between duty and romance.",6.6584,1992-11-25,6.7,3214,1992,1990
"[878, 12, 28]",617126,The Fantastic 4: First Steps,en,The Fantastic 4: First Steps,"Against the vibrant backdrop of a 1960s-inspired, retro-futuristic world, Marvel's First Family is forced to balance their roles as heroes with the strength of their family bond, while defending Earth from a ravenous space god called Galactus and his enigmatic Herald, Silver Surfer.",23.8713,2025-07-23,6.959,3209,2025,2020
"[35, 18]",491418,Instant Family,en,Instant Family,"When Pete and Ellie decide to start a family, they stumble into the world of foster care adoption. They hope to take in one small child but when they meet three siblings, including a rebellious 15 year old girl, they find themselves speeding from zero to three kids overnight.",11.1088,2018-11-13,7.494,3209,2018,2010
"[10749, 18]",61979,Three Steps Above Heaven,es,Tres metros sobre el cielo,"Babi, a sheltered upper-class girl, and Hache, a reckless rebel obsessed with illegal motorcycle races, fall into a forbidden love that pulls them deeper into passion and risk.",10.1986,2010-12-03,7.724,3207,2010,2010
"[18, 53, 80, 9648]",15472,The Girl with the Dragon Tattoo,sv,Män som hatar kvinnor,"Swedish thriller based on Stieg Larsson's novel about a male journalist and a young female hacker. In the opening of the movie, Mikael Blomkvist, a middle-aged publisher for the magazine Millennium, loses a libel case brought by corrupt Swedish industrialist Hans-Erik Wennerström. Nevertheless, he is hired by Henrik Vanger in order to solve a cold case, the disappearance of Vanger's niece",5.0509,2009-02-27,7.5,3204,2009,2000
"[14, 35, 10751]",11283,Nanny McPhee,en,Nanny McPhee,"Widower Cedric Brown hires Nanny McPhee to care for his seven rambunctious children, who have chased away all previous nannies. Taunted by Simon and his siblings, Nanny McPhee uses mystical powers to instill discipline. And when the children's great-aunt and benefactor, Lady Adelaide Stitch, threatens to separate the kids, the family pulls together under the guidance of Nanny McPhee.",6.2937,2005-10-21,6.687,3203,2005,2000
"[28, 53, 80]",943,Lethal Weapon 3,en,Lethal Weapon 3,Riggs and Murtaugh pursue a former officer who uses his knowledge of police procedure and policies to steal and sell confiscated guns and ammunition to local street gangs.,7.9511,1992-05-15,6.71,3200,1992,1990
"[10749, 36, 35]",1934,Shakespeare in Love,en,Shakespeare in Love,"Young William Shakespeare is forced to stage his latest comedy, 'Romeo and Ethel, the Pirate's Daughter', before it's even written. When lovely noblewoman Viola de Lesseps auditions for a role, they fall into forbidden love — and Shakespeare's play finds a new life (and title). As their relationship intensifies, the comedy soon transforms into tragedy.",4.7216,1998-12-11,6.8,3186,1998,1990
[18],525661,Bombshell,en,Bombshell,Bombshell is a revealing look inside the most powerful and controversial media empire of all time; and the explosive story of the women who brought down the infamous man who created it.,4.5665,2019-12-13,6.777,3180,2019,2010
"[18, 9648, 53]",726209,Leave the World Behind,en,Leave the World Behind,A family's getaway to a luxurious rental home takes an ominous turn when a cyberattack knocks out their devices—and two strangers appear at their door.,9.8388,2023-11-22,6.377,3173,2023,2020
"[27, 878, 9648]",60935,The Thing,en,The Thing,"When paleontologist Kate Lloyd travels to an isolated outpost in Antarctica for the expedition of a lifetime, she joins an international team that unearths a remarkable discovery. Their elation quickly turns to fear as they realize that their experiment has freed a mysterious being from its frozen prison. Paranoia spreads like an epidemic as a creature that can mimic anything it touches will pit human against human as it tries to survive and flourish in this spine-tingling thriller.",6.2672,2011-10-12,6.227,3172,2011,2010
"[10752, 18, 28, 36]",429351,12 Strong,en,12 Strong,A team of special forces head into Afghanistan in the aftermath of the September 11th attacks in an attempt to dismantle the Taliban.,7.2889,2018-01-18,6.4,3171,2018,2010
"[35, 10749]",10521,Bride Wars,en,Bride Wars,Two best friends become rivals when their respective weddings are accidentally booked for the same day.,4.4162,2009-01-09,6.245,3170,2009,2000
"[27, 9648]",913290,Barbarian,en,Barbarian,"In town for a job interview, a young woman arrives at her Airbnb late at night only to find that it has been mistakenly double-booked and a strange man is already staying there. Against her better judgement, she decides to stay the night anyway.",7.4125,2022-09-08,6.845,3170,2022,2020
"[10751, 35, 12, 16, 14]",11836,The SpongeBob SquarePants Movie,en,The SpongeBob SquarePants Movie,"There's trouble brewing in Bikini Bottom. Someone has stolen King Neptune's crown, and it looks like Mr. Krab, SpongeBob's boss, is the culprit. Though he's just been passed over for the promotion of his dreams, SpongeBob stands by his boss, and along with his best pal Patrick, sets out on a treacherous mission to Shell City to reclaim the crown and save Mr. Krab's life.",9.2449,2004-11-19,7.075,3167,2004,2000
[27],11906,Suspiria,it,Suspiria,An American newcomer to a prestigious German ballet academy comes to realize that the school is a front for something sinister amid a series of grisly murders.,5.4644,1977-02-01,7.473,3166,1977,1970
"[27, 9648, 53]",1970,The Grudge,en,The Grudge,"An American nurse living and working in Tokyo is exposed to a mysterious supernatural curse, one that locks a person in a powerful rage before claiming their life and spreading to another victim.",5.1194,2004-10-22,5.924,3163,2004,2000
"[9648, 878]",2666,Dark City,en,Dark City,"A man struggles with memories of his past, including a wife he cannot remember, in a nightmarish world with no sun and run by beings with telekinetic powers who seek the souls of humans.",7.3592,1998-02-27,7.3,3162,1998,1990
[27],157547,Oculus,en,Oculus,A woman tries to exonerate her brother's murder conviction by proving that the crime was committed by a supernatural phenomenon.,5.0038,2014-04-03,6.498,3160,2014,2010
"[18, 10749, 10752, 36]",3175,Barry Lyndon,en,Barry Lyndon,"An Irish rogue uses his cunning and wit to work his way up the social classes of 18th century England, transforming himself from the humble Redmond Barry into the noble Barry Lyndon.",6.4078,1975-12-18,7.992,3158,1975,1970
"[28, 35]",59108,Tower Heist,en,Tower Heist,"A luxury condo manager leads a staff of workers to seek payback on the Wall Street swindler who defrauded them. With only days until the billionaire gets away with the perfect crime, the unlikely crew of amateur thieves enlists the help of petty crook Slide to steal the $20 million they’re sure is hidden in the penthouse.",5.3933,2011-11-02,6.114,3155,2011,2010
"[10751, 35, 16, 878, 28]",519182,Despicable Me 4,en,Despicable Me 4,"Gru and Lucy and their girls—Margo, Edith and Agnes—welcome a new member to the Gru family, Gru Jr., who is intent on tormenting his dad. Gru also faces a new nemesis in Maxime Le Mal and his femme fatale girlfriend Valentina, forcing the family to go on the run.",26.2891,2024-06-20,6.981,3152,2024,2020
"[35, 10751]",58224,Mr. Popper's Penguins,en,Mr. Popper's Penguins,"Tom Popper is a successful businessman who’s clueless when it comes to the really important things in life...until he inherits six “adorable” penguins, each with its own unique personality. Soon Tom’s rambunctious roommates turn his swank New York apartment into a snowy winter wonderland — and the rest of his world upside-down.",4.2793,2011-06-17,5.974,3151,2011,2010
"[35, 10749]",32856,Valentine's Day,en,Valentine's Day,Intertwining couples and singles in Los Angeles break-up and make-up based on the pressures and expectations of Valentine's Day.,5.736,2010-02-10,5.9,3149,2010,2010
"[12, 28, 18, 14]",7840,"10,000 BC",en,"10,000 BC",A prehistoric epic that follows a young mammoth hunter's journey through uncharted territory to secure the future of his tribe.,4.9783,2008-03-04,5.499,3148,2008,2000
"[18, 10752]",25,Jarhead,en,Jarhead,"Jarhead is a film about a US Marine Anthony Swofford’s experience in the Gulf War. After putting up with an arduous boot camp, Swofford and his unit are sent to the Persian Gulf where they are eager to fight, but are forced to stay back from the action. Swofford struggles with the possibility of his girlfriend cheating on him, and as his mental state deteriorates, his desire to kill increases.",5.7795,2005-11-04,6.68,3149,2005,2000
"[18, 36, 10752]",205,Hotel Rwanda,en,Hotel Rwanda,"Inspired by true events, this film takes place in Rwanda in the 1990s when more than a million Tutsis were killed in a genocide that went mostly unnoticed by the rest of the world. Hotel owner Paul Rusesabagina houses over a thousand refuges in his hotel in attempt to save their lives.",4.9864,2004-12-22,7.719,3143,2004,2000
"[12, 35, 18]",421,The Life Aquatic with Steve Zissou,en,The Life Aquatic with Steve Zissou,"Renowned oceanographer Steve Zissou has sworn vengeance upon the rare shark that devoured a member of his crew. In addition to his regular team, he is joined on his boat by Ned, a man who believes Zissou to be his father, and Jane, a journalist pregnant by a married man. They travel the sea, all too often running into pirates and, perhaps more traumatically, various figures from Zissou's past, including his estranged wife, Eleanor.",4.4159,2004-12-10,7.074,3141,2004,2000
"[16, 53]",10494,Perfect Blue,ja,PERFECT BLUE,"Rising pop star Mima quits singing to pursue a career as an actress. After she takes up a role on a popular detective show, her handlers and collaborators begin turning up murdered. Harboring feelings of guilt and haunted by visions of her former self, Mima's reality and fantasy meld into a frenzied paranoia.",12.1996,1998-02-28,8.303,3138,1998,1990
"[27, 53, 80]",934433,Scream VI,en,Scream VI,"Following the latest Ghostface killings, the four survivors leave Woodsboro behind and start a fresh chapter.",17.0227,2023-03-08,6.948,3138,2023,2020
"[18, 80]",96936,The Bling Ring,en,The Bling Ring,"Inspired by actual events, a group of fame-obsessed teenagers use the Internet to track celebrities' whereabouts in order to rob their homes.",2.7847,2013-06-12,5.432,3134,2013,2010
"[28, 35, 80, 14]",9470,Kung Fu Hustle,cn,功夫,"It's the 1940s, and the notorious Axe Gang terrorizes Shanghai. Small-time criminals Sing and Bone hope to join, but they only manage to make lots of very dangerous enemies. Fortunately for them, kung fu masters and hidden strength can be found in unlikely places. Now they just have to take on the entire Axe Gang.",12.1477,2004-02-10,7.5,3135,2004,2000
"[14, 16, 10751]",51739,The Secret World of Arrietty,ja,借りぐらしのアリエッティ,"14-year-old Arrietty and the rest of the Clock family live in peaceful anonymity as they make their own home from items ""borrowed"" from the house's human inhabitants. However, life changes for the Clocks when a human boy discovers Arrietty.",6.7804,2010-07-16,7.668,3134,2010,2010
"[10751, 16, 35, 12]",11430,The Lion King 1½,en,The Lion King 1½,Timon the meerkat and Pumbaa the warthog are best pals and the unsung heroes of the African savanna. This prequel to the smash Disney animated adventure takes you back -- way back -- before Simba's adventure began. You'll find out all about Timon and Pumbaa and tag along as they search for the perfect home and attempt to raise a rambunctious lion cub.,7.3435,2004-10-28,6.579,3132,2004,2000
"[53, 18]",303858,Money Monster,en,Money Monster,Financial TV host Lee Gates and his producer Patty are put in an extreme situation when an irate investor takes over their studio.,3.8921,2016-05-12,6.432,3131,2016,2010
"[28, 12, 35]",458897,Charlie's Angels,en,Charlie's Angels,"Elena Houghlin is a scientist, engineer and inventor of Calisto -- a sustainable energy source that will revolutionize the way people use power. It will be ready as soon as she works out the last issue, if not it could be turned into a dangerous weapon. But when the cutting edge technology is pushed to an investor before she can do that, Elena turns to the Townsend Agency for help. Now, it's up to the Angels -- Jane, Sabina, and the newly recruited Elena -- to retrieve Calisto before it can be transformed into a weapon of mass destruction.",6.2989,2019-11-14,6.382,3128,2019,2010
"[12, 28, 53, 14]",375588,Robin Hood,en,Robin Hood,A war-hardened Crusader and his Moorish commander mount an audacious revolt against the corrupt English crown.,5.0568,2018-11-03,5.909,3126,2018,2010
"[35, 10749, 14, 18]",9889,Shallow Hal,en,Shallow Hal,"After taking his dying father's advice, Hal dates only the embodiments of female physical perfection. But that all changes after Hal has an unexpected run-in with self-help guru Tony Robbins. Intrigued by Hal's shallowness, Robbins hypnotizes him into seeing the beauty that exists even in the least physically appealing women. Hal soon falls for Rosemary, but he doesn't realize that his gorgeous girlfriend is actually a 300-pound-not-so-hottie.",5.3899,2001-11-01,6.165,3125,2001,2000
"[35, 18]",72113,Carnage,en,Carnage,"Two pairs of parents hold a cordial meeting after their sons are involved in a fight, though as their time together progresses, increasingly childish behavior throws the discussion into chaos.",4.0686,2011-09-16,7.173,3123,2011,2010
"[28, 53, 80]",15092,Crank: High Voltage,en,Crank: High Voltage,Chelios faces a Chinese mobster who has stolen his nearly indestructible heart and replaced it with a battery-powered ticker that requires regular jolts of electricity to keep working.,6.3442,2009-04-16,6.078,3123,2009,2000
"[10752, 28, 53]",882569,Guy Ritchie's The Covenant,en,Guy Ritchie's The Covenant,"During the war in Afghanistan, a local interpreter risks his own life to carry an injured sergeant across miles of grueling terrain.",12.4689,2023-04-19,7.718,3123,2023,2020
"[18, 36]",551332,The Two Popes,en,The Two Popes,"Frustrated with the direction of the church, Cardinal Bergoglio requests permission to retire in 2012 from Pope Benedict. Instead, facing scandal and self-doubt, the introspective Pope Benedict summons his harshest critic and future successor to Rome to reveal a secret that would shake the foundations of the Catholic Church.",4.0887,2019-11-27,7.489,3121,2019,2010
"[18, 53]",10734,Escape from Alcatraz,en,Escape from Alcatraz,"San Francisco Bay, January 18, 1960. Frank Lee Morris is transferred to Alcatraz, a maximum security prison located on a rocky island. Although no one has ever managed to escape from there, Frank and other inmates begin to carefully prepare an escape plan.",6.739,1979-06-22,7.501,3121,1979,1970
"[27, 53]",406563,Insidious: The Last Key,en,Insidious: The Last Key,"Parapsychologist Elise Rainier and her team travel to Five Keys, NM, to investigate a man’s claim of a haunting. Terror soon strikes when Rainier realizes that the house he lives in was her family’s old home.",8.189,2018-01-03,6.254,3118,2018,2010
"[18, 9648]",249397,Nymphomaniac: Vol. II,en,Nymphomaniac: Vol. II,The continuation of Joe's sexually dictated life delves into the darker aspects of her adult life and what led to her being in Seligman's care.,12.4359,2013-12-25,6.706,3119,2013,2010
"[18, 10402, 10749]",69,Walk the Line,en,Walk the Line,"A chronicle of country music legend Johnny Cash's life, from his early days on an Arkansas cotton farm to his rise to fame with Sun Records in Memphis, where he recorded alongside Elvis Presley, Jerry Lee Lewis and Carl Perkins.",4.6378,2005-09-13,7.497,3116,2005,2000
"[35, 27]",46838,Tucker and Dale vs. Evil,en,Tucker and Dale vs. Evil,"Two hillbillies are suspected of being killers by a group of paranoid college kids camping near the duo's West Virginian cabin. As the body count climbs, so does the fear and confusion as the college kids try to seek revenge against the pair.",5.2188,2010-01-22,7.396,3113,2010,2010
"[35, 878, 14, 27]",36685,The Rocky Horror Picture Show,en,The Rocky Horror Picture Show,"After getting a flat tire in the middle of nowhere, newly engaged couple Brad and Janet encounter the eerie mansion of the flamboyant, seductive Dr Frank-N-Furter and a variety of eccentric characters. Through elaborate dance and rock music, the mad scientist unveils his latest creation: a perfect, muscular man.",4.9411,1975-08-14,7.441,3112,1975,1970
"[35, 10751, 16, 14, 10402]",23398,Alvin and the Chipmunks: The Squeakquel,en,Alvin and the Chipmunks: The Squeakquel,"Pop sensations Alvin, Simon and Theodore end up in the care of Dave Seville's twenty-something nephew Toby. The boys must put aside music super stardom to return to school, and are tasked with saving the school's music program by winning the $25,000 prize in a battle of the bands. But the Chipmunks unexpectedly meet their match in three singing chipmunks known as The Chipettes - Brittany, Eleanor and Jeanette. Romantic and musical sparks are ignited when the Chipmunks and Chipettes square off.",5.828,2009-12-21,5.7,3111,2009,2000
"[27, 53]",758323,The Pope's Exorcist,en,The Pope's Exorcist,"Father Gabriele Amorth, Chief Exorcist of the Vatican, investigates a young boy's terrifying possession and ends up uncovering a centuries-old conspiracy the Vatican has desperately tried to keep hidden.",7.7149,2023-04-05,6.909,3110,2023,2020
"[36, 18, 12]",665,Ben-Hur,en,Ben-Hur,"In ancient Judea, a Jewish aristocrat opposing Roman occupation of his homeland reunites with his childhood friend, now a Roman commander — setting in motion a saga of betrayal, adventure, tragedy, revenge, and faith.",10.9452,1959-11-18,7.884,3110,1959,1950
"[53, 28, 80]",8068,Desperado,en,Desperado,"El Mariachi plunges headfirst into the dark border underworld when he follows a trail of blood to the last of the infamous Mexican drug lords, Bucho, for an action-packed, bullet-riddled showdown. With the help of his friend and a beautiful bookstore owner, El Mariachi tracks Bucho, takes on his army of desperados, and leaves his own trail of blood.",6.7231,1995-08-25,6.933,3107,1995,1990
"[28, 12, 53]",10999,Commando,en,Commando,"John Matrix, the former leader of a special commando strike force that always got the toughest jobs done, is forced back into action when his young daughter is kidnapped. To find her, Matrix has to fight his way through an array of punks, killers, one of his former commandos, and a fully equipped private army. With the help of a feisty stewardess and an old friend, Matrix has only a few hours to overcome his greatest challenge: finding his daughter before she's killed.",8.953,1985-10-03,6.698,3104,1985,1980
"[27, 18, 53]",6537,The Orphanage,es,El orfanato,"A woman brings her family back to her childhood home, which used to be an orphanage, intent on reopening it. Before long, her son starts to communicate with a new invisible friend.",4.0799,2007-05-20,7.226,3102,2007,2000
"[27, 10752, 878]",438799,Overlord,en,Overlord,"France, June 1944. On the eve of D-Day, some American paratroopers fall behind enemy lines after their aircraft crashes while on a mission to destroy a radio tower in a small village near the beaches of Normandy. After reaching their target, the surviving paratroopers realise that, in addition to fighting the Nazi troops that patrol the village, they also must fight against something else.",5.3557,2018-11-01,6.729,3099,2018,2010
"[28, 80, 18]",7220,The Punisher,en,The Punisher,"When undercover FBI agent Frank Castle's wife and son are slaughtered, he becomes 'the Punisher' -- a ruthless vigilante willing to go to any length to avenge his family.",8.5715,2004-04-15,6.362,3099,2004,2000
"[16, 35, 10751, 878, 12]",1267,Meet the Robinsons,en,Meet the Robinsons,"Lewis, a brilliant young inventor, is keen on creating a time machine to find his mother, who abandoned him in an orphanage. Things take a turn when he meets Wilbur Robinson and his family.",7.2041,2007-03-23,6.932,3100,2007,2000
"[12, 18, 36]",978,Seven Years in Tibet,en,Seven Years in Tibet,"Austrian mountaineer Heinrich Harrer journeys to the Himalayas without his family to head an expedition in 1939. But when World War II breaks out, the arrogant Harrer falls into Allied forces' hands as a prisoner of war. He escapes with a fellow detainee and makes his way to Lhasa, Tibet, where he meets the 14-year-old Dalai Lama, whose friendship ultimately transforms his outlook on life.",5.3929,1997-09-12,7.162,3098,1997,1990
"[80, 35, 28]",112205,The Family,en,The Family,"After ratting out his Mafia cohorts, Giovanni Manzoni and his family enter the Witness Protection Program and relocate to a sleepy town in France. Despite the best efforts of their handler to keep them in line, Giovanni (now called Fred Blake), his wife and children can't help but resort to doing things the ""family"" way. However, their dependence on such old habits places everyone in danger from vengeful mobsters.",5.6666,2013-09-13,6.364,3094,2013,2010
"[14, 18, 35, 10751]",9598,Babe,en,Babe,"Babe is a little pig who doesn't quite know his place in the world. With a bunch of odd friends, like Ferdinand the duck who thinks he is a rooster and Fly the dog he calls mum, Babe realises that he has the makings to become the greatest sheep pig of all time, and Farmer Hoggett knows it. With the help of the sheep dogs, Babe learns that a pig can be anything that he wants to be.",6.7946,1995-07-18,6.267,3094,1995,1990
"[878, 27, 28]",940721,Godzilla Minus One,ja,ゴジラ-1.0,"In postwar Japan, Godzilla brings new devastation to an already scorched landscape. With no military intervention or government help in sight, the survivors must join together in the face of despair and fight back against an unrelenting horror.",14.8835,2023-11-03,7.6,3095,2023,2020
"[28, 878, 16]",503314,Dragon Ball Super: Broly,ja,ドラゴンボール超 ブロリー,"Earth is peaceful following the Tournament of Power. Realizing that the universes still hold many more strong people yet to see, Goku spends all his days training to reach even greater heights. Then one day, Goku and Vegeta are faced by a Saiyan called 'Broly' who they've never seen before. The Saiyans were supposed to have been almost completely wiped out in the destruction of Planet Vegeta, so what's this one doing on Earth? This encounter between the three Saiyans who have followed completely different destinies turns into a stupendous battle, with even Frieza (back from Hell) getting caught up in the mix.",2.0197,2018-12-14,7.901,3093,2018,2010
"[14, 35, 10749, 878]",9327,The Nutty Professor,en,The Nutty Professor,"When beautiful Carla Purty joins the university faculty, genetic professor Dr. Sherman Klump grows desperate to whittle his 400-pound frame down to size and win her heart. So, with one swig of his experimental fat-reducing serum, Sherman becomes 'Buddy Love', a fast-talking, pumped-up, plumped down Don Juan.",4.1755,1996-06-28,5.637,3091,1996,1990
"[80, 53, 18]",429200,Good Time,en,Good Time,"After a botched bank robbery lands his younger brother in prison, Connie Nikas embarks on a twisted odyssey through New York City's underworld to get his brother Nick out of jail.",4.8628,2017-08-11,7.213,3090,2017,2010
"[18, 35, 10749]",1064213,Anora,en,Anora,"A young sex worker from Brooklyn gets her chance at a Cinderella story when she meets and impulsively marries the son of an oligarch. Once the news reaches Russia, her fairytale is threatened as his parents set out to get the marriage annulled.",13.2091,2024-10-14,7.063,3088,2024,2020
"[27, 9648, 53]",44040,Devil,en,Devil,"A group of people are trapped in an elevator high above Philadelphia, and one of them is the devil.",4.297,2010-09-16,6.102,3087,2010,2010
"[27, 18, 878]",1255,The Host,ko,괴물,"A teenage girl is captured by a giant mutated squid-like creature that appears from Seoul's Han River after toxic waste was dumped in it, prompting her family into a frantic search for her.",6.3887,2006-07-27,6.972,3087,2006,2000
"[9648, 53, 28]",13027,Eagle Eye,en,Eagle Eye,"Jerry Shaw and Rachel Holloman are two strangers whose lives are suddenly thrown into turmoil by a mysterious woman they have never met. Threatening their lives and family, the unseen caller uses everyday technology to control their actions and push them into increasing danger. As events escalate, Jerry and Rachel become the country's most-wanted fugitives and must figure out what is happening to them.",6.576,2008-09-25,6.488,3084,2008,2000
"[10751, 35]",1268,Mr. Bean's Holiday,en,Mr. Bean's Holiday,"Mr. Bean wins a trip to Cannes where he unwittingly separates a young boy from his father and must help the two reunite. On the way he discovers France, bicycling and true love, among other things.",4.6169,2007-03-22,6.383,3082,2007,2000
"[18, 10402]",786,Almost Famous,en,Almost Famous,"In 1973, 15-year-old William Miller's unabashed love of music and aspiration to become a rock journalist lands him an assignment from Rolling Stone magazine to interview and tour with the up-and-coming band, Stillwater.",7.1071,2000-09-15,7.5,3078,2000,2000
"[18, 35]",77930,Magic Mike,en,Magic Mike,"Mike, an experienced stripper, takes a younger performer called The Kid under his wing and schools him in the arts of partying, picking up women, and making easy money.",5.7461,2012-06-28,6.17,3076,2012,2010
"[10749, 18, 53, 80]",43539,The Next Three Days,en,The Next Three Days,"A married couple's life is turned upside down when the wife is accused of murdering her boss. Her husband John would spend the next few years trying to get her released, but there's no evidence that negates the evidence against her. When the strain of being separated from her husband and son gets to her, John decides to find a way to break her out.",4.5392,2010-11-18,7.086,3075,2010,2010
"[18, 35, 80]",540901,Hustlers,en,Hustlers,A crew of savvy former strip club employees band together to turn the tables on their Wall Street clients.,6.2399,2019-09-12,6.5,3074,2019,2010
"[12, 18, 36]",314095,The Lost City of Z,en,The Lost City of Z,"A true-life drama in the 1920s, centering on British explorer Col. Percy Fawcett, who discovered evidence of a previously unknown, advanced civilization in the Amazon and disappeared whilst searching for it.",5.8846,2017-03-15,6.39,3073,2017,2010
"[18, 53]",567748,The Guilty,en,The Guilty,A demoted police officer assigned to a call dispatch desk is conflicted when he receives an emergency phone call from a kidnapped woman.,4.6708,2021-09-24,6.422,3072,2021,2020
[18],394117,The Florida Project,en,The Florida Project,"The story of a precocious six year-old and her ragtag group of friends whose summer break is filled with childhood wonder, possibility and a sense of adventure while the adults around them struggle with hard times.",6.827,2017-10-06,7.43,3071,2017,2010
"[16, 10751, 12, 35]",364689,Ferdinand,en,Ferdinand,"Ferdinand, a little bull, prefers sitting quietly under a cork tree just smelling the flowers versus jumping around, snorting, and butting heads with other bulls. As Ferdinand grows big and strong, his temperament remains mellow. But one day five men come to choose the ""biggest, fastest, roughest bull"" for the bullfights in Madrid— and Ferdinand is mistakenly chosen.",7.1296,2017-12-09,7.214,3070,2017,2010
"[18, 53]",71859,We Need to Talk About Kevin,en,We Need to Talk About Kevin,"After her son Kevin commits a horrific act, troubled mother Eva reflects on her complicated relationship with her disturbed son as he grew from a toddler into a teenager.",5.284,2011-09-28,7.545,3070,2011,2010
"[18, 878]",19,Metropolis,de,Metropolis,"In a futuristic city sharply divided between the rich and the poor, the son of the city's mastermind meets a prophet who predicts the coming of a savior to mediate their differences.",5.7285,1927-01-10,8.088,3071,1927,1920
"[35, 14, 27]",917496,Beetlejuice Beetlejuice,en,Beetlejuice Beetlejuice,"After a family tragedy, three generations of the Deetz family return home to Winter River. Still haunted by Betelgeuse, Lydia's life is turned upside down when her teenage daughter, Astrid, accidentally opens the portal to the Afterlife.",10.2475,2024-09-04,6.937,3070,2024,2020
"[18, 35, 10749]",95610,Bridget Jones's Baby,en,Bridget Jones's Baby,"After breaking up, Bridget Jones' happily-ever-after hasn't quite gone according to plan. Fortysomething and single again, she decides to focus on her job and surround herself with old friends and new. For once, Bridget has everything completely under control. Then her love life takes a turn when she meets Jack. A week later, she runs into Mark before she finds herself pregnant, but with one hitch - she's not sure of the identity of her baby's father - Mark or Jack.",4.8695,2016-09-14,6.409,3069,2016,2010
"[28, 12, 37]",1656,The Legend of Zorro,en,The Legend of Zorro,"Despite trying to keep his swashbuckling to a minimum, a threat to California's pending statehood causes the adventure-loving Don Alejandro de la Vega and his wife, Elena, to take action.",6.36,2005-10-24,6.121,3069,2005,2000
"[18, 12, 878, 10749]",1381,The Fountain,en,The Fountain,"Spanning over one thousand years, and three parallel stories, The Fountain is a story of love, death, spirituality, and the fragility of our existence in this world.",3.951,2006-11-22,6.91,3070,2006,2000
"[18, 10749]",1278,The Dreamers,en,The Dreamers,"When Isabelle and Theo invite Matthew to stay with them, what begins as a casual friendship ripens into a sensual voyage of discovery and desire in which nothing is off limits and everything is possible.",8.4605,2003-10-10,7.179,3065,2003,2000
"[28, 878, 12]",565770,Blue Beetle,en,Blue Beetle,"Recent college grad Jaime Reyes returns home full of aspirations for his future, only to find that home is not quite as he left it. As he searches to find his purpose in the world, fate intervenes when Jaime unexpectedly finds himself in possession of an ancient relic of alien biotechnology: the Scarab.",5.7086,2023-08-16,6.635,3059,2023,2020
"[28, 18, 53]",137094,Jack Ryan: Shadow Recruit,en,Jack Ryan: Shadow Recruit,"Jack Ryan, as a young covert CIA analyst, uncovers a Russian plot to crash the U.S. economy with a terrorist attack.",7.3143,2014-01-15,6.122,3055,2014,2010
"[12, 16, 35, 10751]",533,Wallace & Gromit: The Curse of the Were-Rabbit,en,Wallace & Gromit: The Curse of the Were-Rabbit,"Cheese-loving eccentric Wallace and his cunning canine pal Gromit run a business ridding the town of garden pests. Using only humane methods, which turns their home into a halfway house for evicted vermin, the pair stumble upon a mystery involving a voracious vegetarian monster that threatens to ruin the annual veggie-growing contest.",6.7521,2005-09-15,7.115,3054,2005,2000
"[27, 9648, 53]",631842,Knock at the Cabin,en,Knock at the Cabin,"While vacationing at a remote cabin, a young girl and her two fathers are taken hostage by four armed strangers who demand that the family make an unthinkable choice to avert the apocalypse. With limited access to the outside world, the family must decide what they believe before all is lost.",6.1,2023-02-01,6.248,3053,2023,2020
"[18, 35]",382591,Two Is a Family,fr,Demain tout commence,A man without attachments or responsibilities suddenly finds himself with an abandoned baby and leaves for London to try and find the mother. Eight years later after he and his daughter become inseparable Gloria's mother reappears.,3.1721,2016-12-07,7.724,3053,2016,2010
"[36, 10752, 10749]",753342,Napoleon,en,Napoleon,"An epic that details the checkered rise and fall of French Emperor Napoleon Bonaparte and his relentless journey to power through the prism of his addictive, volatile relationship with his wife, Josephine.",7.4844,2023-11-22,6.304,3050,2023,2020
"[80, 53]",158011,The Call,en,The Call,"Jordan Turner is an experienced 911 operator but when she makes an error in judgment and a call ends badly, Jordan is rattled and unsure if she can continue. But when teenager Casey Welson is abducted in the back of a man's car and calls 911, Jordan is the one called upon to use all of her experience, insights and quick thinking to help Casey escape, and not just to save her, but to make sure the man is brought to justice.",6.0386,2013-03-14,6.793,3044,2013,2010
"[35, 28, 12]",35056,Date Night,en,Date Night,"Phil and Claire Foster fear that their mild-mannered relationship may be falling into a stale rut. During their weekly date night, their dinner reservation leads to their being mistaken for a couple of thieves—and now a number of unsavoury characters want Phil and Claire killed.",4.7566,2010-04-08,6.107,3043,2010,2010
"[35, 18]",65057,The Descendants,en,The Descendants,"With his wife Elizabeth on life support after a boating accident, Hawaiian land baron Matt King takes his daughters on a trip from Oahu to Kauai to confront a young real estate broker, who was having an affair with Elizabeth before her misfortune.",3.618,2011-09-09,6.837,3042,2011,2010
"[18, 10749, 80]",152742,The Best Offer,it,La migliore offerta,"Virgil Oldman is a world renowned antiques expert and auctioneer. An eccentric genius, he leads a solitary life, going to extreme lengths to keep his distance from the messiness of human relationships. When appointed by the beautiful but emotionally damaged Claire to oversee the valuation and sale of her family’s priceless art collection, Virgil allows himself to form an attachment to her – and soon he is engulfed by a passion which will rock his bland existence to the core.",3.6937,2013-01-01,7.806,3040,2013,2010
[18],103731,Mud,en,Mud,Two teenage boys find a fugitive hiding out on an island in the Mississippi River and help him reunite with his lover and escape an avenging family and their armed posse.,5.8932,2013-04-26,7.1,3038,2013,2010
"[28, 35, 10749]",27573,The Bounty Hunter,en,The Bounty Hunter,"Milo Boyd, a down-on-his-luck bounty hunter, thinks he's seeing an upswing in fortune when he gets a call to bring in his bail-jumping ex-wife, a reporter named Nicole. Milo considers the job an easy payday, but Nicole quickly escapes to chase a lead on a murder case. The former spouses play an escalating game of one-upmanship, until they suddenly find themselves on the run for their lives.",4.0949,2010-03-16,5.8,3034,2010,2010
"[12, 28, 16]",2310,Beowulf,en,Beowulf,"A 6th-century Scandinavian warrior named Beowulf embarks on a mission to slay the man-like ogre, Grendel.",7.2025,2007-11-05,5.912,3033,2007,2000
"[28, 80, 878]",605116,Project Power,en,Project Power,"An ex-soldier, a teen and a cop collide in New Orleans as they hunt for the source behind a dangerous new pill that grants users temporary superpowers.",3.9598,2020-08-14,6.431,3032,2020,2020
"[27, 53]",4513,30 Days of Night,en,30 Days of Night,"This is the story of an isolated Alaskan town that is plunged into darkness for a month each year when the sun sinks below the horizon. As the last rays of light fade, the town is attacked by a bloodthirsty gang of vampires bent on an uninterrupted orgy of destruction. Only the small town's husband-and-wife Sheriff team stand between the survivors and certain destruction.",6.7262,2007-10-17,6.437,3031,2007,2000
"[16, 12, 10751, 35, 14]",1241982,Moana 2,en,Moana 2,"After receiving an unexpected call from her wayfinding ancestors, Moana journeys alongside Maui and a new crew to the far seas of Oceania and into dangerous, long-lost waters for an adventure unlike anything she's ever faced.",28.4066,2024-11-21,6.995,3029,2024,2020
"[12, 14, 16, 10751]",9992,Arthur and the Invisibles,fr,Arthur et les Minimoys,"Ten-year-old Arthur, in a bid to save his grandfather's house from being demolished, goes looking for some much-fabled hidden treasure in the land of the Minimoys, tiny people living in harmony with nature.",6.6346,2006-12-13,6.383,3027,2006,2000
"[28, 80, 10749]",319,True Romance,en,True Romance,"Clarence marries hooker Alabama, steals cocaine from her pimp, and tries to sell it in Hollywood, while the owners of the coke try to reclaim it.",7.6904,1993-09-09,7.535,3028,1993,1990
"[28, 53, 878]",822119,Captain America: Brave New World,en,Captain America: Brave New World,"After meeting with newly elected U.S. President Thaddeus Ross, Sam finds himself in the middle of an international incident. He must discover the reason behind a nefarious global plot before the true mastermind has the entire world seeing red.",14.8136,2025-02-12,5.977,3028,2025,2020
"[80, 18, 27, 53]",8643,The Exorcism of Emily Rose,en,The Exorcism of Emily Rose,"When a younger girl called Emily Rose dies, everyone puts blame on the exorcism which was performed on her by Father Moore prior to her death. The priest is arrested on suspicion of murder. The trial begins with lawyer Erin Bruner representing Moore, but it is not going to be easy, as no one wants to believe what Father Moore says is true.",6.6886,2005-09-09,6.605,3026,2005,2000
"[18, 27, 80, 53]",398173,The House That Jack Built,en,The House That Jack Built,"Failed architect, engineer and vicious murderer Jack narrates the details of some of his most elaborately orchestrated crimes, each of them a towering piece of art that defines his life's work as a serial killer for twelve years.",5.998,2018-10-04,7.131,3024,2018,2010
"[80, 18, 53]",398181,You Were Never Really Here,en,You Were Never Really Here,"A traumatized veteran, unafraid of violence, tracks down missing girls for a living. When a job spins out of control, his nightmares begin to overtake him, and a conspiracy is uncovered—leading to what may be his death trip or his awakening.",5.4097,2017-11-08,6.55,3022,2017,2010
[53],26388,Buried,en,Buried,"As an American civilian truck driver working in Iraq, Paul Conroy's convoy is attacked by a group of Iraqi insurgents. Some time later, Paul awakes in a coffin with only a lighter, a cell phone, and his ever-growing anxiety. Faced with a dwindling oxygen supply and a dying battery, he must fight panic, despair, and delirium as he races against time to escape the claustrophobic death trap.",3.7762,2010-09-24,6.6,3019,2010,2010
"[80, 35]",353070,Going in Style,en,Going in Style,"Desperate to pay the bills and come through for their loved ones, three lifelong pals risk it all by embarking on a daring bid to knock off the very bank that absconded with their money.",5.7684,2017-04-06,6.689,3018,2017,2010
"[35, 10749]",9801,Bridget Jones: The Edge of Reason,en,Bridget Jones: The Edge of Reason,"Bridget Jones is still dating her new love, barrister Mark Darcy, for a perfect six weeks. However, while on assignment in Thailand with her disreputable ex, Daniel Cleaver, claiming to be reformed, Bridget questions if she has everything she's ever dreamed of having.",3.8374,2004-11-10,6.228,3014,2004,2000
"[10749, 35]",1072790,Anyone But You,en,Anyone But You,"After an amazing first date, Bea and Ben’s fiery attraction turns ice cold — until they find themselves unexpectedly reunited at a destination wedding in Australia. So they do what any two mature adults would do: pretend to be a couple.",12.8397,2023-12-21,6.8,3013,2023,2020
[18],132363,The Butler,en,The Butler,"Cecil Gaines was a sharecropper's son who grew up in the 1920s as a domestic servant for the white family who casually destroyed his. Eventually striking out on his own, Cecil becomes a hotel valet of such efficiency and discreteness in the 1950s that he becomes a butler in the White House itself. There, Cecil would serve numerous US Presidents over the decades as a passive witness of history with the American Civil Rights Movement gaining momentum even as his family has troubles of its own. As his wife, Gloria, struggles with alcoholism and his defiant eldest son, Louis, strives for a just world, Cecil must decide whether he should take action in his own way.",5.3702,2013-08-16,7.329,3011,2013,2010
"[53, 28, 9648]",59965,Abduction,en,Abduction,"For many years, Nathan Harper has had the uneasy feeling that life with his family isn't quite what it seems. As he draws closer to uncovering the truth, he is hunted by assassins, forcing him to flee with his neighbor, Karen, the only person he can trust.",6.4579,2011-09-22,5.838,3008,2011,2010
"[28, 35, 14]",845781,Red One,en,Red One,"After Santa Claus (codename: Red One) is kidnapped, the North Pole's Head of Security must team up with the world's most infamous tracker in a globe-trotting, action-packed mission to save Christmas.",10.9285,2024-10-31,6.989,3007,2024,2020
"[10749, 18]",342470,All the Bright Places,en,All the Bright Places,Two teens facing personal struggles form a powerful bond as they embark on a cathartic journey chronicling the wonders of Indiana.,5.8337,2020-02-28,7.63,3006,2020,2020
[35],4258,Scary Movie 5,en,Scary Movie 5,"Home with their newly-formed family, happy parents Dan and Jody are haunted by sinister, paranormal activities. Determined to expel the insidious force, they install security cameras and discover their family is being stalked by an evil dead demon.",9.2739,2013-04-11,4.791,3004,2013,2010
"[27, 18, 53]",9539,Martyrs,fr,Martyrs,"A young woman’s quest for revenge against the people who kidnapped and tortured her as a child leads her and her best friend, also a victim of child abuse, on a terrifying journey into a living hell of depravity.",6.7459,2008-06-12,7.308,3001,2008,2000
"[35, 18, 10749]",157386,The Spectacular Now,en,The Spectacular Now,"Sutter, a popular party animal, unexpectedly meets the introverted Aimee after waking up on a stranger's lawn. As Sutter deals with the problems in his life and Aimee plans for her future beyond school, an unexpected romance blossoms between them.",4.4941,2013-08-02,6.679,3000,2013,2010
"[16, 35, 10751, 12, 14]",585083,Hotel Transylvania: Transformania,en,Hotel Transylvania: Transformania,"When Van Helsing's mysterious invention, the ""Monsterfication Ray,"" goes haywire, Drac and his monster pals are all transformed into humans, and Johnny becomes a monster. In their new mismatched bodies, Drac and Johnny must team up and race across the globe to find a cure before it's too late, and before they drive each other crazy.",9.9498,2022-01-31,7.037,2998,2022,2020
"[35, 18, 10749]",37056,Letters to Juliet,en,Letters to Juliet,"An American girl on vacation in Italy finds an unanswered ""letter to Juliet"" -- one of thousands of missives left at the fictional lover's Verona courtyard, which are typically answered by the ""secretaries of Juliet"" -- and she goes on a quest to find the lovers referenced in the letter.",4.7188,2010-05-13,7.0,2998,2010,2010
"[35, 10749]",5966,Along Came Polly,en,Along Came Polly,"Reuben Feffer is a guy who's spent his entire life playing it safe. Polly Prince is irresistible as a free-spirit who lives for the thrill of the moment. When these two comically mismatched souls collide, Reuben's world is turned upside down, as he makes an uproarious attempt to change his life from middle-of-the-road to totally-out-there.",4.8851,2004-01-16,6.026,2997,2004,2000
"[16, 878, 28]",610150,Dragon Ball Super: Super Hero,ja,ドラゴンボール超 スーパーヒーロー,"The Red Ribbon Army, an evil organization that was once destroyed by Goku in the past, has been reformed by a group of people who have created new and mightier Androids, Gamma 1 and Gamma 2, and seek vengeance against Goku and his family.",7.227,2022-06-11,7.877,2996,2022,2020
"[80, 18, 9648, 53]",169917,A Walk Among the Tombstones,en,A Walk Among the Tombstones,Private investigator Matthew Scudder is hired by a drug kingpin to find out who kidnapped and murdered his wife.,7.9719,2014-09-18,6.33,2991,2014,2010
"[27, 9648, 53]",768,From Hell,en,From Hell,Frederick Abberline is an opium-huffing inspector from Scotland Yard who falls for one of Jack the Ripper's prostitute targets in this Hughes brothers adaption of a graphic novel that posits the Ripper's true identity.,5.2729,2001-02-08,6.694,2990,2001,2000
"[35, 80, 9648, 53]",5236,Kiss Kiss Bang Bang,en,Kiss Kiss Bang Bang,A petty thief posing as an actor is brought to Los Angeles for an unlikely audition and finds himself in the middle of a murder investigation along with his high school dream girl and a detective who's been training him for his upcoming role...,4.9322,2005-09-14,7.16,2983,2005,2000
"[35, 18, 10752]",801,"Good Morning, Vietnam",en,"Good Morning, Vietnam","A disk jockey goes to Vietnam to work for the Armed Forces Radio Service. While he becomes popular among the troops, his superiors disapprove of his humor.",5.6442,1987-12-23,7.301,2980,1987,1980
"[53, 80, 18]",1580,Rope,en,Rope,Two young men attempt to prove they committed the perfect murder by hosting a dinner party for the family of a classmate they just strangled to death.,4.2333,1948-02-01,7.931,2978,1948,1940
"[35, 18, 10749]",712,Four Weddings and a Funeral,en,Four Weddings and a Funeral,"Over the course of five social occasions, a committed bachelor must consider the notion that he may have discovered love.",5.4622,1994-03-09,6.773,2978,1994,1990
"[18, 28, 36, 53]",612,Munich,en,Munich,"During the 1972 Olympic Games in Munich, eleven Israeli athletes are taken hostage and murdered by a Palestinian terrorist group known as Black September. In retaliation, the Israeli government recruits a group of Mossad agents to track down and execute those responsible for the attack.",5.6224,2005-12-23,7.135,2974,2005,2000
"[53, 27]",49797,I Saw the Devil,ko,악마를 보았다,"Kyung-chul is a dangerous psychopath who kills for pleasure. Soo-hyeon, a top-secret agent, decides to track down the murderer himself. He promises himself that he will do everything in his power to take vengeance against the killer, even if it means that he must become a monster himself.",7.2015,2010-08-12,7.795,2976,2010,2010
"[18, 10749, 14]",402431,Wicked,en,Wicked,"In the land of Oz, ostracized and misunderstood green-skinned Elphaba is forced to share a room with the popular aristocrat Glinda at Shiz University, and the two's unlikely friendship is tested as they begin to fulfill their respective destinies as Glinda the Good and the Wicked Witch of the West.",28.6342,2024-10-16,6.912,2971,2024,2020
"[35, 14, 10751, 27]",531219,Roald Dahl's The Witches,en,Roald Dahl's The Witches,"In late 1967, a young orphaned boy goes to live with his loving grandma in the rural Alabama town of Demopolis. As the boy and his grandmother encounter some deceptively glamorous but thoroughly diabolical witches, she wisely whisks him away to a seaside resort. Regrettably, they arrive at precisely the same time that the world's Grand High Witch has gathered.",7.8134,2020-10-26,6.335,2969,2020,2020
"[35, 80]",9336,Police Academy,en,Police Academy,"New rules enforced by the Lady Mayoress mean that sex, weight, height and intelligence need no longer be a factor for joining the Police Force. This opens the floodgates for all and sundry to enter the Police Academy, much to the chagrin of the instructors. Not everyone is there through choice, though. Social misfit Mahoney has been forced to sign up as the only alternative to a jail sentence and it doesn't take long before he falls foul of the boorish Lieutenant Harris. But before long, Mahoney realises that he is enjoying being a police cadet and decides he wants to stay... while Harris decides he wants Mahoney out!",7.0121,1984-03-22,6.697,2969,1984,1980
"[16, 10751, 12, 35]",7484,Open Season,en,Open Season,"Boog, a domesticated 900lb. Grizzly bear finds himself stranded in the woods 3 days before Open Season. Forced to rely on Elliot, a fast-talking mule deer, the two form an unlikely friendship and must quickly rally other forest animals if they are to form a rag-tag army against the hunters.",5.4046,2006-09-27,6.187,2968,2006,2000
"[10751, 35, 12, 16]",400160,The SpongeBob Movie: Sponge on the Run,en,The SpongeBob Movie: Sponge on the Run,"When his best friend Gary is suddenly snatched away, SpongeBob takes Patrick on a madcap mission far beyond Bikini Bottom to save their pink-shelled pal.",6.7977,2020-08-14,7.405,2967,2020,2020
"[12, 14, 28, 35, 10751]",9593,Last Action Hero,en,Last Action Hero,"After his father's death, a young boy finds solace in action movies featuring an indestructible cop. Given a magic ticket by a theater manager, he is transported into the film and teams up with the cop to stop a villain who escapes into the real world.",5.466,1993-06-18,6.472,2966,1993,1990
"[27, 53]",9902,Wrong Turn,en,Wrong Turn,"Chris crashes into a carload of other young people, and the group of stranded motorists is soon lost in the woods of West Virginia, where they're hunted by three cannibalistic mountain men who are grossly disfigured by generations of inbreeding.",9.7609,2003-05-30,6.383,2963,2003,2000
"[28, 12, 53]",484641,Anna,en,Anna,Beneath Anna Poliatova's striking beauty lies a secret that will unleash her indelible strength and skill to become one of the world's most feared government assassins.,10.5733,2019-06-19,6.713,2961,2019,2010
"[12, 16, 14, 10751]",309809,The Little Prince,en,The Little Prince,"Based on the best-seller book 'The Little Prince', the movie tells the story of a little girl that lives with resignation in a world where efficiency and work are the only dogmas. Everything will change when accidentally she discovers her neighbor that will tell her about the story of the Little Prince that he once met.",5.6944,2015-07-29,7.614,2958,2015,2010
"[14, 35, 10751, 10749]",10202,Bedtime Stories,en,Bedtime Stories,Skeeter Bronson is a down-on-his-luck guy who's always telling bedtime stories to his niece and nephew. But his life is turned upside down when the fantastical stories he makes up for entertainment inexplicably turn into reality. Can a bewildered Skeeter manage his own unruly fantasies now that the outrageous characters and situations from his mind have morphed into actual people and events?,5.41,2008-12-24,6.156,2957,2008,2000
"[28, 53, 18]",359410,Road House,en,Road House,"Ex-UFC fighter Dalton takes a job as a bouncer at a Florida Keys roadhouse, only to discover that this paradise is not all it seems.",19.5478,2024-03-08,6.922,2957,2024,2020
"[28, 80, 53]",76640,The Last Stand,en,The Last Stand,"Ray Owens is sheriff of the quiet US border town of Sommerton Junction after leaving the LAPD following a bungled operation. Following his escape from the FBI, a notorious drug baron, his gang, and a hostage are heading toward Sommerton Junction where the police are preparing to make a last stand to intercept them before they cross the border. Owens is reluctant to become involved but ultimately joins in with the law enforcement efforts.",5.5672,2013-01-12,6.08,2956,2013,2010
"[16, 28, 12, 35, 10751]",431693,Spies in Disguise,en,Spies in Disguise,"Super spy Lance Sterling and scientist Walter Beckett are almost exact opposites. Lance is smooth, suave and debonair. Walter is… not. But what Walter lacks in social skills he makes up for in smarts and invention, creating the awesome gadgets Lance uses on his epic missions. But when events take an unexpected turn, Walter and Lance suddenly have to rely on each other in a whole new way.",6.1856,2019-12-04,7.556,2955,2019,2010
"[10749, 18, 9648, 14]",2044,The Lake House,en,The Lake House,"When architect Alex Wyler moves into an unusual glass house on stilts over a lake, he discovers a note from the previous tenant in the mailbox--but no one's lived in the house for years. He replies and soon discovers that he's corresponding with a doctor named Kate Forster. Their correspondence, only through the 'magical' mailbox, turns romantic and their paths cross in unexpected ways, but when they try to truly connect, danger looms. They must try to unravel the mystery behind their extraordinary romance before it's too late.",6.4907,2006-06-16,7.029,2953,2006,2000
"[80, 53, 18, 35]",601666,I Care a Lot,en,I Care a Lot,A court-appointed legal guardian defrauds her older clients and traps them under her care. But her latest mark comes with some unexpected baggage.,11.4649,2021-02-19,6.575,2952,2021,2020
"[28, 80, 53]",241554,Run All Night,en,Run All Night,"Brooklyn mobster and prolific hit man Jimmy Conlon has seen better days. Longtime best friend of a mob boss, Jimmy is haunted by the sins of his past—as well as a dogged police detective who’s been one step behind Jimmy for 30 years. But when Jimmy’s estranged son becomes a target, Jimmy must make a choice between the crime family he chose and the real family he abandoned long ago. Now, with nowhere safe to turn, Jimmy has just one night to figure out exactly where his loyalties lie and to see if he can finally make things right.",6.6064,2015-03-11,6.429,2952,2015,2010
[35],193893,Let's Be Cops,en,Let's Be Cops,"Best pals Ryan and Justin are stalled in their respective careers -- a fact that is painfully driven home when they go to a college reunion. Dressed as police in the mistaken belief that they were to attend a costume party, Ryan and Justin find that the uniforms earn them much respect and attention. Although Justin is uncomfortable with the idea, Ryan decides to continue with the charade, putting them both in increasingly dangerous situations. When these newly-minted “heroes” get tangled in a real life web of mobsters and dirty detectives, they must put their fake badges on the line.",6.1394,2014-08-13,6.46,2949,2014,2010
"[18, 35]",542178,"The French Dispatch of the Liberty, Kansas Evening Sun",en,"The French Dispatch of the Liberty, Kansas Evening Sun","The staff of an American magazine based in France puts out its last issue, with stories featuring an artist sentenced to life imprisonment, student riots, and a kidnapping resolved by a chef.",5.8662,2021-10-21,7.011,2947,2021,2020
[35],49520,The Change-Up,en,The Change-Up,"Lifelong friends Dave and Mitch are envious of the other's life. Mitch thinks Dave has it all: a beautiful, loving family and a high-paying job at a prestigious law firm. But Dave thinks Mitch’s stress-free playboy life without obligation or consequence is the real dream come true. One fateful drunken night, they both admit that they wish they had the other’s life while peeing in a fountain when lightning strikes. The next morning, they wake up, hungover, in each other’s bodies! With time not on their side, Mitch and Dave comically struggle to avoid completely destroying each other’s lives before they can find a way to get their old ones back.",7.5759,2011-08-05,6.158,2946,2011,2010
"[35, 14, 27]",9374,Death Becomes Her,en,Death Becomes Her,"Madeline is married to Ernest, who was once her arch-rival Helen's fiancé. After recovering from a mental breakdown, Helen vows to kill Madeline and steal back Ernest. Unfortunately for everyone, the introduction of a magic potion causes things to be a great deal more complicated than a mere murder plot.",7.2917,1992-07-30,6.776,2942,1992,1990
"[18, 36]",1887,Marie Antoinette,en,Marie Antoinette,"A retelling of the story of France’s iconic but ill-fated queen, Marie Antoinette - from her betrothal and marriage to Louis XVI at fifteen to her reign as queen at nineteen and ultimately the fall of Versailles.",5.3842,2006-05-24,6.699,2937,2006,2000
"[53, 18, 9648]",9315,Flightplan,en,Flightplan,"Flying at 40,000 feet in a state-of-the art aircraft that she helped design, Kyle Pratt's 6-year-old daughter Julia vanishes without a trace. Or did she? No one on the plane believes Julia was ever onboard. And now Kyle, desperate and alone, can only count on her own wits to unravel the mystery and save her daughter.",4.2067,2005-09-22,6.449,2936,2005,2000
"[28, 35]",261392,American Ultra,en,American Ultra,"Mike is an unmotivated stoner whose small-town life with his live-in girlfriend, Phoebe, is suddenly turned upside down.  Unbeknownst to him, Mike is actually a highly trained, lethal sleeper agent. In the blink of an eye, as his secret past comes back to haunt him, Mike is thrust into the middle of a deadly government operation and is forced to summon his inner action-hero in order to survive.",4.1461,2015-08-19,6.092,2935,2015,2010
"[35, 80, 18]",9277,The Sting,en,The Sting,A novice con man teams up with an acknowledged master to avenge the murder of a mutual friend by pulling off the ultimate big con and swindling a fortune from a big-time mobster.,6.0081,1973-12-25,8.015,2933,1973,1970
"[12, 14, 28, 35, 53]",4442,The Brothers Grimm,en,The Brothers Grimm,"Folklore collectors and con artists, Jake and Will Grimm, travel from village to village pretending to protect townsfolk from enchanted creatures and performing exorcisms. However, they are put to the test when they encounter a real magical curse in a haunted forest with real magical beings, requiring genuine courage.",5.368,2005-08-26,5.848,2933,2005,2000
"[14, 18, 10749]",109491,Beautiful Creatures,en,Beautiful Creatures,"Ethan Wate just wants to get to know Lena Duchannes better, but unbeknownst to him, Lena has strange powers.  As Lena's 16th birthday approaches she might decide her fate, to be good or evil.  A choice which will impact her relationship forever.",3.9498,2013-02-13,6.032,2932,2013,2010
[27],26466,Triangle,en,Triangle,"When Jess sets sail on a yacht with a group of friends, she cannot shake the feeling that there is something wrong.",7.017,2009-10-16,6.924,2932,2009,2000
"[35, 10751, 18]",11007,Cheaper by the Dozen,en,Cheaper by the Dozen,"The Baker brood moves to Chicago after patriarch Tom gets a job coaching football at Northwestern University, forcing his writer wife, Kate, and the couple's 12 children to make a major adjustment. The transition works well until work demands pull the parents away from home, leaving the kids bored -- and increasingly mischievous.",5.2544,2003-12-24,6.285,2932,2003,2000
"[18, 37]",600583,The Power of the Dog,en,The Power of the Dog,"A domineering but charismatic rancher wages a war of intimidation on his brother's new wife and her teen son, until long-hidden secrets come to light.",6.1726,2021-10-25,6.742,2931,2021,2020
"[18, 35, 10751]",74465,We Bought a Zoo,en,We Bought a Zoo,"Benjamin has lost his wife and, in a bid to start his life over, purchases a large house that has a zoo – welcome news for his daughter, but his son is not happy about it. The zoo is in need of renovation and Benjamin sets about the work with the head keeper and the rest of the staff, but, the zoo soon runs into financial trouble.",6.2754,2011-11-26,6.826,2927,2011,2010
"[16, 35]",9473,"South Park: Bigger, Longer & Uncut",en,"South Park: Bigger, Longer & Uncut","In this feature film based on the hit animated series, the third graders of South Park sneak into an R-rated film by ultra-vulgar Canadian television personalities Terrance and Phillip, and emerge with expanded vocabularies that leave their parents and teachers scandalized. When outraged Americans try to censor the film, the controversy spirals into a call to wage war on Canada and Terrance and Phillip end up on death row, with the kids their only hope of rescue.",6.7882,1999-06-24,7.3,2926,1999,1990
"[18, 53, 9648]",638,Lost Highway,en,Lost Highway,"A tormented jazz musician finds himself lost in an enigmatic story involving murder, surveillance, gangsters, doppelgängers, and an impossible transformation inside a prison cell.",5.2681,1997-01-15,7.538,2926,1997,1990
[27],420634,Terrifier,en,Terrifier,A maniacal clown named Art terrorizes three young women on Halloween night and everyone else who stands in his way.,7.8227,2018-01-25,6.318,2926,2018,2010
"[80, 18, 53]",1645,A Time to Kill,en,A Time to Kill,"A young lawyer defends a black man accused of murdering two white men who raped his 10-year-old daughter, sparking a rebirth of the KKK.",7.3271,1996-07-24,7.39,2923,1996,1990
"[10751, 14, 35, 12]",950387,A Minecraft Movie,en,A Minecraft Movie,"Four misfits find themselves struggling with ordinary problems when they are suddenly pulled through a mysterious portal into the Overworld: a bizarre, cubic wonderland that thrives on imagination. To get back home, they'll have to master this world while embarking on a magical quest with an unexpected, expert crafter, Steve.",26.4708,2025-03-31,6.258,2921,2025,2020
"[28, 12, 18]",445651,The Darkest Minds,en,The Darkest Minds,"After a disease kills 98% of America's children, the surviving 2% develop superpowers and are placed in internment camps. A 16-year-old girl escapes her camp and joins a group of other teens on the run from the government.",5.0194,2018-07-25,7.021,2920,2018,2010
[35],9352,EuroTrip,en,EuroTrip,"When Scott learns that his longtime cyber-buddy from Berlin is a gorgeous young woman, he and his friends embark on a trip across Europe.",8.2748,2004-02-20,6.613,2918,2004,2000
"[28, 80, 53]",9705,Swordfish,en,Swordfish,"Rogue agent Gabriel Shear is determined to get his mitts on $9 billion stashed in a secret Drug Enforcement Administration account. He wants the cash to fight terrorism, but lacks the computer skills necessary to hack into the government mainframe. Enter Stanley Jobson, a n'er-do-well encryption expert who can log into anything.",7.6254,2001-06-08,6.26,2917,2001,2000
"[27, 80, 53]",313922,Green Room,en,Green Room,A punk rock band is forced to fight for survival after witnessing an act of violence at a skinhead bar.,4.401,2016-04-15,6.7,2915,2016,2010
"[10751, 12, 35]",9279,Jingle All the Way,en,Jingle All the Way,"Howard Langston, a salesman for a mattress company, is constantly kept busy at his job, disappointing his son. After he misses his son's karate exposition, Howard vows to make it up to him by buying an action figure of his son's favorite television hero for Christmas. Unfortunately for Howard, it is Christmas Eve, and every store is sold out of Turbo Man. Now, Howard must travel all over town and compete with everybody else to find a Turbo Man action figure.",4.9456,1996-11-21,6.063,2915,1996,1990
"[28, 53]",718821,Twisters,en,Twisters,"As storm season intensifies, the paths of former storm chaser Kate Carter and reckless social-media superstar Tyler Owens collide when terrifying phenomena never seen before are unleashed. The pair and their competing teams find themselves squarely in the paths of multiple storm systems converging over central Oklahoma in the fight of their lives.",8.9462,2024-07-10,6.776,2914,2024,2020
"[16, 12, 35, 10751, 14]",228326,The Book of Life,en,The Book of Life,"The journey of Manolo, a young man who is torn between fulfilling the expectations of his family and following his heart. Before choosing which path to follow, he embarks on an incredible adventure that spans fantastical worlds where he must face his greatest fears.",6.5942,2014-10-01,7.53,2911,2014,2010
"[18, 10402]",86829,Inside Llewyn Davis,en,Inside Llewyn Davis,"In Greenwich Village in the early 1960s, gifted but volatile folk musician Llewyn Davis struggles with money, relationships, and his uncertain future.",4.3352,2013-10-18,7.188,2909,2013,2010
"[878, 9648, 53]",619730,Don't Worry Darling,en,Don't Worry Darling,"Alice and Jack are lucky to be living in the idealized community of Victory, the experimental company town housing the men who work for the top-secret Victory Project and their families. But when cracks in their idyllic life begin to appear, exposing flashes of something much more sinister lurking beneath the attractive façade, Alice can’t help questioning exactly what they’re doing in Victory, and why.",5.9278,2022-09-21,6.771,2910,2022,2020
[18],10637,Remember the Titans,en,Remember the Titans,"After leading his football team to 15 winning seasons, coach Bill Yoast is demoted and replaced by Herman Boone – tough, opinionated and as different from the beloved Yoast as he could be. The two men learn to overcome their differences and turn a group of hostile young men into champions.",5.831,2000-09-29,7.639,2908,2000,2000
"[28, 80, 53]",944,Lethal Weapon 4,en,Lethal Weapon 4,"With personal crises and age weighing in on them, Riggs and Murtaugh must contend with deadly Chinese triads trying to free their former leaders from prison and onto American soil.",7.2351,1998-07-10,6.6,2907,1998,1990
[18],599,Sunset Boulevard,en,Sunset Boulevard,A hack screenwriter writes a screenplay for a former silent film star who has faded into Hollywood obscurity.,9.1253,1950-08-10,8.279,2907,1950,1950
"[18, 53]",210479,Locke,en,Locke,"Ivan Locke has worked hard to craft a good life for himself. Tonight, that life will collapse around him. On the eve of the biggest challenge of his career, Ivan receives a phone call that sets in motion a series of events that will unravel his family, job, and soul.",3.3784,2014-04-10,6.894,2905,2014,2010
"[16, 12, 10751, 14]",116711,Epic,en,Epic,A teenager finds herself transported to a deep forest setting where a battle between the forces of good and the forces of evil is taking place. She bands together with a rag-tag group characters in order to save their world—and ours.,6.7904,2013-05-15,6.548,2905,2013,2010
"[28, 53, 80]",379149,The Foreigner,en,The Foreigner,Quan is a humble London businessman whose long-buried past erupts in a revenge-fueled vendetta when the only person left for him to love – his teenage daughter – dies in an Irish Republican Army car bombing. His relentless search to find the terrorists leads to a cat-and-mouse conflict with a British government official whose own past may hold the clues to the identities of the elusive killers.,7.62,2017-09-28,6.97,2903,2017,2010
"[12, 10752, 36, 28, 18]",9477,King Arthur,en,King Arthur,"The story of the Arthurian legend, based on the 'Sarmatian hypothesis' which contends that the legend has a historical nucleus in the Sarmatian heavy cavalry troops stationed in Britain, and that the Roman-British military commander, Lucius Artorius Castus is the historical person behind the legend.",6.3244,2004-07-07,6.3,2902,2004,2000
"[18, 10749]",531428,Portrait of a Lady on Fire,fr,Portrait de la jeune fille en feu,"On an isolated island in Brittany at the end of the eighteenth century, a female painter is obliged to paint a wedding portrait of a young woman.",8.4115,2019-09-06,8.095,2900,2019,2010
"[27, 80, 18]",452507,1922,en,1922,"A simple yet proud rancher conspires to murder his wife for financial gain, convincing his teenage son to participate.",4.2444,2017-10-20,5.944,2899,2017,2010
"[9648, 12, 35]",11024,Scooby-Doo 2: Monsters Unleashed,en,Scooby-Doo 2: Monsters Unleashed,"A masked villain wreaks mayhem on the city of Coolsville with a monster machine that creates real-life versions of Mystery Inc.'s former foes like The 10,000 Volt Ghost, The Cotton Candy Glob, The Skelemen and The Pterodactyl Ghost. Fred, Daphne, Shaggy, Velma and Scooby-Doo launch an investigation into the monster outbreak that leaves Shaggy and Scooby questioning their roles in Mystery Inc. Eager to prove their detective skills, the ever-ravenous duo comes up with a secret plan to solve the mystery all by themselves. Can the gang unravel their most challenging case?",4.5208,2004-03-24,6.091,2896,2004,2000
"[27, 9648, 53]",23437,A Nightmare on Elm Street,en,A Nightmare on Elm Street,"Teenagers Nancy, Quentin, Kris, Jesse and Dean are all neighborhood friends who begin having the same dream of a horribly disfigured man who wears a tattered sweater and a glove made of knives. The man terrorizes them in their dreams, and the only escape is to wake up. But when, one by one, they start dying violently, the friends realize that what happens in the dream world is real, and the only way to stay alive is to stay awake.",5.4901,2010-04-30,5.525,2892,2010,2010
"[18, 53, 9648]",49517,Tinker Tailor Soldier Spy,en,Tinker Tailor Soldier Spy,"George Smiley, the aging master spy of the Cold War and once heir apparent to Control, is brought back out of retirement to flush out a top level mole within the Circus. Smiley must travel back through his life and murky workings of the Circus to unravel the net spun by his nemesis Karla 'The Sandman' of the KGB and reveal the identity of the mole before he disappears.",5.4961,2011-09-16,6.626,2890,2011,2010
"[18, 53]",55,Amores Perros,es,Amores perros,"A fatalistic car crash in Mexico city sets off a chain of events in the lives of three people: a supermodel, a young man wanting to run off with his sister-in-law, and a homeless man.",4.9178,2000-06-16,7.634,2891,2000,2000
"[12, 35, 10751, 14]",420814,Christopher Robin,en,Christopher Robin,"Christopher Robin, the boy who had countless adventures in the Hundred Acre Wood, has grown up and lost his way. Now it’s up to his spirited and loveable stuffed animals, Winnie The Pooh, Tigger, Piglet, and the rest of the gang, to rekindle their friendship and remind him of endless days of childlike wonder and make-believe, when doing nothing was the very best something.",5.4266,2018-08-01,7.303,2886,2018,2010
[35],257091,Get Hard,en,Get Hard,"When millionaire hedge fund manager James is convicted of fraud and sentenced to a stretch in San Quentin, the judge gives him one month to get his affairs in order. Knowing that he won't survive more than a few minutes in prison on his own, James desperately turns to Darnell-- a black businessman who's never even had a parking ticket -- for help. As Darnell puts James through the wringer, both learn that they were wrong about many things, including each other.",3.8424,2015-03-26,6.023,2885,2015,2010
"[35, 80, 18]",1574,Chicago,en,Chicago,Murderesses Velma Kelly and Roxie Hart find themselves on death row together and fight for the fame that will keep them from the gallows in 1920s Chicago.,5.2764,2002-12-10,7.125,2884,2002,2000
"[27, 53]",610253,Halloween Kills,en,Halloween Kills,"Michael manages to free himself from Laurie Strode's trap to resume his ritual bloodbath. As she fights for her life from injuries from their last encounter, she inspires her daughter Karen, her granddaughter Allyson, and all of Haddonfield to rise up against the unstoppable monster.",6.4872,2021-10-14,6.416,2884,2021,2020
"[18, 35, 53]",930564,Saltburn,en,Saltburn,"Struggling to find his place at Oxford University, student Oliver Quick finds himself drawn into the world of the charming and aristocratic Felix Catton, who invites him to Saltburn, his eccentric family's sprawling estate, for a summer never to be forgotten.",7.8633,2023-11-16,6.957,2881,2023,2020
"[12, 28, 14]",8009,Highlander,en,Highlander,He fought his first battle on the Scottish Highlands in 1536. He will fight his greatest battle on the streets of New York City in 1986. His name is Connor MacLeod. He is immortal.,8.6557,1986-03-07,6.9,2879,1986,1980
"[35, 27, 14]",928,Gremlins 2: The New Batch,en,Gremlins 2: The New Batch,"Young sweethearts Billy and Kate move to the Big Apple, land jobs in a high-tech office park and soon reunite with the friendly and lovable Gizmo. But a series of accidents creates a whole new generation of Gremlins. The situation worsens when the devilish green creatures invade a top-secret laboratory and develop genetically altered powers, making them even harder to destroy!",6.5788,1990-06-15,6.5,2875,1990,1990
"[18, 80, 53]",889737,Joker: Folie à Deux,en,Joker: Folie à Deux,"While struggling with his dual identity, Arthur Fleck not only stumbles upon true love, but also finds the music that's always been inside him.",10.7998,2024-10-01,5.401,2875,2024,2020
"[878, 18]",13363,The Man from Earth,en,The Man from Earth,"A departing professor gathers his closest colleagues for an intimate farewell, but the night takes an unexpected turn when he shares a stunning secret about his past. As the conversation unfolds, skepticism and curiosity collide, challenging everything they thought they knew about history, science, and belief.",5.1639,2007-06-10,7.623,2873,2007,2000
[27],9373,The Texas Chainsaw Massacre,en,The Texas Chainsaw Massacre,"After picking up a traumatized young hitchhiker, five friends find themselves stalked and hunted by a chainsaw-wielding killer and his family of equally psychopathic killers.",7.667,2003-05-21,6.302,2874,2003,2000
"[35, 10749]",8874,My Best Friend's Wedding,en,My Best Friend's Wedding,"When she receives word that her longtime platonic pal Michael O'Neal is getting married to debutante Kimberly Wallace, food critic Julianne Potter realizes her true feelings for Michael -- and sets out to sabotage the wedding.",5.2165,1997-06-19,6.566,2868,1997,1990
"[12, 14, 9648]",8054,The Imaginarium of Doctor Parnassus,en,The Imaginarium of Doctor Parnassus,"After a carnival troupe saves his life, a man agrees to help its immortal leader collect five souls and win a bet with the devil.",4.557,2009-10-01,6.385,2865,2009,2000
"[35, 10749]",459992,Long Shot,en,Long Shot,"Journalist Fred Flarsky reunites with his childhood crush, Charlotte Field, now one of the most influential women in the world. As she prepares to make a run for the Presidency, Charlotte hires Fred as her speechwriter — much to the dismay of her trusted advisers.",3.8466,2019-05-02,6.709,2863,2019,2010
"[10749, 14, 18]",38117,Beastly,en,Beastly,"A modern-day take on the ""Beauty and the Beast"" tale where a New York teen is transformed into a hideous monster in order to find true love.",4.7703,2011-01-21,6.307,2856,2011,2010
"[28, 53, 80]",697843,Extraction 2,en,Extraction 2,"Back from the brink of death, highly skilled commando Tyler Rake takes on another dangerous mission: saving the imprisoned family of a ruthless gangster.",9.9226,2023-06-09,7.384,2856,2023,2020
"[53, 18]",568091,Fractured,en,Fractured,"Driving cross-country, Ray and his wife and daughter stop at a highway rest area where his daughter falls and breaks her arm. After a frantic rush to the hospital and a clash with the check-in nurse, Ray is finally able to get her to a doctor. While the wife and daughter go downstairs for an MRI, Ray, exhausted, passes out in a chair in the lobby. Upon waking up, they have no record or knowledge of Ray's family ever being checked in.",5.4044,2019-09-22,6.754,2855,2019,2010
"[53, 27, 18]",546121,Run,en,Run,"Chloe, a teenager who is confined to a wheelchair, is homeschooled by her mother, Diane. Chloe soon becomes suspicious of her mother and begins to suspect that she may be harboring a dark secret.",4.7841,2020-11-20,7.222,2855,2020,2020
"[10749, 18]",762975,Purple Hearts,en,Purple Hearts,"An aspiring musician agrees to a marriage of convenience with a soon-to-deploy Marine, but a tragedy soon turns their fake relationship all too real.",8.9026,2022-07-29,8.047,2850,2022,2020
"[18, 28]",677179,Creed III,en,Creed III,"After dominating the boxing world, Adonis Creed has thrived in his career and family life. When a childhood friend and former boxing prodigy, Damian Anderson, resurfaces after serving a long sentence in prison, he is eager to prove that he deserves his shot in the ring. The face-off between former friends is more than just a fight. To settle the score, Adonis must put his future on the line to battle Damian — a fighter with nothing to lose.",9.6993,2023-03-01,7.079,2843,2023,2020
"[27, 53]",403119,47 Meters Down,en,47 Meters Down,"Two sisters on Mexican vacation are trapped in a shark observation cage at the bottom of the ocean, with oxygen running low and great whites circling nearby, they have less than an hour of air left to figure out how to get to the surface.",5.3361,2017-05-25,5.805,2840,2017,2010
"[53, 27]",306947,The Invitation,en,The Invitation,"Will and his new girlfriend Kira are invited to a dinner with old friends at the house of Will’s ex Eden and her new partner David. Although the evening appears to be relaxed, Will soon gets a creeping suspicion that their charming host David is up to something.",4.2827,2016-04-08,6.43,2839,2016,2010
[18],595,To Kill a Mockingbird,en,To Kill a Mockingbird,"Scout Finch, 6, and her older brother Jem live in sleepy Maycomb, Alabama, spending much of their time with their friend Dill and spying on their reclusive and mysterious neighbor, Boo Radley. When Atticus, their widowed father and a respected lawyer, defends a black man named Tom Robinson against fabricated rape charges, the trial and tangent events expose the children to evils of racism and stereotyping.",6.1715,1962-12-20,7.995,2839,1962,1960
[18],265177,Mommy,fr,Mommy,"A peculiar neighbor offers hope to a recent widow who is struggling to raise a teenager who is unpredictable and, sometimes, violent.",5.0721,2014-09-19,8.208,2838,2014,2010
[18],451915,Beautiful Boy,en,Beautiful Boy,"After he and his first wife separate, journalist David Sheff struggles to help their teenage son, who goes from experimenting with drugs to becoming devastatingly addicted to methamphetamine.",4.9248,2018-10-12,7.5,2837,2018,2010
"[28, 53, 80, 18]",62835,Colombiana,en,Colombiana,"After witnessing her parents’ murder as a child in Bogota, Cataleya Restrepo grows up to be a stone-cold assassin. She works for her uncle as a hitman by day, but her personal time is spent engaging in vigilante murders that she hopes will lead her to her ultimate target: the mobster responsible for her parents' death.",11.469,2011-07-27,6.637,2837,2011,2010
[18],11005,Awakenings,en,Awakenings,"Dr. Malcolm Sayer, a shy research physician, uses an experimental drug to ""awaken"" the catatonic victims of a rare disease. Leonard is the first patient to receive the controversial treatment. His awakening, filled with awe and enthusiasm, proves a rebirth for Sayer too, as the exuberant patient reveals life's simple but unutterably sweet pleasures to the introverted doctor.",5.193,1990-12-04,7.775,2836,1990,1990
"[27, 9648]",417384,Scary Stories to Tell in the Dark,en,Scary Stories to Tell in the Dark,"Mill Valley, Pennsylvania, Halloween night, 1968. After playing a joke on a school bully, Stella and her friends decide to sneak into a supposedly haunted house that once belonged to the powerful Bellows family, unleashing dark forces that they will be unable to control.",5.475,2019-08-08,6.487,2836,2019,2010
"[27, 53]",13207,Friday the 13th,en,Friday the 13th,A group of young adults visit a boarded up campsite named Crystal Lake where they soon encounter the mysterious Jason Voorhees and his deadly intentions.,6.1515,2009-02-11,5.775,2835,2009,2000
"[27, 53]",9003,Hellraiser,en,Hellraiser,A hedonistic man finds a mysterious puzzle box that summons a group of gruesome beings known as the Cenobites. These otherworldly entities open the doors to a dominion where pain and pleasure are indivisible.,5.7555,1987-09-11,6.876,2835,1987,1980
"[9648, 53, 18]",25376,The Secret in Their Eyes,es,El secreto de sus ojos,"Hoping to put to rest years of unease concerning a past case, retired criminal investigator Benjamín begins writing a novel based on the unsolved mystery of a newlywed’s rape and murder. With the help of a former colleague, judge Irene, he attempts to make sense of the past.",4.7645,2009-08-13,7.97,2833,2009,2000
"[28, 14, 27]",22894,Legion,en,Legion,"When God loses faith in humankind, he sends his legion of angels to bring on the Apocalypse. Humanity's only hope for survival lies in a group of strangers trapped in an out-of-the-way, desert diner with the Archangel Michael.",8.2632,2010-01-21,5.893,2833,2010,2010
"[53, 80, 18]",521,Dial M for Murder,en,Dial M for Murder,"When her American lover visits London, a wealthy woman’s jealous husband hatches a plan to murder her and inherit her fortune.",4.2188,1954-05-29,7.999,2833,1954,1950
[35],740985,Borat Subsequent Moviefilm: Delivery of Prodigious Bribe to American Regime for Make Benefit Once Glorious Nation of Kazakhstan,en,Borat Subsequent Moviefilm: Delivery of Prodigious Bribe to American Regime for Make Benefit Once Glorious Nation of Kazakhstan,"14 years after making a film about his journey across the USA, Borat risks life and limb when he returns to the United States with his young daughter, and reveals more about the culture, the COVID-19 pandemic, and the political elections.",6.3715,2020-10-23,6.432,2831,2020,2020
"[35, 27]",535581,The Dead Don't Die,en,The Dead Don't Die,"In the sleepy town of Centerville, the lives of a number of interconnected characters are disrupted by the undead.",3.6464,2019-05-15,5.431,2831,2019,2010
"[14, 12, 10751, 28]",266647,Pan,en,Pan,"Living a bleak existence at a London orphanage, 12-year-old Peter finds himself whisked away to the fantastical world of Neverland. Adventure awaits as he meets new friend James Hook and the warrior Tiger Lily. They must band together to save Neverland from the ruthless pirate Blackbeard. Along the way, the rebellious and mischievous boy discovers his true destiny, becoming the hero forever known as Peter Pan.",5.1939,2015-09-24,5.955,2831,2015,2010
[35],505600,Booksmart,en,Booksmart,"Two academic teenage superstars realize, on the eve of their high school graduation, that they should have worked less and played more. Determined to never fall short of their peers, the girls set out on a mission to cram four years of fun into one night.",4.9753,2019-05-24,7.011,2827,2019,2010
"[35, 18]",497828,Triangle of Sadness,en,Triangle of Sadness,"A celebrity model couple are invited on a luxury cruise for the uber-rich, helmed by an unhinged, alcoholic captain. What first appears Instagrammable ends catastrophically, leaving the survivors stranded on a desert island in a struggle of hierarchy.",4.5372,2022-09-18,7.016,2828,2022,2020
"[28, 80, 18, 36, 53]",388399,Patriots Day,en,Patriots Day,"In the aftermath of an unspeakable act of terror, Police Sergeant Tommy Saunders joins courageous survivors, first responders and investigators in a race against the clock to hunt down the Boston Marathon bombers before they strike again.",5.8117,2016-12-12,7.068,2826,2016,2010
"[18, 37, 10749, 10752]",4476,Legends of the Fall,en,Legends of the Fall,"In early 20th-century Montana, Col. William Ludlow lives on a ranch in the wilderness with his sons, Alfred, Tristan, and Samuel. Eventually, the unconventional but close-knit family are bound by loyalty, tested by war, and torn apart by love, as told over the course of several decades in this epic saga.",7.8314,1994-12-23,7.4,2823,1994,1990
"[18, 36]",614917,King Richard,en,King Richard,"The story of how Richard Williams served as a coach to his daughters Venus and Serena, who will soon become two of the most legendary tennis players in history.",5.1874,2021-11-18,7.6,2822,2021,2020
"[878, 53]",227719,Project Almanac,en,Project Almanac,"A group of teens discover secret plans of a time machine, and construct one. However, things start to get out of control.",5.3434,2015-01-28,6.78,2822,2015,2010
"[18, 80]",1607,A Bronx Tale,en,A Bronx Tale,"Set in the Bronx during the tumultuous 1960s, an adolescent boy is torn between his honest, working-class father and a violent yet charismatic crime boss. Complicating matters is the youngster's growing attraction - forbidden in his neighborhood - for a beautiful black girl.",9.3238,1993-10-01,7.875,2821,1993,1990
"[878, 53, 16]",4977,Paprika,ja,パプリカ,"When a machine that allows therapists to enter their patient's dreams is stolen, all hell breaks loose. Only a young female therapist can stop it and recover it before damage is done: Paprika.",8.3036,2006-10-01,7.813,2821,2006,2000
[35],5,Four Rooms,en,Four Rooms,It's Ted the Bellhop's first night on the job...and the hotel's very unusual guests are about to place him in some outrageous predicaments. It seems that this evening's room service is serving up one unbelievable happening after another.,3.6898,1995-12-09,5.896,2820,1995,1990
"[10751, 12, 14, 18]",8204,The Spiderwick Chronicles,en,The Spiderwick Chronicles,"Upon moving into the run-down Spiderwick Estate with their mother, twin brothers Jared and Simon Grace, along with their sister Mallory, find themselves pulled into an alternate world full of faeries and other creatures.",7.1335,2008-02-14,6.685,2819,2008,2000
"[10751, 18, 10402]",5123,August Rush,en,August Rush,"Lyla and Louis, a singer and a musician, fall in love, but are soon compelled to separate. Lyla is forced to give up her newborn but unknown to her, he grows up to become a musical genius.",4.876,2007-11-21,7.41,2818,2007,2000
"[18, 27, 53]",17609,Antichrist,en,Antichrist,"A grieving couple retreats to their cabin 'Eden' in the woods, hoping to repair their broken hearts and troubled marriage. But nature takes its course and things go from bad to worse.",6.4412,2009-05-20,6.628,2817,2009,2000
"[18, 10402]",502033,Sound of Metal,en,Sound of Metal,"Metal drummer Ruben begins to lose his hearing. When a doctor tells him his condition will worsen, he thinks his career and life is over. His girlfriend Lou checks the former addict into a rehab for the deaf hoping it will prevent a relapse and help him adapt to his new life. After being welcomed and accepted just as he is, Ruben must choose between his new normal and the life he once knew.",3.9316,2020-11-20,7.698,2816,2020,2020
"[12, 18, 10752]",5925,The Great Escape,en,The Great Escape,"The Nazis, exasperated at the number of escapes from their prison camps by a relatively small number of Allied prisoners, relocate them to a high-security 'escape-proof' camp to sit out the remainder of the war. Undaunted, the prisoners plan one of the most ambitious escape attempts of World War II. Based on a true story.",7.0967,1963-07-03,7.928,2814,1963,1960
"[10749, 35]",9767,The Break-Up,en,The Break-Up,"Pushed to the breaking-up point after their latest 'why can't you do this one little thing for me?' argument, Brooke calls it quits with her boyfriend Gary. What follows is a hilarious series of remedies, war tactics, overtures and undermining tricks – all encouraged by the former couple's friends and confidantes …and the occasional total stranger! When neither ex is willing to move out of their shared apartment, the only solution is to continue living as hostile roommates until one of them reaches breaking point.",5.9775,2006-06-01,5.898,2811,2006,2000
"[14, 35, 12]",1832,Dogma,en,Dogma,An abortion clinic worker with a special heritage is called upon to save the existence of humanity from being negated by two renegade angels trying to exploit a loophole and reenter Heaven.,6.7484,1999-10-04,6.926,2813,1999,1990
"[28, 12, 878]",700391,65,en,65,"65 million years ago, the only 2 survivors of a spaceship from Somaris that crash-landed on Earth, must fend off dinosaurs to reach the escape vessel in time before an imminent asteroid strike threatens to destroy the planet.",9.5161,2023-03-02,5.949,2810,2023,2020
[27],6466,Freddy vs. Jason,en,Freddy vs. Jason,"Freddy Krueger and Jason Voorhees return to terrorize the teenagers of Elm Street. Only this time, they're out to get each other, too.",7.5853,2003-08-15,6.083,2809,2003,2000
"[35, 18, 10749]",339397,Café Society,en,Café Society,"The story of a young man who arrives in Hollywood during the 1930s hoping to work in the film industry, falls in love, and finds himself swept up in the vibrant café society that defined the spirit of the age.",3.9928,2016-05-11,6.44,2807,2016,2010
"[878, 53]",505948,I Am Mother,en,I Am Mother,"A teenage girl is raised underground by a robot ""Mother"", designed to repopulate the earth following an extinction event. But their unique bond is threatened when an inexplicable stranger arrives with alarming news.",4.8722,2019-06-07,6.715,2802,2019,2010
"[18, 35]",705861,Hustle,en,Hustle,"After discovering a once-in-a-lifetime player with a rocky past abroad, a down on his luck basketball scout takes it upon himself to bring the phenom to the States without his team's approval. Against the odds, they have one final shot to prove they have what it takes to make it in the NBA.",4.8262,2022-06-03,7.705,2799,2022,2020
"[28, 53, 878]",865,The Running Man,en,The Running Man,"By 2017, the global economy has collapsed and U.S. society has become a totalitarian police state, censoring all cultural activity. The government pacifies the populace by broadcasting a number of game shows in which convicted criminals fight for their lives, including the gladiator-style The Running Man, hosted by the ruthless Damon Killian, where “runners” attempt to evade “stalkers” and certain death for a chance to be pardoned and set free.",7.5823,1987-11-13,6.54,2800,1987,1980
[18],393457,Fences,en,Fences,"In 1950s Pittsburgh, a frustrated African-American father struggles with the constraints of poverty, racism, and his own inner demons as he tries to raise a family.",4.7491,2016-12-16,6.881,2796,2016,2010
"[28, 35, 80]",96,Beverly Hills Cop II,en,Beverly Hills Cop II,"Axel Foley returns to the land of sunshine and palm trees to investigate the near-fatal shooting of police Captain Andrew Bogomil. With the help of Sgt. Taggart and Det. Rosewood, they soon uncover that the shooting is associated with a series of ""alphabet"" robberies masterminded by a heartless weapons kingpin—and the chase is on.",6.8693,1987-05-18,6.524,2797,1987,1980
"[18, 80, 53]",602269,The Little Things,en,The Little Things,"Deputy Sheriff Joe ""Deke"" Deacon joins forces with Sgt. Jim Baxter to search for a serial killer who's terrorizing Los Angeles. As they track the culprit, Baxter is unaware that the investigation is dredging up echoes of Deke's past, uncovering disturbing secrets that could threaten more than his case.",7.0788,2021-01-28,6.344,2796,2021,2020
"[9648, 53, 80]",945729,A Haunting in Venice,en,A Haunting in Venice,"Celebrated sleuth Hercule Poirot, now retired and living in self-imposed exile in Venice, reluctantly attends a Halloween séance at a decaying, haunted palazzo. When one of the guests is murdered, the detective is thrust into a sinister world of shadows and secrets.",6.4475,2023-09-13,6.575,2792,2023,2020
[35],109443,Anchorman 2: The Legend Continues,en,Anchorman 2: The Legend Continues,"With the 70s behind him, San Diego's top rated newsman, Ron Burgundy, returns to take New York's first 24-hour news channel by storm.",3.9927,2013-12-18,6.143,2791,2013,2010
"[53, 27]",482373,Don't Breathe 2,en,Don't Breathe 2,"The Blind Man has been hiding out for several years in an isolated cabin and has taken in and raised a young girl orphaned from a devastating house fire. Their quiet life together is shattered when a group of criminals kidnap the girl, forcing the Blind Man to leave his safe haven to save her.",5.0922,2021-08-12,7.004,2790,2021,2020
"[28, 53, 80]",49527,Man on a Ledge,en,Man on a Ledge,"An ex-cop turned con threatens to jump to his death from a Manhattan hotel rooftop. The NYPD dispatch a female police psychologist to talk him down. However, unbeknownst to the police on the scene, the suicide attempt is a cover for the biggest diamond heist ever pulled.",4.9786,2012-01-13,6.4,2785,2012,2010
"[14, 28, 18]",37958,Immortals,en,Immortals,"Theseus is a mortal man chosen by Zeus to lead the fight against the ruthless King Hyperion, who is on a rampage across Greece to obtain a weapon that can destroy humanity.",6.4551,2011-11-10,6.043,2785,2011,2010
"[10749, 35]",384677,Set It Up,en,Set It Up,Two overworked and underpaid assistants come up with a plan to get their bosses off their backs by setting them up with each other.,4.2041,2018-06-15,6.9,2784,2018,2010
"[28, 10752, 53]",840326,Sisu,fi,Sisu,"When an ex-soldier who discovers gold in the Lapland wilderness tries to take the loot into the city, German soldiers led by a brutal SS officer battle him.",11.9237,2022-09-09,7.411,2782,2022,2020
"[80, 28]",438650,Cold Pursuit,en,Cold Pursuit,"The quiet family life of Nels Coxman, a snowplow driver, is upended after his son's murder. Nels begins a vengeful hunt for Viking, the drug lord he holds responsible for the killing, eliminating Viking's associates one by one. As Nels draws closer to Viking, his actions bring even more unexpected and violent consequences, as he proves that revenge is all in the execution.",5.9633,2019-02-07,5.874,2781,2019,2010
"[28, 80, 53, 18]",395990,Death Wish,en,Death Wish,A mild-mannered father is transformed into a killing machine after his family is torn apart by a violent act.,5.6272,2018-03-01,6.226,2778,2018,2010
"[27, 9648]",574475,Final Destination Bloodlines,en,Final Destination Bloodlines,"Plagued by a violent recurring nightmare, college student Stefanie heads home to track down the one person who might be able to break the cycle and save her family from the grisly demise that inevitably awaits them all.",21.3893,2025-05-14,7.051,2775,2025,2020
"[80, 27, 53]",1032823,Trap,en,Trap,"A father and teen daughter attend a pop concert, where they realize they're at the center of a dark and sinister event.",8.0525,2024-07-31,6.2,2772,2024,2020
"[12, 27, 53]",9360,Anaconda,en,Anaconda,"A 'National Geographic' film crew is taken hostage by an insane hunter, who takes them along on his quest to capture the world's largest — and deadliest — snake.",6.8959,1997-04-11,5.267,2772,1997,1990
"[80, 53]",800158,The Killer,en,The Killer,"After a fateful miss, an assassin battles his employers, and himself, on an international manhunt he insists isn't personal.",7.1821,2023-10-25,6.586,2769,2023,2020
[35],951,Kindergarten Cop,en,Kindergarten Cop,"Hard-edged cop John Kimble gets more than he bargained for when he goes undercover as a kindergarten teacher to get the goods on a brutal drug lord while at the same time protecting the man's young son. Pitted against a class of boisterous moppets whose antics try his patience and test his mettle, Kimble may have met his match … in more ways than one.",2.4674,1990-12-21,6.118,2769,1990,1990
[27],242512,Ouija,en,Ouija,A group of friends must confront their most terrifying fears when they awaken the dark powers of an ancient spirit board.,4.0984,2014-10-24,5.134,2766,2014,2010
"[12, 28, 53]",52451,The Three Musketeers,en,The Three Musketeers,The hot-headed young D'Artagnan along with three former legendary but now down on their luck Musketeers must unite and defeat a beautiful double agent and her villainous employer from seizing the French throne and engulfing Europe in war.,5.7485,2011-08-31,5.8,2766,2011,2010
"[12, 14, 28]",9387,Conan the Barbarian,en,Conan the Barbarian,"A horde of rampaging warriors massacre the parents of young Conan and enslave the young child for years on The Wheel of Pain. As the sole survivor of the childhood massacre, Conan is released from slavery and taught the ancient arts of fighting. Transforming himself into a killing machine, Conan travels into the wilderness to seek vengeance on Thulsa Doom, the man responsible for killing his family. In the wilderness, Conan takes up with the thieves Valeria and Subotai. The group comes upon King Osric, who wants the trio of warriors to help rescue his daughter who has joined Doom in the hills.",7.0684,1982-03-16,6.801,2764,1982,1980
"[12, 35, 10751]",346648,Paddington 2,en,Paddington 2,"Paddington, now happily settled with the Browns, picks up a series of odd jobs to buy the perfect present for his Aunt Lucy, but it is stolen.",6.6576,2017-11-09,7.475,2758,2017,2010
"[18, 53]",2652,Hard Candy,en,Hard Candy,"Hayley’s a smart, charming teenage girl. Jeff’s a handsome, smooth fashion photographer. An Internet chat, a coffee shop meet-up, an impromptu fashion shoot back at Jeff’s place. Jeff thinks it’s his lucky night. He’s in for a surprise.",3.3749,2005-01-14,6.816,2756,2005,2000
"[12, 14, 10751]",10601,Peter Pan,en,Peter Pan,"In stifling Edwardian London, Wendy Darling mesmerizes her brothers every night with bedtime tales of swordplay, swashbuckling and the fearsome Captain Hook. But the children become the heroes of an even greater story, when Peter Pan flies into their nursery one night and leads them over moonlit rooftops through a galaxy of stars and to the lush jungles of Neverland.",6.05,2003-12-18,7.136,2752,2003,2000
"[16, 12, 14, 10751]",823219,Flow,lv,Straume,"A solitary cat, displaced by a great flood, finds refuge on a boat with various species and must navigate the challenges of adapting to a transformed world together.",15.5692,2024-08-29,8.087,2752,2024,2020
"[35, 80, 18]",2757,Adaptation.,en,Adaptation.,"Charlie Kaufman is a confused L.A. screenwriter overwhelmed by feelings of inadequacy, sexual frustration, self-loathing, and by the screenwriting ambitions of his freeloading twin brother Donald. While struggling to adapt ""The Orchid Thief,"" by Susan Orlean, Kaufman's life spins from pathetic to bizarre. The lives of Kaufman, Orlean's book, become strangely intertwined as each one's search for passion collides with the others'.",5.401,2002-12-06,7.34,2751,2002,2000
"[35, 12]",210860,Mortdecai,en,Mortdecai,"An art dealer, Charles Mortdecai, searches for a stolen painting rumored to contain a secret code that gains access to hidden Nazi gold.",4.4437,2015-01-21,5.519,2749,2015,2010
"[10751, 16, 12, 35]",77174,ParaNorman,en,ParaNorman,"In the town of Blithe Hollow, Norman Babcock can speak to the dead, but no one other than his eccentric new friend believes his ability is real. One day, Norman's eccentric uncle tells him of a ritual he must perform to protect the town from a curse cast by a witch centuries ago.",5.8063,2012-08-03,7.034,2750,2012,2010
"[18, 37]",4512,The Assassination of Jesse James by the Coward Robert Ford,en,The Assassination of Jesse James by the Coward Robert Ford,"Outlaw Jesse James is rumored to be the 'fastest gun in the West'. An eager recruit into James' notorious gang, Robert Ford eventually grows jealous of the famed outlaw and, when Robert and his brother sense an opportunity to kill James, their murderous action elevates their target to near mythical status.",5.8732,2007-09-20,7.06,2747,2007,2000
"[14, 28, 12]",763215,Damsel,en,Damsel,A young woman's marriage to a charming prince turns into a fierce fight for survival when she's offered up as a sacrifice to a fire-breathing dragon.,8.4632,2024-03-07,6.985,2745,2024,2020
"[12, 28, 35, 37]",8584,Shanghai Noon,en,Shanghai Noon,"Chon Wang, a clumsy imperial guard, trails Princess Pei Pei when she's kidnapped from the Forbidden City and transported to America. Wang follows her captors to Nevada, where he teams up with an unlikely partner, outcast outlaw Roy O'Bannon, and tries to spring the princess from her imprisonment.",6.1173,2000-05-26,6.414,2744,2000,2000
"[27, 9648, 18]",361292,Suspiria,en,Suspiria,"A darkness swirls at the center of a world-renowned dance company, one that will engulf the artistic director, an ambitious young dancer, and a grieving psychotherapist. Some will succumb to the nightmare. Others will finally wake up.",5.3497,2018-10-26,6.903,2743,2018,2010
"[18, 35, 10749]",80271,LOL,en,LOL,"In a world connected by YouTube, iTunes, and Facebook, Lola and her friends navigate the peer pressures of high school romance and friendship while dodging their sometimes overbearing and confused parents. When Lola's mom, Anne, ""accidentally"" reads her teenage daughter's racy journal, she realizes just how wide their communication gap has grown.",4.1563,2012-02-10,6.099,2742,2012,2010
"[35, 10749]",20048,Confessions of a Shopaholic,en,Confessions of a Shopaholic,"In the glamorous world of New York City, Rebecca Bloomwood is a fun-loving girl who is really good at shopping – a little too good, perhaps. She dreams of working for her favorite fashion magazine, but can't quite get her foot in the door – until ironically, she snags a job as an advice columnist for a financial magazine published by the same company.",3.9757,2009-02-05,6.5,2740,2009,2000
